Page title is," ""Subcatchment Minderhoutplus Val-101"," Rainfall Profile 1""",,,
Date,Time,Surface flow (Surface flow (m3/s) [pdm_surfaceflow]),Rainfall-driven baseflow (Rainfall-driven baseflow (m3/s) [pdm_baseflow]),Rainfall (Rainfall intensity (mm/hr)),
01/09/2023,00:00:00,0,0,0,0
01/09/2023,01:00:00,0,0,0,0
01/09/2023,02:00:00,0,0,0,0
01/09/2023,03:00:00,0,0,0,0
01/09/2023,04:00:00,0,0,0,0
01/09/2023,05:00:00,0,0,0.028547,0
01/09/2023,06:00:00,0,0,0.553362,0
01/09/2023,07:00:00,0,0,1.48399,0
01/09/2023,08:00:00,0,0,3.062025,0
01/09/2023,09:00:00,0,0,1.769742,0
01/09/2023,10:00:00,0,0,0.558118,0
01/09/2023,11:00:00,0,0,0.024216,0
01/09/2023,12:00:00,0,0,0,0
01/09/2023,13:00:00,0,0,0,0
01/09/2023,14:00:00,0,0,0,0
01/09/2023,15:00:00,0,0,0,0
01/09/2023,16:00:00,0,0,0,0
01/09/2023,17:00:00,0,0,0,0
01/09/2023,18:00:00,0,0,3.758694,0
01/09/2023,19:00:00,0,0,7.290004,0
01/09/2023,20:00:00,0,0,0.361303,0
01/09/2023,21:00:00,0,0,0,0
01/09/2023,22:00:00,0,0,0.247408,0
01/09/2023,23:00:00,0,0,0.012591,0
02/09/2023,00:00:00,0,0,0,0
02/09/2023,01:00:00,0,0,0,0
02/09/2023,02:00:00,0,0,0,0
02/09/2023,03:00:00,0,0,0,0
02/09/2023,04:00:00,0,0,0,0
02/09/2023,05:00:00,0,0,0,0
02/09/2023,06:00:00,0,0,0,0
02/09/2023,07:00:00,0,0,0,0
02/09/2023,08:00:00,0,0,0,0
02/09/2023,09:00:00,0,0,0,0
02/09/2023,10:00:00,0,0,0,0
02/09/2023,11:00:00,0.00243,0.000018,0,0.002448
02/09/2023,12:00:00,0.002793,0.000022,0,0.002815
02/09/2023,13:00:00,0.002717,0.000022,0,0.002739
02/09/2023,14:00:00,0.002939,0.000024,0,0.002963
02/09/2023,15:00:00,0.002858,0.000024,0,0.002882
02/09/2023,16:00:00,0.00278,0.000024,0,0.002804
02/09/2023,17:00:00,0.002704,0.000024,0,0.002728
02/09/2023,18:00:00,0.00263,0.000024,0,0.002654
02/09/2023,19:00:00,0.002558,0.000024,0,0.002582
02/09/2023,20:00:00,0.002488,0.000024,0,0.002512
02/09/2023,21:00:00,0.002419,0.000024,0,0.002443
02/09/2023,22:00:00,0.002353,0.000024,0,0.002377
02/09/2023,23:00:00,0.002289,0.000024,0,0.002313
03/09/2023,00:00:00,0.002226,0.000024,0,0.00225
03/09/2023,01:00:00,0.002165,0.000024,0,0.002189
03/09/2023,02:00:00,0.002106,0.000024,0,0.00213
03/09/2023,03:00:00,0.002048,0.000024,0,0.002072
03/09/2023,04:00:00,0.001992,0.000024,0,0.002016
03/09/2023,05:00:00,0.001937,0.000023,0,0.00196
03/09/2023,06:00:00,0.001884,0.000023,0,0.001907
03/09/2023,07:00:00,0.001833,0.000023,0,0.001856
03/09/2023,08:00:00,0.001782,0.000023,0,0.001805
03/09/2023,09:00:00,0.001734,0.000023,0,0.001757
03/09/2023,10:00:00,0.001686,0.000023,0,0.001709
03/09/2023,11:00:00,0.00164,0.000023,0,0.001663
03/09/2023,12:00:00,0.001595,0.000023,0,0.001618
03/09/2023,13:00:00,0.001551,0.000023,0,0.001574
03/09/2023,14:00:00,0.001509,0.000023,0,0.001532
03/09/2023,15:00:00,0.001467,0.000023,0,0.00149
03/09/2023,16:00:00,0.001427,0.000023,0,0.00145
03/09/2023,17:00:00,0.001388,0.000023,0,0.001411
03/09/2023,18:00:00,0.00135,0.000023,0,0.001373
03/09/2023,19:00:00,0.001313,0.000023,0,0.001336
03/09/2023,20:00:00,0.001277,0.000023,0,0.0013
03/09/2023,21:00:00,0.001242,0.000023,0,0.001265
03/09/2023,22:00:00,0.001208,0.000023,0,0.001231
03/09/2023,23:00:00,0.001175,0.000023,0,0.001198
04/09/2023,00:00:00,0.001143,0.000023,0,0.001166
04/09/2023,01:00:00,0.001112,0.000023,0,0.001135
04/09/2023,02:00:00,0.001081,0.000023,0,0.001104
04/09/2023,03:00:00,0.001051,0.000023,0,0.001074
04/09/2023,04:00:00,0.001023,0.000023,0,0.001046
04/09/2023,05:00:00,0.000995,0.000023,0,0.001018
04/09/2023,06:00:00,0.000967,0.000023,0,0.00099
04/09/2023,07:00:00,0.000941,0.000023,0,0.000964
04/09/2023,08:00:00,0.000915,0.000023,0,0.000938
04/09/2023,09:00:00,0.00089,0.000023,0,0.000913
04/09/2023,10:00:00,0.000866,0.000023,0,0.000889
04/09/2023,11:00:00,0.000842,0.000023,0,0.000865
04/09/2023,12:00:00,0.000819,0.000023,0,0.000842
04/09/2023,13:00:00,0.000796,0.000023,0,0.000819
04/09/2023,14:00:00,0.000775,0.000023,0,0.000798
04/09/2023,15:00:00,0.000753,0.000023,0,0.000776
04/09/2023,16:00:00,0.000733,0.000023,0,0.000756
04/09/2023,17:00:00,0.000713,0.000023,0,0.000736
04/09/2023,18:00:00,0.000693,0.000023,0,0.000716
04/09/2023,19:00:00,0.000674,0.000023,0,0.000697
04/09/2023,20:00:00,0.000656,0.000023,0,0.000679
04/09/2023,21:00:00,0.000638,0.000023,0,0.000661
04/09/2023,22:00:00,0.00062,0.000023,0,0.000643
04/09/2023,23:00:00,0.000603,0.000023,0,0.000626
05/09/2023,00:00:00,0.000587,0.000023,0,0.00061
05/09/2023,01:00:00,0.000571,0.000023,0,0.000594
05/09/2023,02:00:00,0.000555,0.000023,0,0.000578
05/09/2023,03:00:00,0.00054,0.000023,0,0.000563
05/09/2023,04:00:00,0.000525,0.000023,0,0.000548
05/09/2023,05:00:00,0.000511,0.000023,0,0.000534
05/09/2023,06:00:00,0.000497,0.000023,0,0.00052
05/09/2023,07:00:00,0.000483,0.000023,0,0.000506
05/09/2023,08:00:00,0.00047,0.000023,0,0.000493
05/09/2023,09:00:00,0.000457,0.000022,0,0.000479
05/09/2023,10:00:00,0.000444,0.000022,0,0.000466
05/09/2023,11:00:00,0.000432,0.000022,0,0.000454
05/09/2023,12:00:00,0.00042,0.000022,0,0.000442
05/09/2023,13:00:00,0.000409,0.000022,0,0.000431
05/09/2023,14:00:00,0.000398,0.000022,0,0.00042
05/09/2023,15:00:00,0.000387,0.000022,0,0.000409
05/09/2023,16:00:00,0.000376,0.000022,0,0.000398
05/09/2023,17:00:00,0.000366,0.000022,0,0.000388
05/09/2023,18:00:00,0.000356,0.000022,0,0.000378
05/09/2023,19:00:00,0.000346,0.000022,0,0.000368
05/09/2023,20:00:00,0.000337,0.000022,0,0.000359
05/09/2023,21:00:00,0.000327,0.000022,0,0.000349
05/09/2023,22:00:00,0.000318,0.000022,0,0.00034
05/09/2023,23:00:00,0.00031,0.000022,0,0.000332
06/09/2023,00:00:00,0.000301,0.000022,0,0.000323
06/09/2023,01:00:00,0.000293,0.000022,0,0.000315
06/09/2023,02:00:00,0.000285,0.000022,0,0.000307
06/09/2023,03:00:00,0.000277,0.000022,0,0.000299
06/09/2023,04:00:00,0.00027,0.000022,0,0.000292
06/09/2023,05:00:00,0.000262,0.000022,0,0.000284
06/09/2023,06:00:00,0.000255,0.000022,0,0.000277
06/09/2023,07:00:00,0.000248,0.000022,0,0.00027
06/09/2023,08:00:00,0.000241,0.000022,0,0.000263
06/09/2023,09:00:00,0.000235,0.000022,0,0.000257
06/09/2023,10:00:00,0.000228,0.000022,0,0.00025
06/09/2023,11:00:00,0.000222,0.000022,0,0.000244
06/09/2023,12:00:00,0.000216,0.000022,0,0.000238
06/09/2023,13:00:00,0.00021,0.000022,0,0.000232
06/09/2023,14:00:00,0.000204,0.000022,0,0.000226
06/09/2023,15:00:00,0.000199,0.000022,0,0.000221
06/09/2023,16:00:00,0.000193,0.000022,0,0.000215
06/09/2023,17:00:00,0.000188,0.000022,0,0.00021
06/09/2023,18:00:00,0.000183,0.000022,0,0.000205
06/09/2023,19:00:00,0.000178,0.000022,0,0.0002
06/09/2023,20:00:00,0.000173,0.000022,0,0.000195
06/09/2023,21:00:00,0.000168,0.000022,0,0.00019
06/09/2023,22:00:00,0.000164,0.000022,0,0.000186
06/09/2023,23:00:00,0.000159,0.000022,0,0.000181
07/09/2023,00:00:00,0.000155,0.000022,0,0.000177
07/09/2023,01:00:00,0.00015,0.000022,0,0.000172
07/09/2023,02:00:00,0.000146,0.000022,0,0.000168
07/09/2023,03:00:00,0.000142,0.000022,0,0.000164
07/09/2023,04:00:00,0.000138,0.000022,0,0.00016
07/09/2023,05:00:00,0.000135,0.000022,0,0.000157
07/09/2023,06:00:00,0.000131,0.000022,0,0.000153
07/09/2023,07:00:00,0.000127,0.000022,0,0.000149
07/09/2023,08:00:00,0.000124,0.000022,0,0.000146
07/09/2023,09:00:00,0.00012,0.000022,0,0.000142
07/09/2023,10:00:00,0.000117,0.000022,0,0.000139
07/09/2023,11:00:00,0.000114,0.000022,0,0.000136
07/09/2023,12:00:00,0.000111,0.000022,0,0.000133
07/09/2023,13:00:00,0.000108,0.000022,0,0.00013
07/09/2023,14:00:00,0.000105,0.000022,0,0.000127
07/09/2023,15:00:00,0.000102,0.000021,0,0.000123
07/09/2023,16:00:00,0.000099,0.000021,0,0.00012
07/09/2023,17:00:00,0.000096,0.000021,0,0.000117
07/09/2023,18:00:00,0.000094,0.000021,0,0.000115
07/09/2023,19:00:00,0.000091,0.000021,0,0.000112
07/09/2023,20:00:00,0.000089,0.000021,0,0.00011
07/09/2023,21:00:00,0.000086,0.000021,0,0.000107
07/09/2023,22:00:00,0.000084,0.000021,0,0.000105
07/09/2023,23:00:00,0.000082,0.000021,0,0.000103
08/09/2023,00:00:00,0.000079,0.000021,0,0.0001
08/09/2023,01:00:00,0.000077,0.000021,0,0.000098
08/09/2023,02:00:00,0.000075,0.000021,0,0.000096
08/09/2023,03:00:00,0.000073,0.000021,0,0.000094
08/09/2023,04:00:00,0.000071,0.000021,0,0.000092
08/09/2023,05:00:00,0.000069,0.000021,0,0.00009
08/09/2023,06:00:00,0.000067,0.000021,0,0.000088
08/09/2023,07:00:00,0.000065,0.000021,0,0.000086
08/09/2023,08:00:00,0.000064,0.000021,0,0.000085
08/09/2023,09:00:00,0.000062,0.000021,0,0.000083
08/09/2023,10:00:00,0.00006,0.000021,0,0.000081
08/09/2023,11:00:00,0.000059,0.000021,0,0.00008
08/09/2023,12:00:00,0.000057,0.000021,0,0.000078
08/09/2023,13:00:00,0.000055,0.000021,0,0.000076
08/09/2023,14:00:00,0.000054,0.000021,0,0.000075
08/09/2023,15:00:00,0.000052,0.000021,0,0.000073
08/09/2023,16:00:00,0.000051,0.000021,0,0.000072
08/09/2023,17:00:00,0.00005,0.000021,0,0.000071
08/09/2023,18:00:00,0.000048,0.000021,0,0.000069
08/09/2023,19:00:00,0.000047,0.000021,0,0.000068
08/09/2023,20:00:00,0.000046,0.000021,0,0.000067
08/09/2023,21:00:00,0.000044,0.000021,0,0.000065
08/09/2023,22:00:00,0.000043,0.000021,0,0.000064
08/09/2023,23:00:00,0.000042,0.000021,0,0.000063
09/09/2023,00:00:00,0.000041,0.000021,0,0.000062
09/09/2023,01:00:00,0.00004,0.000021,0,0.000061
09/09/2023,02:00:00,0.000039,0.000021,0,0.00006
09/09/2023,03:00:00,0.000038,0.000021,0,0.000059
09/09/2023,04:00:00,0.000036,0.000021,0,0.000057
09/09/2023,05:00:00,0.000035,0.000021,0,0.000056
09/09/2023,06:00:00,0.000035,0.000021,0,0.000056
09/09/2023,07:00:00,0.000034,0.000021,0,0.000055
09/09/2023,08:00:00,0.000033,0.000021,0,0.000054
09/09/2023,09:00:00,0.000032,0.000021,0,0.000053
09/09/2023,10:00:00,0.000031,0.000021,0,0.000052
09/09/2023,11:00:00,0.00003,0.000021,0,0.000051
09/09/2023,12:00:00,0.000029,0.000021,0,0.00005
09/09/2023,13:00:00,0.000028,0.000021,0,0.000049
09/09/2023,14:00:00,0.000028,0.000021,0,0.000049
09/09/2023,15:00:00,0.000027,0.000021,0,0.000048
09/09/2023,16:00:00,0.000026,0.000021,0,0.000047
09/09/2023,17:00:00,0.000025,0.000021,0,0.000046
09/09/2023,18:00:00,0.000025,0.000021,0,0.000046
09/09/2023,19:00:00,0.000024,0.000021,0,0.000045
09/09/2023,20:00:00,0.000023,0.000021,0,0.000044
09/09/2023,21:00:00,0.000023,0.000021,0,0.000044
09/09/2023,22:00:00,0.000022,0.000021,0,0.000043
09/09/2023,23:00:00,0.000022,0.000021,0,0.000043
10/09/2023,00:00:00,0.000021,0.000021,0,0.000042
10/09/2023,01:00:00,0.00002,0.00002,0,0.00004
10/09/2023,02:00:00,0.00002,0.00002,0,0.00004
10/09/2023,03:00:00,0.000019,0.00002,0,0.000039
10/09/2023,04:00:00,0.000019,0.00002,0,0.000039
10/09/2023,05:00:00,0.000018,0.00002,0,0.000038
10/09/2023,06:00:00,0.000018,0.00002,0,0.000038
10/09/2023,07:00:00,0.000017,0.00002,0,0.000037
10/09/2023,08:00:00,0.000017,0.00002,0,0.000037
10/09/2023,09:00:00,0.000016,0.00002,0,0.000036
10/09/2023,10:00:00,0.000016,0.00002,0,0.000036
10/09/2023,11:00:00,0.000015,0.00002,0,0.000035
10/09/2023,12:00:00,0.000015,0.00002,0,0.000035
10/09/2023,13:00:00,0.000015,0.00002,0,0.000035
10/09/2023,14:00:00,0.000014,0.00002,0,0.000034
10/09/2023,15:00:00,0.000014,0.00002,0,0.000034
10/09/2023,16:00:00,0.000013,0.00002,0,0.000033
10/09/2023,17:00:00,0.000013,0.00002,0,0.000033
10/09/2023,18:00:00,0.000013,0.00002,0,0.000033
10/09/2023,19:00:00,0.000012,0.00002,0,0.000032
10/09/2023,20:00:00,0.000012,0.00002,0,0.000032
10/09/2023,21:00:00,0.000012,0.00002,0,0.000032
10/09/2023,22:00:00,0.000011,0.00002,0,0.000031
10/09/2023,23:00:00,0.000011,0.00002,0,0.000031
11/09/2023,00:00:00,0.000011,0.00002,0,0.000031
11/09/2023,01:00:00,0.00001,0.00002,0,0.00003
11/09/2023,02:00:00,0.00001,0.00002,0,0.00003
11/09/2023,03:00:00,0.00001,0.00002,0,0.00003
11/09/2023,04:00:00,0.00001,0.00002,0,0.00003
11/09/2023,05:00:00,0.000009,0.00002,0,0.000029
11/09/2023,06:00:00,0.000009,0.00002,0,0.000029
11/09/2023,07:00:00,0.000009,0.00002,0,0.000029
11/09/2023,08:00:00,0.000009,0.00002,0,0.000029
11/09/2023,09:00:00,0.000008,0.00002,0,0.000028
11/09/2023,10:00:00,0.000008,0.00002,0,0.000028
11/09/2023,11:00:00,0.000008,0.00002,0,0.000028
11/09/2023,12:00:00,0.000008,0.00002,0,0.000028
11/09/2023,13:00:00,0.000007,0.00002,0,0.000027
11/09/2023,14:00:00,0.000007,0.00002,0,0.000027
11/09/2023,15:00:00,0.000007,0.00002,0,0.000027
11/09/2023,16:00:00,0.000007,0.00002,0,0.000027
11/09/2023,17:00:00,0.000007,0.00002,0,0.000027
11/09/2023,18:00:00,0.000007,0.00002,0,0.000027
11/09/2023,19:00:00,0.000006,0.00002,0,0.000026
11/09/2023,20:00:00,0.000006,0.00002,0,0.000026
11/09/2023,21:00:00,0.000006,0.00002,0,0.000026
11/09/2023,22:00:00,0.000006,0.00002,4.662683,0.000026
11/09/2023,23:00:00,0.000006,0.00002,0.237316,0.000026
12/09/2023,00:00:00,0.000006,0.00002,0,0.000026
12/09/2023,01:00:00,0.000005,0.00002,0,0.000025
12/09/2023,02:00:00,0.000005,0.00002,0,0.000025
12/09/2023,03:00:00,0.000005,0.00002,0,0.000025
12/09/2023,04:00:00,0.000005,0.00002,0,0.000025
12/09/2023,05:00:00,0.000005,0.00002,0,0.000025
12/09/2023,06:00:00,0.000005,0.00002,0,0.000025
12/09/2023,07:00:00,0.000005,0.00002,0,0.000025
12/09/2023,08:00:00,0.000004,0.00002,0,0.000024
12/09/2023,09:00:00,0.000004,0.00002,0,0.000024
12/09/2023,10:00:00,0.000004,0.00002,0,0.000024
12/09/2023,11:00:00,0.000004,0.00002,0,0.000024
12/09/2023,12:00:00,0.000004,0.00002,0,0.000024
12/09/2023,13:00:00,0.000004,0.000019,0,0.000023
12/09/2023,14:00:00,0.000004,0.000019,0,0.000023
12/09/2023,15:00:00,0.000004,0.000019,0,0.000023
12/09/2023,16:00:00,0.000004,0.000019,0,0.000023
12/09/2023,17:00:00,0.000003,0.000019,0,0.000022
12/09/2023,18:00:00,0.000003,0.000019,0,0.000022
12/09/2023,19:00:00,0.000003,0.000019,0.808833,0.000022
12/09/2023,20:00:00,0.000003,0.000019,0.49792,0.000022
12/09/2023,21:00:00,0.000003,0.000019,0.023248,0.000022
12/09/2023,22:00:00,0.000003,0.000019,2.426498,0.000022
12/09/2023,23:00:00,0.000003,0.000019,0.123503,0.000022
13/09/2023,00:00:00,0.000003,0.000019,0,0.000022
13/09/2023,01:00:00,0.000003,0.000019,0,0.000022
13/09/2023,02:00:00,0.000003,0.000019,0,0.000022
13/09/2023,03:00:00,0.000003,0.000019,0,0.000022
13/09/2023,04:00:00,0.000003,0.000019,0,0.000022
13/09/2023,05:00:00,0.000002,0.000019,0,0.000021
13/09/2023,06:00:00,0.000002,0.000019,0,0.000021
13/09/2023,07:00:00,0.000002,0.000019,0.047578,0.000021
13/09/2023,08:00:00,0.000002,0.000019,0.002421,0.000021
13/09/2023,09:00:00,0.000002,0.000019,0,0.000021
13/09/2023,10:00:00,0.000002,0.000019,0,0.000021
13/09/2023,11:00:00,0.000002,0.000019,0,0.000021
13/09/2023,12:00:00,0.000002,0.000019,0,0.000021
13/09/2023,13:00:00,0.000002,0.000019,0,0.000021
13/09/2023,14:00:00,0.000755,0.000025,0,0.00078
13/09/2023,15:00:00,0.000808,0.000025,0,0.000833
13/09/2023,16:00:00,0.000786,0.000025,0,0.000811
13/09/2023,17:00:00,0.000764,0.000025,0,0.000789
13/09/2023,18:00:00,0.000743,0.000025,0,0.000768
13/09/2023,19:00:00,0.000723,0.000025,0,0.000748
13/09/2023,20:00:00,0.000703,0.000025,0,0.000728
13/09/2023,21:00:00,0.000684,0.000025,0,0.000709
13/09/2023,22:00:00,0.000665,0.000025,0,0.00069
13/09/2023,23:00:00,0.000662,0.000025,0,0.000687
14/09/2023,00:00:00,0.000644,0.000025,0,0.000669
14/09/2023,01:00:00,0.000626,0.000025,0,0.000651
14/09/2023,02:00:00,0.000609,0.000025,0,0.000634
14/09/2023,03:00:00,0.000592,0.000025,0,0.000617
14/09/2023,04:00:00,0.000576,0.000025,0,0.000601
14/09/2023,05:00:00,0.00056,0.000025,0,0.000585
14/09/2023,06:00:00,0.000545,0.000025,0,0.00057
14/09/2023,07:00:00,0.00053,0.000025,0,0.000555
14/09/2023,08:00:00,0.000515,0.000025,0,0.00054
14/09/2023,09:00:00,0.000501,0.000025,0,0.000526
14/09/2023,10:00:00,0.000488,0.000025,0,0.000513
14/09/2023,11:00:00,0.000474,0.000025,0,0.000499
14/09/2023,12:00:00,0.000461,0.000025,0,0.000486
14/09/2023,13:00:00,0.000449,0.000025,0,0.000474
14/09/2023,14:00:00,0.000436,0.000025,0,0.000461
14/09/2023,15:00:00,0.000424,0.000025,0,0.000449
14/09/2023,16:00:00,0.000413,0.000025,0,0.000438
14/09/2023,17:00:00,0.000401,0.000025,0,0.000426
14/09/2023,18:00:00,0.00039,0.000025,0,0.000415
14/09/2023,19:00:00,0.00038,0.000025,0,0.000405
14/09/2023,20:00:00,0.000369,0.000025,0,0.000394
14/09/2023,21:00:00,0.000359,0.000025,0,0.000384
14/09/2023,22:00:00,0.000349,0.000025,0,0.000374
14/09/2023,23:00:00,0.00034,0.000025,0,0.000365
15/09/2023,00:00:00,0.00033,0.000025,0,0.000355
15/09/2023,01:00:00,0.000321,0.000025,0,0.000346
15/09/2023,02:00:00,0.000313,0.000025,0,0.000338
15/09/2023,03:00:00,0.000304,0.000025,0,0.000329
15/09/2023,04:00:00,0.000296,0.000025,0,0.000321
15/09/2023,05:00:00,0.000288,0.000025,0,0.000313
15/09/2023,06:00:00,0.00028,0.000025,0,0.000305
15/09/2023,07:00:00,0.000272,0.000025,0,0.000297
15/09/2023,08:00:00,0.000265,0.000025,0,0.00029
15/09/2023,09:00:00,0.000257,0.000025,0,0.000282
15/09/2023,10:00:00,0.00025,0.000025,0,0.000275
15/09/2023,11:00:00,0.000243,0.000025,0,0.000268
15/09/2023,12:00:00,0.000237,0.000024,0,0.000261
15/09/2023,13:00:00,0.00023,0.000024,0,0.000254
15/09/2023,14:00:00,0.000224,0.000024,0,0.000248
15/09/2023,15:00:00,0.000218,0.000024,0,0.000242
15/09/2023,16:00:00,0.000212,0.000024,0,0.000236
15/09/2023,17:00:00,0.000206,0.000024,0,0.00023
15/09/2023,18:00:00,0.0002,0.000024,0,0.000224
15/09/2023,19:00:00,0.000195,0.000024,0,0.000219
15/09/2023,20:00:00,0.00019,0.000024,0,0.000214
15/09/2023,21:00:00,0.000184,0.000024,0,0.000208
15/09/2023,22:00:00,0.000179,0.000024,0,0.000203
15/09/2023,23:00:00,0.000174,0.000024,0,0.000198
16/09/2023,00:00:00,0.00017,0.000024,0,0.000194
16/09/2023,01:00:00,0.000165,0.000024,0,0.000189
16/09/2023,02:00:00,0.00016,0.000024,0,0.000184
16/09/2023,03:00:00,0.000156,0.000024,0,0.00018
16/09/2023,04:00:00,0.000152,0.000024,0,0.000176
16/09/2023,05:00:00,0.000148,0.000024,0,0.000172
16/09/2023,06:00:00,0.000144,0.000024,0,0.000168
16/09/2023,07:00:00,0.00014,0.000024,0,0.000164
16/09/2023,08:00:00,0.000136,0.000024,0,0.00016
16/09/2023,09:00:00,0.000132,0.000024,0,0.000156
16/09/2023,10:00:00,0.000129,0.000024,0,0.000153
16/09/2023,11:00:00,0.000125,0.000024,0,0.000149
16/09/2023,12:00:00,0.000122,0.000024,0,0.000146
16/09/2023,13:00:00,0.000118,0.000024,0,0.000142
16/09/2023,14:00:00,0.000115,0.000024,0,0.000139
16/09/2023,15:00:00,0.000112,0.000024,0,0.000136
16/09/2023,16:00:00,0.000109,0.000024,0.580456,0.000133
16/09/2023,17:00:00,0.000106,0.000024,0.029543,0.00013
16/09/2023,18:00:00,0.000103,0.000024,0.047579,0.000127
16/09/2023,19:00:00,0.0001,0.000024,0.135642,0.000124
16/09/2023,20:00:00,0.000097,0.000024,0.159031,0.000121
16/09/2023,21:00:00,0.000095,0.000024,0.007749,0.000119
16/09/2023,22:00:00,0.000092,0.000024,6.442115,0.000116
16/09/2023,23:00:00,0.00009,0.000024,0.679966,0.000114
17/09/2023,00:00:00,0.000087,0.000024,0.055984,0.000111
17/09/2023,01:00:00,0.000085,0.000024,0.001937,0.000109
17/09/2023,02:00:00,0.000082,0.000024,0,0.000106
17/09/2023,03:00:00,0.00008,0.000024,1.303647,0.000104
17/09/2023,04:00:00,0.000078,0.000024,3.596671,0.000102
17/09/2023,05:00:00,0.000076,0.000024,2.863102,0.0001
17/09/2023,06:00:00,0.000074,0.000024,0.13658,0.000098
17/09/2023,07:00:00,0.000072,0.000024,0,0.000096
17/09/2023,08:00:00,0.000071,0.000024,0,0.000095
17/09/2023,09:00:00,0.00007,0.000024,0,0.000094
17/09/2023,10:00:00,0.000069,0.000024,0,0.000093
17/09/2023,11:00:00,0.000075,0.000024,0,0.000099
17/09/2023,12:00:00,0.000089,0.000024,0,0.000113
17/09/2023,13:00:00,0.000086,0.000024,0,0.00011
17/09/2023,14:00:00,0.007637,0.000081,0,0.007718
17/09/2023,15:00:00,0.00897,0.000093,0,0.009063
17/09/2023,16:00:00,0.008824,0.000093,0,0.008917
17/09/2023,17:00:00,0.008582,0.000093,0,0.008675
17/09/2023,18:00:00,0.008347,0.000093,0,0.00844
17/09/2023,19:00:00,0.011521,0.000119,0,0.01164
17/09/2023,20:00:00,0.023506,0.000212,0,0.023718
17/09/2023,21:00:00,0.035615,0.000309,0,0.035924
17/09/2023,22:00:00,0.035228,0.000313,0,0.035541
17/09/2023,23:00:00,0.034263,0.000313,0,0.034576
18/09/2023,00:00:00,0.033324,0.000313,0,0.033637
18/09/2023,01:00:00,0.032411,0.000312,0,0.032723
18/09/2023,02:00:00,0.031523,0.000312,0.066608,0.031835
18/09/2023,03:00:00,0.03066,0.000312,0.00339,0.030972
18/09/2023,04:00:00,0.02982,0.000312,0.028547,0.030132
18/09/2023,05:00:00,0.029003,0.000311,0.001453,0.029314
18/09/2023,06:00:00,0.028208,0.000311,0,0.028519
18/09/2023,07:00:00,0.027435,0.000311,0,0.027746
18/09/2023,08:00:00,0.026684,0.000311,0,0.026995
18/09/2023,09:00:00,0.025953,0.00031,0,0.026263
18/09/2023,10:00:00,0.025242,0.00031,0,0.025552
18/09/2023,11:00:00,0.02455,0.00031,0,0.02486
18/09/2023,12:00:00,0.023878,0.000309,0,0.024187
18/09/2023,13:00:00,0.023224,0.000309,0,0.023533
18/09/2023,14:00:00,0.022587,0.000309,5.442969,0.022896
18/09/2023,15:00:00,0.021969,0.000309,0.552986,0.022278
18/09/2023,16:00:00,0.021367,0.000308,0.014044,0.021675
18/09/2023,17:00:00,0.020781,0.000308,0,0.021089
18/09/2023,18:00:00,0.020422,0.00031,0,0.020732
18/09/2023,19:00:00,0.019863,0.000309,0,0.020172
18/09/2023,20:00:00,0.019342,0.000309,0,0.019651
18/09/2023,21:00:00,0.018812,0.000309,0,0.019121
18/09/2023,22:00:00,0.018297,0.000309,0,0.018606
18/09/2023,23:00:00,0.017796,0.000308,0,0.018104
19/09/2023,00:00:00,0.017308,0.000308,0,0.017616
19/09/2023,01:00:00,0.016834,0.000308,0,0.017142
19/09/2023,02:00:00,0.016373,0.000308,0,0.016681
19/09/2023,03:00:00,0.015924,0.000307,0,0.016231
19/09/2023,04:00:00,0.015488,0.000307,0,0.015795
19/09/2023,05:00:00,0.015064,0.000307,0,0.015371
19/09/2023,06:00:00,0.045398,0.00054,0,0.045938
19/09/2023,07:00:00,0.047647,0.000566,0,0.048213
19/09/2023,08:00:00,0.046342,0.000566,0,0.046908
19/09/2023,09:00:00,0.045073,0.000565,0,0.045638
19/09/2023,10:00:00,0.043838,0.000565,0,0.044403
19/09/2023,11:00:00,0.042637,0.000564,0,0.043201
19/09/2023,12:00:00,0.041469,0.000564,0,0.042033
19/09/2023,13:00:00,0.040333,0.000563,0,0.040896
19/09/2023,14:00:00,0.039228,0.000563,0,0.039791
19/09/2023,15:00:00,0.038153,0.000563,0,0.038716
19/09/2023,16:00:00,0.037108,0.000562,0,0.03767
19/09/2023,17:00:00,0.036091,0.000562,0.076126,0.036653
19/09/2023,18:00:00,0.035103,0.000561,0.032421,0.035664
19/09/2023,19:00:00,0.034141,0.000561,0.001453,0.034702
19/09/2023,20:00:00,0.033206,0.00056,0,0.033766
19/09/2023,21:00:00,0.032296,0.00056,0,0.032856
19/09/2023,22:00:00,0.031411,0.000559,0,0.03197
19/09/2023,23:00:00,0.030551,0.000559,0,0.03111
20/09/2023,00:00:00,0.029714,0.000558,0,0.030272
20/09/2023,01:00:00,0.0289,0.000558,0,0.029458
20/09/2023,02:00:00,0.028108,0.000557,0,0.028665
20/09/2023,03:00:00,0.027338,0.000557,0,0.027895
20/09/2023,04:00:00,0.026589,0.000556,0,0.027145
20/09/2023,05:00:00,0.025861,0.000556,0,0.026417
20/09/2023,06:00:00,0.025152,0.000556,0,0.025708
20/09/2023,07:00:00,0.024463,0.000555,0,0.025018
20/09/2023,08:00:00,0.023793,0.000555,0,0.024348
20/09/2023,09:00:00,0.023485,0.000557,0,0.024042
20/09/2023,10:00:00,0.022904,0.000557,0,0.023461
20/09/2023,11:00:00,0.022276,0.000556,0,0.022832
20/09/2023,12:00:00,0.021666,0.000556,0,0.022222
20/09/2023,13:00:00,0.021072,0.000555,0,0.021627
20/09/2023,14:00:00,0.020495,0.000555,0,0.02105
20/09/2023,15:00:00,0.019934,0.000554,0,0.020488
20/09/2023,16:00:00,0.019388,0.000554,0,0.019942
20/09/2023,17:00:00,0.018856,0.000554,0,0.01941
20/09/2023,18:00:00,0.01834,0.000553,0,0.018893
20/09/2023,19:00:00,0.017837,0.000553,0,0.01839
20/09/2023,20:00:00,0.017349,0.000552,0,0.017901
20/09/2023,21:00:00,0.016874,0.000552,0,0.017426
20/09/2023,22:00:00,0.016411,0.000551,0,0.016962
20/09/2023,23:00:00,0.015962,0.000551,0,0.016513
21/09/2023,00:00:00,0.015524,0.00055,0,0.016074
21/09/2023,01:00:00,0.015099,0.00055,0,0.015649
21/09/2023,02:00:00,0.014685,0.000549,0,0.015234
21/09/2023,03:00:00,0.014283,0.000549,0,0.014832
21/09/2023,04:00:00,0.013892,0.000548,0.209346,0.01444
21/09/2023,05:00:00,0.013511,0.000548,0.429343,0.014059
21/09/2023,06:00:00,0.013141,0.000548,2.029121,0.013689
21/09/2023,07:00:00,0.012781,0.000547,0.397176,0.013328
21/09/2023,08:00:00,0.012431,0.000547,0.94755,0.012978
21/09/2023,09:00:00,0.01209,0.000546,0.922907,0.012636
21/09/2023,10:00:00,0.011759,0.000546,1.909632,0.012305
21/09/2023,11:00:00,0.011437,0.000545,0.237662,0.011982
21/09/2023,12:00:00,0.011124,0.000545,0.797063,0.011669
21/09/2023,13:00:00,0.010819,0.000544,1.010798,0.011363
21/09/2023,14:00:00,0.010523,0.000544,1.904961,0.011067
21/09/2023,15:00:00,0.010234,0.000543,1.179229,0.010777
21/09/2023,16:00:00,0.009954,0.000543,0.312138,0.010497
21/09/2023,17:00:00,0.009681,0.000543,0.013076,0.010224
21/09/2023,18:00:00,0.009416,0.000542,0,0.009958
21/09/2023,19:00:00,0.009158,0.000542,0,0.0097
21/09/2023,20:00:00,0.01022,0.000551,0,0.010771
21/09/2023,21:00:00,0.012706,0.000572,0,0.013278
21/09/2023,22:00:00,0.026384,0.000678,0,0.027062
21/09/2023,23:00:00,0.028519,0.000699,0,0.029218
22/09/2023,00:00:00,0.034828,0.000752,0,0.03558
22/09/2023,01:00:00,0.04105,0.000806,0,0.041856
22/09/2023,02:00:00,0.055719,0.000926,0,0.056645
22/09/2023,03:00:00,0.056164,0.00094,0,0.057104
22/09/2023,04:00:00,0.061564,0.000992,0,0.062556
22/09/2023,05:00:00,0.06899,0.00106,0,0.07005
22/09/2023,06:00:00,0.085258,0.001197,0,0.086455
22/09/2023,07:00:00,0.094695,0.001286,0,0.095981
22/09/2023,08:00:00,0.095184,0.001308,0,0.096492
22/09/2023,09:00:00,0.092576,0.001307,0,0.093883
22/09/2023,10:00:00,0.09004,0.001306,0,0.091346
22/09/2023,11:00:00,0.087574,0.001305,0,0.088879
22/09/2023,12:00:00,0.085174,0.001304,0,0.086478
22/09/2023,13:00:00,0.082841,0.001303,0.066608,0.084144
22/09/2023,14:00:00,0.080572,0.001302,0.00339,0.081874
22/09/2023,15:00:00,0.078364,0.001301,0.447236,0.079665
22/09/2023,16:00:00,0.076217,0.0013,3.001168,0.077517
22/09/2023,17:00:00,0.074129,0.001298,0.22772,0.075427
22/09/2023,18:00:00,0.072099,0.001297,1.117207,0.073396
22/09/2023,19:00:00,0.070123,0.001296,0.056669,0.071419
22/09/2023,20:00:00,0.068202,0.001295,0,0.069497
22/09/2023,21:00:00,0.066334,0.001294,0,0.067628
22/09/2023,22:00:00,0.064517,0.001293,0,0.06581
22/09/2023,23:00:00,0.062749,0.001292,0,0.064041
23/09/2023,00:00:00,0.06103,0.001291,0,0.062321
23/09/2023,01:00:00,0.059358,0.00129,0,0.060648
23/09/2023,02:00:00,0.057732,0.001289,0,0.059021
23/09/2023,03:00:00,0.05615,0.001288,0,0.057438
23/09/2023,04:00:00,0.054612,0.001287,0,0.055899
23/09/2023,05:00:00,0.053621,0.001289,0,0.05491
23/09/2023,06:00:00,0.052152,0.001288,0,0.05344
23/09/2023,07:00:00,0.055175,0.001321,0,0.056496
23/09/2023,08:00:00,0.086235,0.001568,0,0.087803
23/09/2023,09:00:00,0.086278,0.001584,0,0.087862
23/09/2023,10:00:00,0.096733,0.001681,0,0.098414
23/09/2023,11:00:00,0.094547,0.001683,0.038065,0.09623
23/09/2023,12:00:00,0.091957,0.001681,0.001937,0.093638
23/09/2023,13:00:00,0.089438,0.00168,0,0.091118
23/09/2023,14:00:00,0.086988,0.001679,0,0.088667
23/09/2023,15:00:00,0.084605,0.001677,0,0.086282
23/09/2023,16:00:00,0.082287,0.001676,0,0.083963
23/09/2023,17:00:00,0.080032,0.001674,0,0.081706
23/09/2023,18:00:00,0.07784,0.001673,0,0.079513
23/09/2023,19:00:00,0.075707,0.001672,0,0.077379
23/09/2023,20:00:00,0.073633,0.00167,0,0.075303
23/09/2023,21:00:00,0.071616,0.001669,0,0.073285
23/09/2023,22:00:00,0.069654,0.001667,0,0.071321
23/09/2023,23:00:00,0.067746,0.001666,0,0.069412
24/09/2023,00:00:00,0.06589,0.001665,0,0.067555
24/09/2023,01:00:00,0.064085,0.001663,0,0.065748
24/09/2023,02:00:00,0.062329,0.001662,0,0.063991
24/09/2023,03:00:00,0.060723,0.001661,0,0.062384
24/09/2023,04:00:00,0.059059,0.00166,0,0.060719
24/09/2023,05:00:00,0.057441,0.001658,0,0.059099
24/09/2023,06:00:00,0.055867,0.001657,0,0.057524
24/09/2023,07:00:00,0.054337,0.001656,0,0.055993
24/09/2023,08:00:00,0.052848,0.001654,0,0.054502
24/09/2023,09:00:00,0.051401,0.001653,0,0.053054
24/09/2023,10:00:00,0.049992,0.001652,0,0.051644
24/09/2023,11:00:00,0.048623,0.00165,0,0.050273
24/09/2023,12:00:00,0.047291,0.001649,0,0.04894
24/09/2023,13:00:00,0.045995,0.001647,0,0.047642
24/09/2023,14:00:00,0.044735,0.001646,0,0.046381
24/09/2023,15:00:00,0.04351,0.001645,0,0.045155
24/09/2023,16:00:00,0.042318,0.001643,0,0.043961
24/09/2023,17:00:00,0.041158,0.001642,0,0.0428
24/09/2023,18:00:00,0.040031,0.001641,0,0.041672
24/09/2023,19:00:00,0.038934,0.001639,0,0.040573
24/09/2023,20:00:00,0.037867,0.001638,0,0.039505
24/09/2023,21:00:00,0.03683,0.001636,0,0.038466
24/09/2023,22:00:00,0.035821,0.001635,0,0.037456
24/09/2023,23:00:00,0.03484,0.001634,0,0.036474
25/09/2023,00:00:00,0.033885,0.001632,0,0.035517
25/09/2023,01:00:00,0.032957,0.001631,0,0.034588
25/09/2023,02:00:00,0.032054,0.00163,0,0.033684
25/09/2023,03:00:00,0.031176,0.001628,0,0.032804
25/09/2023,04:00:00,0.030322,0.001627,0,0.031949
25/09/2023,05:00:00,0.029491,0.001626,0,0.031117
25/09/2023,06:00:00,0.028683,0.001624,0,0.030307
25/09/2023,07:00:00,0.027897,0.001623,0,0.02952
25/09/2023,08:00:00,0.027133,0.001622,0,0.028755
25/09/2023,09:00:00,0.02639,0.00162,0,0.02801
25/09/2023,10:00:00,0.025667,0.001619,0,0.027286
25/09/2023,11:00:00,0.024964,0.001617,0,0.026581
25/09/2023,12:00:00,0.02428,0.001616,0,0.025896
25/09/2023,13:00:00,0.023615,0.001615,0,0.02523
25/09/2023,14:00:00,0.022968,0.001613,0,0.024581
25/09/2023,15:00:00,0.022339,0.001612,0,0.023951
25/09/2023,16:00:00,0.021727,0.001611,0,0.023338
25/09/2023,17:00:00,0.021131,0.001609,0,0.02274
25/09/2023,18:00:00,0.020552,0.001608,0,0.02216
25/09/2023,19:00:00,0.019989,0.001607,0,0.021596
25/09/2023,20:00:00,0.019442,0.001605,0,0.021047
25/09/2023,21:00:00,0.018909,0.001604,0,0.020513
25/09/2023,22:00:00,0.018391,0.001603,0,0.019994
25/09/2023,23:00:00,0.017887,0.001601,0,0.019488
26/09/2023,00:00:00,0.017397,0.0016,0,0.018997
26/09/2023,01:00:00,0.016921,0.001599,0,0.01852
26/09/2023,02:00:00,0.016457,0.001597,0,0.018054
26/09/2023,03:00:00,0.016006,0.001596,0,0.017602
26/09/2023,04:00:00,0.015568,0.001595,0,0.017163
26/09/2023,05:00:00,0.015141,0.001593,0,0.016734
26/09/2023,06:00:00,0.014726,0.001592,0,0.016318
26/09/2023,07:00:00,0.014323,0.001591,0,0.015914
26/09/2023,08:00:00,0.013931,0.001589,0,0.01552
26/09/2023,09:00:00,0.013549,0.001588,0,0.015137
26/09/2023,10:00:00,0.013178,0.001587,0,0.014765
26/09/2023,11:00:00,0.012817,0.001585,0,0.014402
26/09/2023,12:00:00,0.012466,0.001584,0,0.01405
26/09/2023,13:00:00,0.012124,0.001583,0,0.013707
26/09/2023,14:00:00,0.011792,0.001581,0,0.013373
26/09/2023,15:00:00,0.011469,0.00158,0,0.013049
26/09/2023,16:00:00,0.011155,0.001579,0,0.012734
26/09/2023,17:00:00,0.010849,0.001578,0,0.012427
26/09/2023,18:00:00,0.010552,0.001576,0,0.012128
26/09/2023,19:00:00,0.010263,0.001575,0,0.011838
26/09/2023,20:00:00,0.009982,0.001574,0,0.011556
26/09/2023,21:00:00,0.009708,0.001572,0,0.01128
26/09/2023,22:00:00,0.009442,0.001571,0,0.011013
26/09/2023,23:00:00,0.009184,0.00157,0,0.010754
27/09/2023,00:00:00,0.008932,0.001568,0,0.0105
27/09/2023,01:00:00,0.008687,0.001567,0,0.010254
27/09/2023,02:00:00,0.008449,0.001566,0,0.010015
27/09/2023,03:00:00,0.008218,0.001564,0,0.009782
27/09/2023,04:00:00,0.007993,0.001563,0,0.009556
27/09/2023,05:00:00,0.007774,0.001562,0,0.009336
27/09/2023,06:00:00,0.007561,0.001561,0,0.009122
27/09/2023,07:00:00,0.007354,0.001559,0,0.008913
27/09/2023,08:00:00,0.007152,0.001558,0,0.00871
27/09/2023,09:00:00,0.006956,0.001557,0,0.008513
27/09/2023,10:00:00,0.006766,0.001555,0,0.008321
27/09/2023,11:00:00,0.00658,0.001554,0,0.008134
27/09/2023,12:00:00,0.0064,0.001553,0,0.007953
27/09/2023,13:00:00,0.006225,0.001551,0,0.007776
27/09/2023,14:00:00,0.006054,0.00155,0,0.007604
27/09/2023,15:00:00,0.005888,0.001549,0,0.007437
27/09/2023,16:00:00,0.005727,0.001548,0,0.007275
27/09/2023,17:00:00,0.00557,0.001546,0,0.007116
27/09/2023,18:00:00,0.005418,0.001545,0,0.006963
27/09/2023,19:00:00,0.005269,0.001544,0,0.006813
27/09/2023,20:00:00,0.005125,0.001542,0,0.006667
27/09/2023,21:00:00,0.004984,0.001541,0,0.006525
27/09/2023,22:00:00,0.004848,0.00154,0,0.006388
27/09/2023,23:00:00,0.004715,0.001539,0,0.006254
28/09/2023,00:00:00,0.004586,0.001537,0,0.006123
28/09/2023,01:00:00,0.00446,0.001536,0,0.005996
28/09/2023,02:00:00,0.004338,0.001535,0,0.005873
28/09/2023,03:00:00,0.004219,0.001533,0,0.005752
28/09/2023,04:00:00,0.004104,0.001532,0,0.005636
28/09/2023,05:00:00,0.003991,0.001531,0,0.005522
28/09/2023,06:00:00,0.003882,0.00153,0,0.005412
28/09/2023,07:00:00,0.003776,0.001528,0,0.005304
28/09/2023,08:00:00,0.003672,0.001527,0,0.005199
28/09/2023,09:00:00,0.003571,0.001526,0,0.005097
28/09/2023,10:00:00,0.003474,0.001525,0,0.004999
28/09/2023,11:00:00,0.003378,0.001523,0,0.004901
28/09/2023,12:00:00,0.003286,0.001522,0,0.004808
28/09/2023,13:00:00,0.003196,0.001521,0,0.004717
28/09/2023,14:00:00,0.003108,0.001519,0,0.004627
28/09/2023,15:00:00,0.003023,0.001518,0,0.004541
28/09/2023,16:00:00,0.00294,0.001517,0,0.004457
28/09/2023,17:00:00,0.00286,0.001516,0,0.004376
28/09/2023,18:00:00,0.002781,0.001514,0,0.004295
28/09/2023,19:00:00,0.002705,0.001513,0,0.004218
28/09/2023,20:00:00,0.002631,0.001512,0,0.004143
28/09/2023,21:00:00,0.002559,0.001511,0,0.00407
28/09/2023,22:00:00,0.002489,0.001509,0,0.003998
28/09/2023,23:00:00,0.002421,0.001508,0,0.003929
29/09/2023,00:00:00,0.002354,0.001507,0,0.003861
29/09/2023,01:00:00,0.00229,0.001506,0,0.003796
29/09/2023,02:00:00,0.002227,0.001504,0,0.003731
29/09/2023,03:00:00,0.002166,0.001503,0,0.003669
29/09/2023,04:00:00,0.002107,0.001502,0,0.003609
29/09/2023,05:00:00,0.002049,0.001501,0,0.00355
29/09/2023,06:00:00,0.001993,0.001499,0,0.003492
29/09/2023,07:00:00,0.001938,0.001498,0,0.003436
29/09/2023,08:00:00,0.001885,0.001497,0,0.003382
29/09/2023,09:00:00,0.001834,0.001496,0,0.00333
29/09/2023,10:00:00,0.001783,0.001494,0,0.003277
29/09/2023,11:00:00,0.001735,0.001493,2.017319,0.003228
29/09/2023,12:00:00,0.001687,0.001492,0.102676,0.003179
29/09/2023,13:00:00,0.001641,0.001491,0,0.003132
29/09/2023,14:00:00,0.001596,0.001489,0,0.003085
29/09/2023,15:00:00,0.001552,0.001488,0,0.00304
29/09/2023,16:00:00,0.00151,0.001487,0,0.002997
29/09/2023,17:00:00,0.001468,0.001486,0,0.002954
29/09/2023,18:00:00,0.001428,0.001484,0,0.002912
29/09/2023,19:00:00,0.001389,0.001483,0,0.002872
29/09/2023,20:00:00,0.001351,0.001482,0,0.002833
29/09/2023,21:00:00,0.001314,0.001481,0,0.002795
29/09/2023,22:00:00,0.001278,0.00148,0,0.002758
29/09/2023,23:00:00,0.001243,0.001478,0,0.002721
30/09/2023,00:00:00,0.001209,0.001477,0,0.002686
30/09/2023,01:00:00,0.001176,0.001476,0,0.002652
30/09/2023,02:00:00,0.001143,0.001475,0,0.002618
30/09/2023,03:00:00,0.02243,0.001635,0,0.024065
30/09/2023,04:00:00,0.02272,0.001641,0,0.024361
30/09/2023,05:00:00,0.022097,0.00164,0,0.023737
30/09/2023,06:00:00,0.021492,0.001638,0,0.02313
30/09/2023,07:00:00,0.020903,0.001637,0,0.02254
30/09/2023,08:00:00,0.02033,0.001635,0,0.021965
30/09/2023,09:00:00,0.019773,0.001634,0,0.021407
30/09/2023,10:00:00,0.019232,0.001633,0,0.020865
30/09/2023,11:00:00,0.018705,0.001631,0,0.020336
30/09/2023,12:00:00,0.018192,0.00163,0,0.019822
30/09/2023,13:00:00,0.017694,0.001629,0,0.019323
30/09/2023,14:00:00,0.017209,0.001627,0,0.018836
30/09/2023,15:00:00,0.016738,0.001626,0,0.018364
30/09/2023,16:00:00,0.016279,0.001625,0,0.017904
30/09/2023,17:00:00,0.015833,0.001623,0,0.017456
30/09/2023,18:00:00,0.0154,0.001622,0,0.017022
30/09/2023,19:00:00,0.014978,0.001621,0,0.016599
30/09/2023,20:00:00,0.014567,0.001619,0,0.016186
30/09/2023,21:00:00,0.014168,0.001618,0,0.015786
30/09/2023,22:00:00,0.01378,0.001616,0,0.015396
30/09/2023,23:00:00,0.013403,0.001615,0,0.015018
01/10/2023,00:00:00,0.013035,0.001614,0,0.014649
01/10/2023,01:00:00,0.012678,0.001612,0,0.01429
01/10/2023,02:00:00,0.012331,0.001611,0,0.013942
01/10/2023,03:00:00,0.011993,0.00161,0,0.013603
01/10/2023,04:00:00,0.011665,0.001608,0,0.013273
01/10/2023,05:00:00,0.011345,0.001607,0,0.012952
01/10/2023,06:00:00,0.011034,0.001606,0,0.01264
01/10/2023,07:00:00,0.010732,0.001604,0,0.012336
01/10/2023,08:00:00,0.010438,0.001603,0,0.012041
01/10/2023,09:00:00,0.010152,0.001602,0,0.011754
01/10/2023,10:00:00,0.009874,0.0016,0,0.011474
01/10/2023,11:00:00,0.009603,0.001599,0,0.011202
01/10/2023,12:00:00,0.00934,0.001598,0,0.010938
01/10/2023,13:00:00,0.009084,0.001596,0,0.01068
01/10/2023,14:00:00,0.008836,0.001595,0,0.010431
01/10/2023,15:00:00,0.008593,0.001594,0,0.010187
01/10/2023,16:00:00,0.008358,0.001592,0,0.00995
01/10/2023,17:00:00,0.008129,0.001591,0,0.00972
01/10/2023,18:00:00,0.007906,0.00159,0,0.009496
01/10/2023,19:00:00,0.00769,0.001588,0,0.009278
01/10/2023,20:00:00,0.007479,0.001587,0,0.009066
01/10/2023,21:00:00,0.007274,0.001586,0,0.00886
01/10/2023,22:00:00,0.007075,0.001584,0,0.008659
01/10/2023,23:00:00,0.006881,0.001583,0,0.008464
02/10/2023,00:00:00,0.006693,0.001582,0,0.008275
02/10/2023,01:00:00,0.006509,0.00158,0,0.008089
02/10/2023,02:00:00,0.006331,0.001579,0,0.00791
02/10/2023,03:00:00,0.006158,0.001578,0,0.007736
02/10/2023,04:00:00,0.005989,0.001577,0,0.007566
02/10/2023,05:00:00,0.005825,0.001575,0,0.0074
02/10/2023,06:00:00,0.005665,0.001574,0,0.007239
02/10/2023,07:00:00,0.00551,0.001573,0,0.007083
02/10/2023,08:00:00,0.005359,0.001571,0,0.00693
02/10/2023,09:00:00,0.005212,0.00157,0,0.006782
02/10/2023,10:00:00,0.005069,0.001569,0,0.006638
02/10/2023,11:00:00,0.004931,0.001567,0,0.006498
02/10/2023,12:00:00,0.004795,0.001566,0,0.006361
02/10/2023,13:00:00,0.004664,0.001565,0,0.006229
02/10/2023,14:00:00,0.004536,0.001563,0,0.006099
02/10/2023,15:00:00,0.004412,0.001562,0,0.005974
02/10/2023,16:00:00,0.004291,0.001561,0,0.005852
02/10/2023,17:00:00,0.004174,0.00156,0,0.005734
02/10/2023,18:00:00,0.004059,0.001558,0,0.005617
02/10/2023,19:00:00,0.003948,0.001557,0,0.005505
02/10/2023,20:00:00,0.00384,0.001556,0,0.005396
02/10/2023,21:00:00,0.003735,0.001554,0,0.005289
02/10/2023,22:00:00,0.003632,0.001553,0,0.005185
02/10/2023,23:00:00,0.003533,0.001552,0,0.005085
03/10/2023,00:00:00,0.003436,0.00155,0,0.004986
03/10/2023,01:00:00,0.003342,0.001549,0,0.004891
03/10/2023,02:00:00,0.00325,0.001548,0,0.004798
03/10/2023,03:00:00,0.003161,0.001547,0,0.004708
03/10/2023,04:00:00,0.003075,0.001545,0,0.00462
03/10/2023,05:00:00,0.002991,0.001544,0,0.004535
03/10/2023,06:00:00,0.002909,0.001543,0,0.004452
03/10/2023,07:00:00,0.002829,0.001541,0,0.00437
03/10/2023,08:00:00,0.002751,0.00154,0,0.004291
03/10/2023,09:00:00,0.002676,0.001539,0.133224,0.004215
03/10/2023,10:00:00,0.002603,0.001538,0.092417,0.004141
03/10/2023,11:00:00,0.002531,0.001536,0.213705,0.004067
03/10/2023,12:00:00,0.002462,0.001535,0.058234,0.003997
03/10/2023,13:00:00,0.002395,0.001534,0.002421,0.003929
03/10/2023,14:00:00,0.002329,0.001533,0,0.003862
03/10/2023,15:00:00,0.002265,0.001531,0,0.003796
03/10/2023,16:00:00,0.002203,0.00153,0,0.003733
03/10/2023,17:00:00,0.002143,0.001529,0,0.003672
03/10/2023,18:00:00,0.002084,0.001527,0.31402,0.003611
03/10/2023,19:00:00,0.002027,0.001526,0.215814,0.003553
03/10/2023,20:00:00,0.001971,0.001525,0.01017,0.003496
03/10/2023,21:00:00,0.001917,0.001524,0,0.003441
03/10/2023,22:00:00,0.001865,0.001522,0,0.003387
03/10/2023,23:00:00,0.001814,0.001521,0.028543,0.003335
04/10/2023,00:00:00,0.001764,0.00152,0.001453,0.003284
04/10/2023,01:00:00,0.002909,0.001528,0,0.004437
04/10/2023,02:00:00,0.003611,0.001532,0,0.005143
04/10/2023,03:00:00,0.005534,0.001546,0,0.00708
04/10/2023,04:00:00,0.005819,0.001548,0,0.007367
04/10/2023,05:00:00,0.00566,0.001547,0,0.007207
04/10/2023,06:00:00,0.005504,0.001546,0,0.00705
04/10/2023,07:00:00,0.005354,0.001545,0,0.006899
04/10/2023,08:00:00,0.005207,0.001543,0,0.00675
04/10/2023,09:00:00,0.005064,0.001542,0,0.006606
04/10/2023,10:00:00,0.007988,0.001564,0,0.009552
04/10/2023,11:00:00,0.009838,0.001578,0,0.011416
04/10/2023,12:00:00,0.009569,0.001577,0,0.011146
04/10/2023,13:00:00,0.009306,0.001576,0,0.010882
04/10/2023,14:00:00,0.009052,0.001574,0,0.010626
04/10/2023,15:00:00,0.008929,0.001574,0,0.010503
04/10/2023,16:00:00,0.008685,0.001573,0,0.010258
04/10/2023,17:00:00,0.008447,0.001571,0,0.010018
04/10/2023,18:00:00,0.008215,0.00157,0,0.009785
04/10/2023,19:00:00,0.00799,0.001569,0,0.009559
04/10/2023,20:00:00,0.007771,0.001568,0,0.009339
04/10/2023,21:00:00,0.007559,0.001566,0,0.009125
04/10/2023,22:00:00,0.007352,0.001565,0,0.008917
04/10/2023,23:00:00,0.00715,0.001564,0,0.008714
05/10/2023,00:00:00,0.006954,0.001562,0,0.008516
05/10/2023,01:00:00,0.006764,0.001561,0,0.008325
05/10/2023,02:00:00,0.006578,0.00156,0,0.008138
05/10/2023,03:00:00,0.006398,0.001558,0,0.007956
05/10/2023,04:00:00,0.006223,0.001557,0,0.00778
05/10/2023,05:00:00,0.006052,0.001556,0,0.007608
05/10/2023,06:00:00,0.005887,0.001555,0,0.007442
05/10/2023,07:00:00,0.005725,0.001553,0,0.007278
05/10/2023,08:00:00,0.005569,0.001552,0,0.007121
05/10/2023,09:00:00,0.005416,0.001551,0,0.006967
05/10/2023,10:00:00,0.005268,0.001549,0,0.006817
05/10/2023,11:00:00,0.005123,0.001548,0,0.006671
05/10/2023,12:00:00,0.004983,0.001547,0,0.00653
05/10/2023,13:00:00,0.004846,0.001545,0,0.006391
05/10/2023,14:00:00,0.004714,0.001544,0,0.006258
05/10/2023,15:00:00,0.004585,0.001543,0,0.006128
05/10/2023,16:00:00,0.004459,0.001542,0,0.006001
05/10/2023,17:00:00,0.004337,0.00154,0,0.005877
05/10/2023,18:00:00,0.004218,0.001539,0,0.005757
05/10/2023,19:00:00,0.004102,0.001538,0,0.00564
05/10/2023,20:00:00,0.00399,0.001536,0,0.005526
05/10/2023,21:00:00,0.003881,0.001535,0,0.005416
05/10/2023,22:00:00,0.003774,0.001534,0,0.005308
05/10/2023,23:00:00,0.003671,0.001533,0,0.005204
06/10/2023,00:00:00,0.00357,0.001531,0,0.005101
06/10/2023,01:00:00,0.003473,0.00153,0,0.005003
06/10/2023,02:00:00,0.003377,0.001529,0,0.004906
06/10/2023,03:00:00,0.003285,0.001528,0,0.004813
06/10/2023,04:00:00,0.003195,0.001526,0,0.004721
06/10/2023,05:00:00,0.003107,0.001525,0,0.004632
06/10/2023,06:00:00,0.003022,0.001524,0,0.004546
06/10/2023,07:00:00,0.00294,0.001522,0,0.004462
06/10/2023,08:00:00,0.002859,0.001521,0,0.00438
06/10/2023,09:00:00,0.002781,0.00152,0,0.004301
06/10/2023,10:00:00,0.002704,0.001519,0,0.004223
06/10/2023,11:00:00,0.00263,0.001517,0,0.004147
06/10/2023,12:00:00,0.002558,0.001516,0,0.004074
06/10/2023,13:00:00,0.002488,0.001515,0,0.004003
06/10/2023,14:00:00,0.00242,0.001514,0,0.003934
06/10/2023,15:00:00,0.002354,0.001512,0,0.003866
06/10/2023,16:00:00,0.002289,0.001511,0,0.0038
06/10/2023,17:00:00,0.002227,0.00151,0,0.003737
06/10/2023,18:00:00,0.002166,0.001509,0,0.003675
06/10/2023,19:00:00,0.002106,0.001507,0,0.003613
06/10/2023,20:00:00,0.002049,0.001506,0,0.003555
06/10/2023,21:00:00,0.001992,0.001505,0,0.003497
06/10/2023,22:00:00,0.001938,0.001504,0,0.003442
06/10/2023,23:00:00,0.001885,0.001502,0,0.003387
07/10/2023,00:00:00,0.001833,0.001501,0,0.003334
07/10/2023,01:00:00,0.001783,0.0015,0,0.003283
07/10/2023,02:00:00,0.001734,0.001499,0,0.003233
07/10/2023,03:00:00,0.001687,0.001497,0,0.003184
07/10/2023,04:00:00,0.00164,0.001496,0,0.003136
07/10/2023,05:00:00,0.001595,0.001495,0,0.00309
07/10/2023,06:00:00,0.001552,0.001494,0,0.003046
07/10/2023,07:00:00,0.001509,0.001492,0,0.003001
07/10/2023,08:00:00,0.001468,0.001491,0,0.002959
07/10/2023,09:00:00,0.001428,0.00149,0,0.002918
07/10/2023,10:00:00,0.001389,0.001489,0,0.002878
07/10/2023,11:00:00,0.00135,0.001487,0,0.002837
07/10/2023,12:00:00,0.001313,0.001486,0,0.002799
07/10/2023,13:00:00,0.001278,0.001485,0,0.002763
07/10/2023,14:00:00,0.001243,0.001484,0,0.002727
07/10/2023,15:00:00,0.001208,0.001482,0,0.00269
07/10/2023,16:00:00,0.001175,0.001481,0,0.002656
07/10/2023,17:00:00,0.001143,0.00148,0,0.002623
07/10/2023,18:00:00,0.001112,0.001479,0,0.002591
07/10/2023,19:00:00,0.001081,0.001477,0,0.002558
07/10/2023,20:00:00,0.001052,0.001476,0,0.002528
07/10/2023,21:00:00,0.001023,0.001475,0,0.002498
07/10/2023,22:00:00,0.000995,0.001474,0,0.002469
07/10/2023,23:00:00,0.000968,0.001473,0,0.002441
08/10/2023,00:00:00,0.000941,0.001471,0,0.002412
08/10/2023,01:00:00,0.000915,0.00147,0,0.002385
08/10/2023,02:00:00,0.00089,0.001469,0,0.002359
08/10/2023,03:00:00,0.000866,0.001468,0,0.002334
08/10/2023,04:00:00,0.000842,0.001466,0,0.002308
08/10/2023,05:00:00,0.000819,0.001465,0,0.002284
08/10/2023,06:00:00,0.000797,0.001464,0,0.002261
08/10/2023,07:00:00,0.000775,0.001463,0,0.002238
08/10/2023,08:00:00,0.000754,0.001462,0,0.002216
08/10/2023,09:00:00,0.000733,0.00146,0,0.002193
08/10/2023,10:00:00,0.000713,0.001459,0,0.002172
08/10/2023,11:00:00,0.000693,0.001458,0,0.002151
08/10/2023,12:00:00,0.000674,0.001457,0,0.002131
08/10/2023,13:00:00,0.000656,0.001455,0,0.002111
08/10/2023,14:00:00,0.000638,0.001454,0,0.002092
08/10/2023,15:00:00,0.00062,0.001453,0,0.002073
08/10/2023,16:00:00,0.000603,0.001452,0,0.002055
08/10/2023,17:00:00,0.000587,0.001451,0,0.002038
08/10/2023,18:00:00,0.000571,0.001449,0,0.00202
08/10/2023,19:00:00,0.000555,0.001448,0,0.002003
08/10/2023,20:00:00,0.00054,0.001447,0,0.001987
08/10/2023,21:00:00,0.000525,0.001446,0,0.001971
08/10/2023,22:00:00,0.000511,0.001445,0,0.001956
08/10/2023,23:00:00,0.000497,0.001443,0,0.00194
09/10/2023,00:00:00,0.000483,0.001442,0,0.001925
09/10/2023,01:00:00,0.00047,0.001441,0,0.001911
09/10/2023,02:00:00,0.000457,0.00144,0,0.001897
09/10/2023,03:00:00,0.000445,0.001439,0,0.001884
09/10/2023,04:00:00,0.000432,0.001437,0,0.001869
09/10/2023,05:00:00,0.000421,0.001436,0,0.001857
09/10/2023,06:00:00,0.000409,0.001435,0,0.001844
09/10/2023,07:00:00,0.000398,0.001434,0,0.001832
09/10/2023,08:00:00,0.000387,0.001433,0,0.00182
09/10/2023,09:00:00,0.000376,0.001431,0,0.001807
09/10/2023,10:00:00,0.000366,0.00143,0,0.001796
09/10/2023,11:00:00,0.000356,0.001429,0,0.001785
09/10/2023,12:00:00,0.000346,0.001428,0,0.001774
09/10/2023,13:00:00,0.000337,0.001427,0,0.001764
09/10/2023,14:00:00,0.000328,0.001425,0,0.001753
09/10/2023,15:00:00,0.000319,0.001424,0,0.001743
09/10/2023,16:00:00,0.00031,0.001423,0,0.001733
09/10/2023,17:00:00,0.000301,0.001422,0,0.001723
09/10/2023,18:00:00,0.000293,0.001421,0,0.001714
09/10/2023,19:00:00,0.000285,0.00142,0,0.001705
09/10/2023,20:00:00,0.000277,0.001418,0,0.001695
09/10/2023,21:00:00,0.00027,0.001417,0,0.001687
09/10/2023,22:00:00,0.000262,0.001416,0,0.001678
09/10/2023,23:00:00,0.000255,0.001415,0,0.00167
10/10/2023,00:00:00,0.000248,0.001414,0,0.001662
10/10/2023,01:00:00,0.000241,0.001412,0,0.001653
10/10/2023,02:00:00,0.000235,0.001411,0,0.001646
10/10/2023,03:00:00,0.000228,0.00141,0,0.001638
10/10/2023,04:00:00,0.000222,0.001409,0,0.001631
10/10/2023,05:00:00,0.000216,0.001408,0,0.001624
10/10/2023,06:00:00,0.00021,0.001407,0,0.001617
10/10/2023,07:00:00,0.000204,0.001405,0,0.001609
10/10/2023,08:00:00,0.000199,0.001404,0,0.001603
10/10/2023,09:00:00,0.000193,0.001403,0,0.001596
10/10/2023,10:00:00,0.000188,0.001402,0,0.00159
10/10/2023,11:00:00,0.000183,0.001401,0,0.001584
10/10/2023,12:00:00,0.000178,0.0014,0,0.001578
10/10/2023,13:00:00,0.000173,0.001398,0,0.001571
10/10/2023,14:00:00,0.000168,0.001397,0,0.001565
10/10/2023,15:00:00,0.000164,0.001396,0,0.00156
10/10/2023,16:00:00,0.000159,0.001395,0,0.001554
10/10/2023,17:00:00,0.000155,0.001394,0,0.001549
10/10/2023,18:00:00,0.00015,0.001393,0,0.001543
10/10/2023,19:00:00,0.000146,0.001391,0,0.001537
10/10/2023,20:00:00,0.000142,0.00139,0,0.001532
10/10/2023,21:00:00,0.000138,0.001389,0,0.001527
10/10/2023,22:00:00,0.000135,0.001388,0,0.001523
10/10/2023,23:00:00,0.000131,0.001387,0,0.001518
11/10/2023,00:00:00,0.000127,0.001386,0,0.001513
11/10/2023,01:00:00,0.000124,0.001384,0,0.001508
11/10/2023,02:00:00,0.00012,0.001383,0,0.001503
11/10/2023,03:00:00,0.000117,0.001382,0,0.001499
11/10/2023,04:00:00,0.000114,0.001381,0,0.001495
11/10/2023,05:00:00,0.000111,0.00138,0,0.001491
11/10/2023,06:00:00,0.000108,0.001379,0,0.001487
11/10/2023,07:00:00,0.000105,0.001378,0,0.001483
11/10/2023,08:00:00,0.000102,0.001376,0,0.001478
11/10/2023,09:00:00,0.000099,0.001375,0,0.001474
11/10/2023,10:00:00,0.000096,0.001374,0,0.00147
11/10/2023,11:00:00,0.000094,0.001373,0,0.001467
11/10/2023,12:00:00,0.000091,0.001372,0,0.001463
11/10/2023,13:00:00,0.000089,0.001371,0,0.00146
11/10/2023,14:00:00,0.000086,0.00137,0,0.001456
11/10/2023,15:00:00,0.000084,0.001368,0,0.001452
11/10/2023,16:00:00,0.000082,0.001367,0,0.001449
11/10/2023,17:00:00,0.000079,0.001366,0,0.001445
11/10/2023,18:00:00,0.000077,0.001365,0,0.001442
11/10/2023,19:00:00,0.000075,0.001364,0,0.001439
11/10/2023,20:00:00,0.000073,0.001363,0,0.001436
11/10/2023,21:00:00,0.000071,0.001362,0,0.001433
11/10/2023,22:00:00,0.000069,0.00136,0,0.001429
11/10/2023,23:00:00,0.000067,0.001359,0,0.001426
12/10/2023,00:00:00,0.000065,0.001358,0.856414,0.001423
12/10/2023,01:00:00,0.000064,0.001357,1.214013,0.001421
12/10/2023,02:00:00,0.000062,0.001356,1.496442,0.001418
12/10/2023,03:00:00,0.00006,0.001355,0.453763,0.001415
12/10/2023,04:00:00,0.000059,0.001354,0.152588,0.001413
12/10/2023,05:00:00,0.000057,0.001353,0.044845,0.00141
12/10/2023,06:00:00,0.000055,0.001351,0.268377,0.001406
12/10/2023,07:00:00,0.000054,0.00135,0.01356,0.001404
12/10/2023,08:00:00,0.000052,0.001349,0,0.001401
12/10/2023,09:00:00,0.000051,0.001348,0,0.001399
12/10/2023,10:00:00,0.00005,0.001347,0,0.001397
12/10/2023,11:00:00,0.000048,0.001346,0.038065,0.001394
12/10/2023,12:00:00,0.000047,0.001345,0.135154,0.001392
12/10/2023,13:00:00,0.000046,0.001344,0.159033,0.00139
12/10/2023,14:00:00,0.000044,0.001342,0.007749,0.001386
12/10/2023,15:00:00,0.000043,0.001341,0,0.001384
12/10/2023,16:00:00,0.007791,0.001399,0,0.00919
12/10/2023,17:00:00,0.018979,0.001485,0,0.020464
12/10/2023,18:00:00,0.033177,0.001595,0,0.034772
12/10/2023,19:00:00,0.036842,0.001629,0,0.038471
12/10/2023,20:00:00,0.037351,0.001639,0,0.03899
12/10/2023,21:00:00,0.036735,0.001641,0,0.038376
12/10/2023,22:00:00,0.038446,0.00166,0,0.040106
12/10/2023,23:00:00,0.037467,0.001659,0,0.039126
13/10/2023,00:00:00,0.03644,0.001658,0.133216,0.038098
13/10/2023,01:00:00,0.035442,0.001656,0.120975,0.037098
13/10/2023,02:00:00,0.034471,0.001655,0.414982,0.036126
13/10/2023,03:00:00,0.033832,0.001656,1.200773,0.035488
13/10/2023,04:00:00,0.034219,0.001664,3.609404,0.035883
13/10/2023,05:00:00,0.034844,0.001675,0.209197,0.036519
13/10/2023,06:00:00,0.03389,0.001674,0.001453,0.035564
13/10/2023,07:00:00,0.032961,0.001672,0,0.034633
13/10/2023,08:00:00,0.032058,0.001671,0,0.033729
13/10/2023,09:00:00,0.03118,0.001669,0,0.032849
13/10/2023,10:00:00,0.030326,0.001668,0,0.031994
13/10/2023,11:00:00,0.029495,0.001667,0,0.031162
13/10/2023,12:00:00,0.028687,0.001665,0,0.030352
13/10/2023,13:00:00,0.027901,0.001664,0,0.029565
13/10/2023,14:00:00,0.027137,0.001662,0,0.028799
13/10/2023,15:00:00,0.026393,0.001661,0,0.028054
13/10/2023,16:00:00,0.026904,0.001669,0.057094,0.028573
13/10/2023,17:00:00,0.027276,0.001676,0.983022,0.028952
13/10/2023,18:00:00,0.030761,0.001707,0.211649,0.032468
13/10/2023,19:00:00,0.042784,0.001803,0.008233,0.044587
13/10/2023,20:00:00,0.083452,0.00212,0,0.085572
13/10/2023,21:00:00,0.083535,0.002136,0.542395,0.085671
13/10/2023,22:00:00,0.081246,0.002134,2.311371,0.08338
13/10/2023,23:00:00,0.07902,0.002132,7.224448,0.081152
14/10/2023,00:00:00,0.076856,0.002131,1.065947,0.078987
14/10/2023,01:00:00,0.07475,0.002129,0.035837,0.076879
14/10/2023,02:00:00,0.072702,0.002127,0,0.074829
14/10/2023,03:00:00,0.07071,0.002125,0,0.072835
14/10/2023,04:00:00,0.068773,0.002124,0,0.070897
14/10/2023,05:00:00,0.066889,0.002122,0,0.069011
14/10/2023,06:00:00,0.065057,0.00212,0,0.067177
14/10/2023,07:00:00,0.063275,0.002118,0,0.065393
14/10/2023,08:00:00,0.062044,0.00212,0,0.064164
14/10/2023,09:00:00,0.07235,0.00221,0.180803,0.07456
14/10/2023,10:00:00,0.072832,0.002227,0.009201,0.075059
14/10/2023,11:00:00,0.070837,0.002225,0,0.073062
14/10/2023,12:00:00,0.068897,0.002223,0,0.07112
14/10/2023,13:00:00,0.073702,0.002272,0,0.075974
14/10/2023,14:00:00,0.101943,0.0025,0,0.104443
14/10/2023,15:00:00,0.205528,0.003306,0,0.208834
14/10/2023,16:00:00,0.216807,0.003432,0,0.220239
14/10/2023,17:00:00,0.21118,0.003432,0,0.214612
14/10/2023,18:00:00,0.205395,0.003429,0,0.208824
14/10/2023,19:00:00,0.199768,0.003426,0,0.203194
14/10/2023,20:00:00,0.194295,0.003423,0,0.197718
14/10/2023,21:00:00,0.188973,0.00342,0,0.192393
14/10/2023,22:00:00,0.183796,0.003417,0,0.187213
14/10/2023,23:00:00,0.17876,0.003415,0,0.182175
15/10/2023,00:00:00,0.173863,0.003412,0.038058,0.177275
15/10/2023,01:00:00,0.171836,0.00343,0.629976,0.175266
15/10/2023,02:00:00,0.167128,0.003427,2.477497,0.170555
15/10/2023,03:00:00,0.16255,0.003424,0.124469,0.165974
15/10/2023,04:00:00,0.158096,0.003421,0,0.161517
15/10/2023,05:00:00,0.153765,0.003418,0,0.157183
15/10/2023,06:00:00,0.149553,0.003415,0,0.152968
15/10/2023,07:00:00,0.145456,0.003413,0,0.148869
15/10/2023,08:00:00,0.141471,0.00341,0.428207,0.144881
15/10/2023,09:00:00,0.137595,0.003407,0.10743,0.141002
15/10/2023,10:00:00,0.133826,0.003404,0.670455,0.13723
15/10/2023,11:00:00,0.130159,0.003401,0.290826,0.13356
15/10/2023,12:00:00,0.126594,0.003398,0.536442,0.129992
15/10/2023,13:00:00,0.123126,0.003395,0.026636,0.126521
15/10/2023,14:00:00,0.119753,0.003393,0,0.123146
15/10/2023,15:00:00,0.116472,0.00339,0,0.119862
15/10/2023,16:00:00,0.113798,0.003391,0,0.117189
15/10/2023,17:00:00,0.120898,0.003466,0,0.124364
15/10/2023,18:00:00,0.159356,0.00378,0,0.163136
15/10/2023,19:00:00,0.157017,0.003793,0,0.16081
15/10/2023,20:00:00,0.152715,0.003789,0,0.156504
15/10/2023,21:00:00,0.148532,0.003786,0,0.152318
15/10/2023,22:00:00,0.144463,0.003783,0,0.148246
15/10/2023,23:00:00,0.140505,0.00378,0,0.144285
16/10/2023,00:00:00,0.143948,0.003832,0,0.14778
16/10/2023,01:00:00,0.141712,0.003842,0,0.145554
16/10/2023,02:00:00,0.149466,0.003927,0,0.153393
16/10/2023,03:00:00,0.150353,0.003962,0,0.154315
16/10/2023,04:00:00,0.155646,0.00403,0,0.159676
16/10/2023,05:00:00,0.151656,0.004029,0,0.155685
16/10/2023,06:00:00,0.147501,0.004026,0,0.151527
16/10/2023,07:00:00,0.14346,0.004022,0,0.147482
16/10/2023,08:00:00,0.13953,0.004019,0,0.143549
16/10/2023,09:00:00,0.135707,0.004015,0,0.139722
16/10/2023,10:00:00,0.13199,0.004012,0,0.136002
16/10/2023,11:00:00,0.128374,0.004009,0,0.132383
16/10/2023,12:00:00,0.124857,0.004005,0,0.128862
16/10/2023,13:00:00,0.121436,0.004002,0,0.125438
16/10/2023,14:00:00,0.118109,0.003999,0,0.122108
16/10/2023,15:00:00,0.114874,0.003995,0,0.118869
16/10/2023,16:00:00,0.111727,0.003992,0,0.115719
16/10/2023,17:00:00,0.108666,0.003989,0,0.112655
16/10/2023,18:00:00,0.105689,0.003985,0,0.109674
16/10/2023,19:00:00,0.102794,0.003982,0,0.106776
16/10/2023,20:00:00,0.099978,0.003979,0,0.103957
16/10/2023,21:00:00,0.097239,0.003976,0,0.101215
16/10/2023,22:00:00,0.094575,0.003972,0,0.098547
16/10/2023,23:00:00,0.091984,0.003969,0,0.095953
17/10/2023,00:00:00,0.089464,0.003966,0,0.09343
17/10/2023,01:00:00,0.087013,0.003962,0,0.090975
17/10/2023,02:00:00,0.084629,0.003959,0,0.088588
17/10/2023,03:00:00,0.082311,0.003956,0,0.086267
17/10/2023,04:00:00,0.080056,0.003952,0,0.084008
17/10/2023,05:00:00,0.077863,0.003949,0,0.081812
17/10/2023,06:00:00,0.075729,0.003946,0,0.079675
17/10/2023,07:00:00,0.073655,0.003943,0,0.077598
17/10/2023,08:00:00,0.071637,0.003939,0,0.075576
17/10/2023,09:00:00,0.069674,0.003936,0,0.07361
17/10/2023,10:00:00,0.067766,0.003933,0,0.071699
17/10/2023,11:00:00,0.065909,0.003929,0,0.069838
17/10/2023,12:00:00,0.064104,0.003926,0,0.06803
17/10/2023,13:00:00,0.062347,0.003923,0,0.06627
17/10/2023,14:00:00,0.060639,0.00392,0,0.064559
17/10/2023,15:00:00,0.058978,0.003916,0,0.062894
17/10/2023,16:00:00,0.057362,0.003913,0,0.061275
17/10/2023,17:00:00,0.055791,0.00391,0,0.059701
17/10/2023,18:00:00,0.054263,0.003907,0,0.05817
17/10/2023,19:00:00,0.052776,0.003903,0,0.056679
17/10/2023,20:00:00,0.05133,0.0039,0,0.05523
17/10/2023,21:00:00,0.049924,0.003897,0,0.053821
17/10/2023,22:00:00,0.048556,0.003894,0,0.05245
17/10/2023,23:00:00,0.047226,0.00389,0,0.051116
18/10/2023,00:00:00,0.045932,0.003887,0,0.049819
18/10/2023,01:00:00,0.044674,0.003884,0,0.048558
18/10/2023,02:00:00,0.04345,0.003881,0,0.047331
18/10/2023,03:00:00,0.04226,0.003877,0,0.046137
18/10/2023,04:00:00,0.041102,0.003874,0,0.044976
18/10/2023,05:00:00,0.039976,0.003871,0,0.043847
18/10/2023,06:00:00,0.038881,0.003868,0,0.042749
18/10/2023,07:00:00,0.037816,0.003864,0,0.04168
18/10/2023,08:00:00,0.03678,0.003861,0,0.040641
18/10/2023,09:00:00,0.035772,0.003858,0,0.03963
18/10/2023,10:00:00,0.034792,0.003855,0,0.038647
18/10/2023,11:00:00,0.033839,0.003852,0,0.037691
18/10/2023,12:00:00,0.032912,0.003848,0,0.03676
18/10/2023,13:00:00,0.03201,0.003845,0,0.035855
18/10/2023,14:00:00,0.031133,0.003842,0,0.034975
18/10/2023,15:00:00,0.03028,0.003839,0,0.034119
18/10/2023,16:00:00,0.029451,0.003836,0,0.033287
18/10/2023,17:00:00,0.028644,0.003832,0.085644,0.032476
18/10/2023,18:00:00,0.027859,0.003829,1.441225,0.031688
18/10/2023,19:00:00,0.027096,0.003826,7.466815,0.030922
18/10/2023,20:00:00,0.026354,0.003823,1.775123,0.030177
18/10/2023,21:00:00,0.025632,0.00382,0.099741,0.029452
18/10/2023,22:00:00,0.02493,0.003816,0.001453,0.028746
18/10/2023,23:00:00,0.024247,0.003813,0,0.02806
19/10/2023,00:00:00,0.023582,0.00381,0,0.027392
19/10/2023,01:00:00,0.022936,0.003807,0,0.026743
19/10/2023,02:00:00,0.022308,0.003804,0,0.026112
19/10/2023,03:00:00,0.021697,0.003801,0,0.025498
19/10/2023,04:00:00,0.021102,0.003797,0,0.024899
19/10/2023,05:00:00,0.020524,0.003794,0,0.024318
19/10/2023,06:00:00,0.019962,0.003791,0,0.023753
19/10/2023,07:00:00,0.019415,0.003788,0,0.023203
19/10/2023,08:00:00,0.018883,0.003785,0,0.022668
19/10/2023,09:00:00,0.019688,0.003792,0,0.02348
19/10/2023,10:00:00,0.044657,0.003982,0,0.048639
19/10/2023,11:00:00,0.187403,0.005073,0,0.192476
19/10/2023,12:00:00,0.219062,0.005349,0.447236,0.224411
19/10/2023,13:00:00,0.214976,0.005359,0.022762,0.220335
19/10/2023,14:00:00,0.209087,0.005354,0,0.214441
19/10/2023,15:00:00,0.203359,0.00535,0,0.208709
19/10/2023,16:00:00,0.197788,0.005345,0,0.203133
19/10/2023,17:00:00,0.192369,0.005341,0,0.19771
19/10/2023,18:00:00,0.187099,0.005336,0,0.192435
19/10/2023,19:00:00,0.181973,0.005332,0,0.187305
19/10/2023,20:00:00,0.176988,0.005328,0,0.182316
19/10/2023,21:00:00,0.17214,0.005323,0,0.177463
19/10/2023,22:00:00,0.167424,0.005319,0.028551,0.172743
19/10/2023,23:00:00,0.162837,0.005314,0.029996,0.168151
20/10/2023,00:00:00,0.158376,0.00531,0.144191,0.163686
20/10/2023,01:00:00,0.154037,0.005305,0.007264,0.159342
20/10/2023,02:00:00,0.149817,0.005301,0,0.155118
20/10/2023,03:00:00,0.145713,0.005297,0,0.15101
20/10/2023,04:00:00,0.151121,0.005364,0.247411,0.156485
20/10/2023,05:00:00,0.147387,0.005362,0.317089,0.152749
20/10/2023,06:00:00,0.143349,0.005358,1.633167,0.148707
20/10/2023,07:00:00,0.139422,0.005353,3.251053,0.144775
20/10/2023,08:00:00,0.135602,0.005349,2.349883,0.140951
20/10/2023,09:00:00,0.131887,0.005344,2.87094,0.137231
20/10/2023,10:00:00,0.128274,0.00534,2.319545,0.133614
20/10/2023,11:00:00,0.12476,0.005335,1.890339,0.130095
20/10/2023,12:00:00,0.121342,0.005331,1.042143,0.126673
20/10/2023,13:00:00,0.118018,0.005327,1.409173,0.123345
20/10/2023,14:00:00,0.115374,0.005327,0.744864,0.120701
20/10/2023,15:00:00,0.112841,0.005327,0.110522,0.118168
20/10/2023,16:00:00,0.112808,0.005346,0.003874,0.118154
20/10/2023,17:00:00,0.10984,0.005342,0,0.115182
20/10/2023,18:00:00,0.106831,0.005338,0,0.112169
20/10/2023,19:00:00,0.103904,0.005333,0,0.109237
20/10/2023,20:00:00,0.106267,0.005369,0,0.111636
20/10/2023,21:00:00,0.110067,0.005415,0,0.115482
20/10/2023,22:00:00,0.142547,0.00568,0,0.148227
20/10/2023,23:00:00,0.212048,0.006234,0,0.218282
21/10/2023,00:00:00,0.261428,0.006648,0,0.268076
21/10/2023,01:00:00,0.32421,0.007174,0,0.331384
21/10/2023,02:00:00,0.373784,0.007612,0,0.381396
21/10/2023,03:00:00,0.412442,0.007978,0,0.42042
21/10/2023,04:00:00,0.428465,0.008179,0,0.436644
21/10/2023,05:00:00,0.454321,0.008458,0.314012,0.462779
21/10/2023,06:00:00,0.461836,0.008602,0.567898,0.470438
21/10/2023,07:00:00,0.451841,0.008615,0.028089,0.460456
21/10/2023,08:00:00,0.439462,0.008608,0,0.44807
21/10/2023,09:00:00,0.427423,0.008601,0,0.436024
21/10/2023,10:00:00,0.415714,0.008594,0,0.424308
21/10/2023,11:00:00,0.404325,0.008587,0,0.412912
21/10/2023,12:00:00,0.393248,0.00858,0,0.401828
21/10/2023,13:00:00,0.382475,0.008572,0,0.391047
21/10/2023,14:00:00,0.371997,0.008565,0.780284,0.380562
21/10/2023,15:00:00,0.361806,0.008558,0.325188,0.370364
21/10/2023,16:00:00,0.351894,0.008551,0.014529,0.360445
21/10/2023,17:00:00,0.342254,0.008544,0,0.350798
21/10/2023,18:00:00,0.332877,0.008537,0,0.341414
21/10/2023,19:00:00,0.323758,0.00853,0,0.332288
21/10/2023,20:00:00,0.314889,0.008523,0,0.323412
21/10/2023,21:00:00,0.314345,0.008577,0,0.322922
21/10/2023,22:00:00,0.320855,0.008685,0.199825,0.32954
21/10/2023,23:00:00,0.312338,0.008679,0.010177,0.321017
22/10/2023,00:00:00,0.303781,0.008672,0.618517,0.312453
22/10/2023,01:00:00,0.295459,0.008665,0.469193,0.304124
22/10/2023,02:00:00,0.287364,0.008658,0.022277,0.296022
22/10/2023,03:00:00,0.279492,0.008651,0,0.288143
22/10/2023,04:00:00,0.271835,0.008643,0,0.280478
22/10/2023,05:00:00,0.264388,0.008636,0,0.273024
22/10/2023,06:00:00,0.278331,0.00879,0,0.287121
22/10/2023,07:00:00,0.279343,0.008848,0,0.288191
22/10/2023,08:00:00,0.27169,0.008841,0,0.280531
22/10/2023,09:00:00,0.264247,0.008834,0,0.273081
22/10/2023,10:00:00,0.257008,0.008826,0.047579,0.265834
22/10/2023,11:00:00,0.249967,0.008819,0.002429,0.258786
22/10/2023,12:00:00,0.243119,0.008812,0,0.251931
22/10/2023,13:00:00,0.236459,0.008804,0,0.245263
22/10/2023,14:00:00,0.235198,0.008837,0,0.244035
22/10/2023,15:00:00,0.228755,0.008829,0,0.237584
22/10/2023,16:00:00,0.239507,0.008951,0,0.248458
22/10/2023,17:00:00,0.245859,0.009042,0,0.254901
22/10/2023,18:00:00,0.239412,0.009037,0,0.248449
22/10/2023,19:00:00,0.232853,0.009029,0,0.241882
22/10/2023,20:00:00,0.226474,0.009022,0,0.235496
22/10/2023,21:00:00,0.22027,0.009014,0,0.229284
22/10/2023,22:00:00,0.214235,0.009007,0,0.223242
22/10/2023,23:00:00,0.208366,0.008999,0,0.217365
23/10/2023,00:00:00,0.202658,0.008992,0,0.21165
23/10/2023,01:00:00,0.197106,0.008984,0,0.20609
23/10/2023,02:00:00,0.192769,0.008985,0,0.201754
23/10/2023,03:00:00,0.187488,0.008977,0,0.196465
23/10/2023,04:00:00,0.182352,0.00897,0,0.191322
23/10/2023,05:00:00,0.177356,0.008962,0,0.186318
23/10/2023,06:00:00,0.172498,0.008955,0,0.181453
23/10/2023,07:00:00,0.167772,0.008947,0,0.176719
23/10/2023,08:00:00,0.163176,0.00894,0,0.172116
23/10/2023,09:00:00,0.158706,0.008932,0,0.167638
23/10/2023,10:00:00,0.154358,0.008925,0,0.163283
23/10/2023,11:00:00,0.150129,0.008917,0,0.159046
23/10/2023,12:00:00,0.146016,0.00891,0,0.154926
23/10/2023,13:00:00,0.142016,0.008903,0,0.150919
23/10/2023,14:00:00,0.138125,0.008895,0,0.14702
23/10/2023,15:00:00,0.134341,0.008888,0,0.143229
23/10/2023,16:00:00,0.130661,0.00888,1.018181,0.139541
23/10/2023,17:00:00,0.127081,0.008873,0.14697,0.135954
23/10/2023,18:00:00,0.1236,0.008866,0.071451,0.132466
23/10/2023,19:00:00,0.120214,0.008858,0.916898,0.129072
23/10/2023,20:00:00,0.116921,0.008851,1.892537,0.125772
23/10/2023,21:00:00,0.113717,0.008843,0.398457,0.12256
23/10/2023,22:00:00,0.110602,0.008836,0.120178,0.119438
23/10/2023,23:00:00,0.107572,0.008829,0.00532,0.116401
24/10/2023,00:00:00,0.104625,0.008821,0,0.113446
24/10/2023,01:00:00,0.101759,0.008814,0,0.110573
24/10/2023,02:00:00,0.098971,0.008807,0,0.107778
24/10/2023,03:00:00,0.09626,0.008799,0,0.105059
24/10/2023,04:00:00,0.093623,0.008792,0,0.102415
24/10/2023,05:00:00,0.091058,0.008785,0,0.099843
24/10/2023,06:00:00,0.088563,0.008777,0,0.09734
24/10/2023,07:00:00,0.086137,0.00877,0,0.094907
24/10/2023,08:00:00,0.112469,0.008981,0,0.12145
24/10/2023,09:00:00,0.11334,0.009003,0,0.122343
24/10/2023,10:00:00,0.112024,0.00901,1.6938,0.121034
24/10/2023,11:00:00,0.135111,0.009201,0.561982,0.144312
24/10/2023,12:00:00,0.186562,0.009612,0.024229,0.196174
24/10/2023,13:00:00,0.192991,0.009692,0,0.202683
24/10/2023,14:00:00,0.190992,0.009709,0,0.200701
24/10/2023,15:00:00,0.18576,0.009701,0,0.195461
24/10/2023,16:00:00,0.180671,0.009693,0,0.190364
24/10/2023,17:00:00,0.175721,0.009685,0,0.185406
24/10/2023,18:00:00,0.170907,0.009677,0,0.180584
24/10/2023,19:00:00,0.166225,0.009669,0,0.175894
24/10/2023,20:00:00,0.161671,0.009661,0,0.171332
24/10/2023,21:00:00,0.157242,0.009653,0,0.166895
24/10/2023,22:00:00,0.152934,0.009645,0,0.162579
24/10/2023,23:00:00,0.148745,0.009637,0,0.158382
25/10/2023,00:00:00,0.14467,0.009628,0,0.154298
25/10/2023,01:00:00,0.140707,0.00962,0,0.150327
25/10/2023,02:00:00,0.18754,0.009998,0,0.197538
25/10/2023,03:00:00,0.199326,0.010118,0,0.209444
25/10/2023,04:00:00,0.194449,0.010114,0,0.204563
25/10/2023,05:00:00,0.189122,0.010106,0,0.199228
25/10/2023,06:00:00,0.18394,0.010097,0.275955,0.194037
25/10/2023,07:00:00,0.178901,0.010089,0.632554,0.18899
25/10/2023,08:00:00,0.174,0.01008,1.411259,0.18408
25/10/2023,09:00:00,0.169233,0.010072,0.917122,0.179305
25/10/2023,10:00:00,0.164597,0.010064,1.251593,0.174661
25/10/2023,11:00:00,0.160088,0.010055,0.537291,0.170143
25/10/2023,12:00:00,0.155702,0.010047,1.232713,0.165749
25/10/2023,13:00:00,0.151437,0.010038,0.432611,0.161475
25/10/2023,14:00:00,0.147288,0.01003,0.723049,0.157318
25/10/2023,15:00:00,0.143253,0.010022,0.235677,0.153275
25/10/2023,16:00:00,0.139329,0.010013,0.048235,0.149342
25/10/2023,17:00:00,0.135512,0.010005,0.068545,0.145517
25/10/2023,18:00:00,0.131799,0.009997,0.003383,0.141796
25/10/2023,19:00:00,0.128188,0.009988,0,0.138176
25/10/2023,20:00:00,0.124677,0.00998,0,0.134657
25/10/2023,21:00:00,0.121261,0.009972,0,0.131233
25/10/2023,22:00:00,0.126354,0.010027,0,0.136381
25/10/2023,23:00:00,0.142297,0.010167,0,0.152464
26/10/2023,00:00:00,0.182198,0.010491,0,0.192689
26/10/2023,01:00:00,0.206027,0.010701,0,0.216728
26/10/2023,02:00:00,0.240181,0.010995,0,0.251176
26/10/2023,03:00:00,0.250843,0.011117,0,0.26196
26/10/2023,04:00:00,0.283914,0.011411,0,0.295325
26/10/2023,05:00:00,0.29027,0.011509,0,0.301779
26/10/2023,06:00:00,0.30609,0.01168,0,0.31777
26/10/2023,07:00:00,0.305487,0.01173,0,0.317217
26/10/2023,08:00:00,0.298708,0.011732,0,0.31044
26/10/2023,09:00:00,0.292789,0.011739,0,0.304528
26/10/2023,10:00:00,0.284875,0.011731,0,0.296606
26/10/2023,11:00:00,0.277071,0.011721,0,0.288792
26/10/2023,12:00:00,0.26948,0.011711,0,0.281191
26/10/2023,13:00:00,0.262098,0.011701,0,0.273799
26/10/2023,14:00:00,0.254917,0.011691,0,0.266608
26/10/2023,15:00:00,0.247934,0.011682,0,0.259616
26/10/2023,16:00:00,0.241141,0.011672,0,0.252813
26/10/2023,17:00:00,0.234535,0.011662,0,0.246197
26/10/2023,18:00:00,0.22811,0.011653,1.122862,0.239763
26/10/2023,19:00:00,0.221861,0.011643,0.237942,0.233504
26/10/2023,20:00:00,0.215783,0.011633,0.29467,0.227416
26/10/2023,21:00:00,0.209871,0.011623,0.014529,0.221494
26/10/2023,22:00:00,0.204122,0.011614,0,0.215736
26/10/2023,23:00:00,0.19853,0.011604,0.247419,0.210134
27/10/2023,00:00:00,0.193091,0.011594,0.983179,0.204685
27/10/2023,01:00:00,0.187801,0.011585,3.741488,0.199386
27/10/2023,02:00:00,0.182656,0.011575,3.071174,0.194231
27/10/2023,03:00:00,0.177652,0.011565,2.287775,0.189217
27/10/2023,04:00:00,0.172785,0.011556,1.070052,0.184341
27/10/2023,05:00:00,0.168052,0.011546,0.791147,0.179598
27/10/2023,06:00:00,0.163448,0.011537,0.618219,0.174985
27/10/2023,07:00:00,0.15897,0.011527,0.724196,0.170497
27/10/2023,08:00:00,0.154615,0.011517,1.833811,0.166132
27/10/2023,09:00:00,0.150379,0.011508,0.091538,0.161887
27/10/2023,10:00:00,0.183472,0.011781,0,0.195253
27/10/2023,11:00:00,0.186227,0.01183,0.314027,0.198057
27/10/2023,12:00:00,0.190825,0.011894,0.19677,0.202719
27/10/2023,13:00:00,0.185867,0.011886,0.009209,0.197753
27/10/2023,14:00:00,0.180775,0.011877,0,0.192652
27/10/2023,15:00:00,0.183924,0.011928,0,0.195852
27/10/2023,16:00:00,0.211982,0.01217,0,0.224152
27/10/2023,17:00:00,0.335822,0.013145,0,0.348967
27/10/2023,18:00:00,0.436522,0.01397,0,0.450492
27/10/2023,19:00:00,0.508411,0.014595,0.294983,0.523006
27/10/2023,20:00:00,0.534107,0.014884,0.100657,0.548991
27/10/2023,21:00:00,0.548905,0.015096,0.004351,0.564001
27/10/2023,22:00:00,0.556908,0.015258,0,0.572166
27/10/2023,23:00:00,0.568853,0.015452,0,0.584305
28/10/2023,00:00:00,0.623573,0.015974,0,0.639547
28/10/2023,01:00:00,0.609579,0.015984,0,0.625563
28/10/2023,02:00:00,0.592879,0.015971,0,0.60885
28/10/2023,03:00:00,0.588364,0.016046,0,0.60441
28/10/2023,04:00:00,0.579401,0.016087,0,0.595488
28/10/2023,05:00:00,0.563528,0.016074,0,0.579602
28/10/2023,06:00:00,0.54809,0.016061,0.047579,0.564151
28/10/2023,07:00:00,0.533074,0.016047,0.002429,0.549121
28/10/2023,08:00:00,0.518471,0.016034,0,0.534505
28/10/2023,09:00:00,0.504267,0.016021,0,0.520288
28/10/2023,10:00:00,0.490452,0.016007,0,0.506459
28/10/2023,11:00:00,0.487892,0.016077,0,0.503969
28/10/2023,12:00:00,0.47779,0.016088,0,0.493878
28/10/2023,13:00:00,0.464701,0.016075,0,0.480776
28/10/2023,14:00:00,0.45197,0.016061,0,0.468031
28/10/2023,15:00:00,0.439588,0.016048,0,0.455636
28/10/2023,16:00:00,0.427545,0.016034,0,0.443579
28/10/2023,17:00:00,0.415832,0.016021,0,0.431853
28/10/2023,18:00:00,0.404441,0.016008,0.342563,0.420449
28/10/2023,19:00:00,0.393361,0.015994,0.940457,0.409355
28/10/2023,20:00:00,0.382584,0.015981,0.494212,0.398565
28/10/2023,21:00:00,0.372103,0.015968,0.50807,0.388071
28/10/2023,22:00:00,0.363092,0.015964,0.024691,0.379056
28/10/2023,23:00:00,0.353145,0.01595,0.028551,0.369095
29/10/2023,00:00:00,0.343471,0.015937,0.00146,0.359408
29/10/2023,01:00:00,0.334061,0.015924,0,0.349985
29/10/2023,02:00:00,0.324909,0.01591,0,0.340819
29/10/2023,03:00:00,0.316008,0.015897,0.580445,0.331905
29/10/2023,04:00:00,0.307351,0.015884,0.324532,0.323235
29/10/2023,05:00:00,0.298931,0.015871,0.01502,0.314802
29/10/2023,06:00:00,0.290742,0.015857,0,0.306599
29/10/2023,07:00:00,0.282777,0.015844,0,0.298621
29/10/2023,08:00:00,0.27503,0.015831,0,0.290861
29/10/2023,09:00:00,0.267495,0.015818,0,0.283313
29/10/2023,10:00:00,0.273004,0.015902,0,0.288906
29/10/2023,11:00:00,0.30196,0.016166,0,0.318126
29/10/2023,12:00:00,0.312693,0.016297,0.256926,0.32899
29/10/2023,13:00:00,0.323772,0.016433,1.554608,0.340205
29/10/2023,14:00:00,0.315347,0.016422,1.020521,0.331769
29/10/2023,15:00:00,0.307315,0.016413,0.047937,0.323728
29/10/2023,16:00:00,0.298896,0.0164,0,0.315296
29/10/2023,17:00:00,0.290708,0.016386,0,0.307094
29/10/2023,18:00:00,0.282743,0.016372,0,0.299115
29/10/2023,19:00:00,0.297708,0.016531,0,0.314239
29/10/2023,20:00:00,0.30211,0.016613,0,0.318723
29/10/2023,21:00:00,0.294005,0.016601,0,0.310606
29/10/2023,22:00:00,0.285951,0.016587,0,0.302538
29/10/2023,23:00:00,0.278117,0.016573,0,0.29469
30/10/2023,00:00:00,0.270498,0.016559,0,0.287057
30/10/2023,01:00:00,0.263088,0.016545,0,0.279633
30/10/2023,02:00:00,0.25588,0.016531,0,0.272411
30/10/2023,03:00:00,0.24887,0.016518,0,0.265388
30/10/2023,04:00:00,0.252065,0.01658,0,0.268645
30/10/2023,05:00:00,0.307774,0.017042,0,0.324816
30/10/2023,06:00:00,0.34081,0.017343,0,0.358153
30/10/2023,07:00:00,0.333186,0.017342,0,0.350528
30/10/2023,08:00:00,0.324058,0.017327,0,0.341385
30/10/2023,09:00:00,0.315181,0.017313,0,0.332494
30/10/2023,10:00:00,0.306546,0.017298,1.227528,0.323844
30/10/2023,11:00:00,0.298148,0.017284,0.271827,0.315432
30/10/2023,12:00:00,0.28998,0.01727,0.096291,0.30725
30/10/2023,13:00:00,0.282036,0.017255,0.004366,0.299291
30/10/2023,14:00:00,0.27431,0.017241,0.314012,0.291551
30/10/2023,15:00:00,0.266795,0.017227,0.130162,0.284022
30/10/2023,16:00:00,0.259486,0.017212,0.005826,0.276698
30/10/2023,17:00:00,0.252377,0.017198,0,0.269575
30/10/2023,18:00:00,0.245463,0.017184,0.161752,0.262647
30/10/2023,19:00:00,0.238738,0.017169,1.311883,0.255907
30/10/2023,20:00:00,0.232198,0.017155,2.530918,0.249353
30/10/2023,21:00:00,0.225837,0.017141,1.048461,0.242978
30/10/2023,22:00:00,0.21965,0.017126,0.399053,0.236776
30/10/2023,23:00:00,0.213632,0.017112,0.017926,0.230744
31/10/2023,00:00:00,0.20778,0.017098,0,0.224878
31/10/2023,01:00:00,0.202088,0.017084,0.028551,0.219172
31/10/2023,02:00:00,0.247076,0.017453,0.001445,0.264529
31/10/2023,03:00:00,0.251446,0.017524,0,0.26897
31/10/2023,04:00:00,0.248406,0.017538,1.589119,0.265944
31/10/2023,05:00:00,0.241621,0.017524,0.927776,0.259145
31/10/2023,06:00:00,0.247919,0.017607,0.185847,0.265526
31/10/2023,07:00:00,0.246389,0.017633,0.007257,0.264022
31/10/2023,08:00:00,0.239706,0.017619,0,0.257325
31/10/2023,09:00:00,0.233139,0.017604,0,0.250743
31/10/2023,10:00:00,0.233327,0.017639,0,0.250966
31/10/2023,11:00:00,0.281899,0.018042,0,0.299941
31/10/2023,12:00:00,0.382059,0.018847,0,0.400906
31/10/2023,13:00:00,0.416802,0.019175,0.589982,0.435977
31/10/2023,14:00:00,0.422554,0.01929,0.486776,0.441844
31/10/2023,15:00:00,0.411538,0.019278,0.023246,0.430816
31/10/2023,16:00:00,0.400264,0.019262,0,0.419526
31/10/2023,17:00:00,0.390307,0.019254,0,0.409561
31/10/2023,18:00:00,0.379614,0.019237,0,0.398851
31/10/2023,19:00:00,0.369215,0.019221,0.047579,0.388436
31/10/2023,20:00:00,0.428624,0.019734,0.002414,0.448358
31/10/2023,21:00:00,0.45775,0.020028,0,0.477778
31/10/2023,22:00:00,0.453197,0.020072,0.180811,0.473269
31/10/2023,23:00:00,0.440806,0.020056,0.047266,0.460862
01/11/2023,00:00:00,0.42873,0.020039,0.230312,0.448769
01/11/2023,01:00:00,0.416984,0.020022,0.249505,0.437006
01/11/2023,02:00:00,0.405561,0.020006,2.495706,0.425567
01/11/2023,03:00:00,0.39445,0.019989,0.763953,0.414439
01/11/2023,04:00:00,0.383644,0.019972,0.156164,0.403616
01/11/2023,05:00:00,0.399126,0.020153,0.006288,0.419279
01/11/2023,06:00:00,0.409653,0.0203,0,0.429953
01/11/2023,07:00:00,0.399098,0.020288,0,0.419386
01/11/2023,08:00:00,0.388165,0.020271,0,0.408436
01/11/2023,09:00:00,0.377531,0.020254,0,0.397785
01/11/2023,10:00:00,0.367188,0.020237,0,0.387425
01/11/2023,11:00:00,0.358852,0.020233,0,0.379085
01/11/2023,12:00:00,0.349021,0.020216,0,0.369237
01/11/2023,13:00:00,0.33946,0.0202,0,0.35966
01/11/2023,14:00:00,0.337846,0.020241,0.038058,0.358087
01/11/2023,15:00:00,0.330265,0.020237,0.001937,0.350502
01/11/2023,16:00:00,0.331123,0.020295,0,0.351418
01/11/2023,17:00:00,0.332821,0.02036,0.104681,0.353181
01/11/2023,18:00:00,0.436969,0.021204,0.00532,0.458173
01/11/2023,19:00:00,0.459711,0.021451,0,0.481162
01/11/2023,20:00:00,0.453781,0.021483,0,0.475264
01/11/2023,21:00:00,0.441349,0.021466,0,0.462815
01/11/2023,22:00:00,0.429258,0.021448,0,0.450706
01/11/2023,23:00:00,0.417499,0.02143,0,0.438929
02/11/2023,00:00:00,0.406061,0.021412,0,0.427473
02/11/2023,01:00:00,0.394937,0.021394,0,0.416331
02/11/2023,02:00:00,0.384117,0.021376,0,0.405493
02/11/2023,03:00:00,0.373594,0.021358,0,0.394952
02/11/2023,04:00:00,0.363359,0.021341,0,0.3847
02/11/2023,05:00:00,0.353405,0.021323,0.218868,0.374728
02/11/2023,06:00:00,0.344715,0.021313,0.011131,0.366028
02/11/2023,07:00:00,0.335272,0.021295,0,0.356567
02/11/2023,08:00:00,0.326087,0.021277,0,0.347364
02/11/2023,09:00:00,0.321168,0.02129,0,0.342458
02/11/2023,10:00:00,0.31237,0.021272,0.095159,0.333642
02/11/2023,11:00:00,0.303812,0.021255,0.956416,0.325067
02/11/2023,12:00:00,0.295489,0.021237,0.048429,0.316726
02/11/2023,13:00:00,0.287394,0.021219,0,0.308613
02/11/2023,14:00:00,0.279521,0.021201,0,0.300722
02/11/2023,15:00:00,0.271863,0.021184,0.447243,0.293047
02/11/2023,16:00:00,0.264415,0.021166,0.022754,0.285581
02/11/2023,17:00:00,0.257172,0.021149,0,0.278321
02/11/2023,18:00:00,0.250126,0.021131,0,0.271257
02/11/2023,19:00:00,0.243274,0.021113,0.171289,0.264387
02/11/2023,20:00:00,0.236609,0.021096,1.198173,0.257705
02/11/2023,21:00:00,0.239347,0.021148,1.002595,0.260495
02/11/2023,22:00:00,0.23279,0.021131,0.23827,0.253921
02/11/2023,23:00:00,0.226413,0.021113,0.33322,0.247526
03/11/2023,00:00:00,0.22021,0.021095,0.11161,0.241305
03/11/2023,01:00:00,0.214177,0.021078,0.004843,0.235255
03/11/2023,02:00:00,0.211859,0.021087,0,0.232946
03/11/2023,03:00:00,0.249643,0.021401,0.399664,0.271044
03/11/2023,04:00:00,0.244219,0.021394,0.02034,0.265613
03/11/2023,05:00:00,0.237528,0.021376,0.428215,0.258904
03/11/2023,06:00:00,0.231021,0.021358,0.059858,0.252379
03/11/2023,07:00:00,0.244763,0.021493,0.001937,0.266256
03/11/2023,08:00:00,0.238315,0.021477,0,0.259792
03/11/2023,09:00:00,0.231787,0.021459,0,0.253246
03/11/2023,10:00:00,0.225437,0.021441,0,0.246878
03/11/2023,11:00:00,0.226499,0.021479,0,0.247978
03/11/2023,12:00:00,0.275863,0.021883,0,0.297746
03/11/2023,13:00:00,0.315057,0.02222,0,0.337277
03/11/2023,14:00:00,0.317005,0.022282,0,0.339287
03/11/2023,15:00:00,0.323461,0.022379,0,0.34584
03/11/2023,16:00:00,0.319196,0.022395,0,0.341591
03/11/2023,17:00:00,0.310452,0.022376,0,0.332828
03/11/2023,18:00:00,0.301947,0.022358,0,0.324305
03/11/2023,19:00:00,0.312151,0.022479,0,0.33463
03/11/2023,20:00:00,0.303957,0.022463,0,0.32642
03/11/2023,21:00:00,0.315592,0.022597,0,0.338189
03/11/2023,22:00:00,0.309265,0.022595,0,0.33186
03/11/2023,23:00:00,0.300792,0.022576,0,0.323368
04/11/2023,00:00:00,0.292552,0.022558,0,0.31511
04/11/2023,01:00:00,0.284537,0.022539,0,0.307076
04/11/2023,02:00:00,0.276742,0.02252,0.038058,0.299262
04/11/2023,03:00:00,0.269161,0.022501,0.001937,0.291662
04/11/2023,04:00:00,0.261787,0.022483,0,0.28427
04/11/2023,05:00:00,0.254615,0.022464,0,0.277079
04/11/2023,06:00:00,0.24764,0.022445,0,0.270085
04/11/2023,07:00:00,0.240856,0.022426,0,0.263282
04/11/2023,08:00:00,0.234257,0.022408,0,0.256665
04/11/2023,09:00:00,0.22784,0.022389,0,0.250229
04/11/2023,10:00:00,0.221598,0.02237,1.684278,0.243968
04/11/2023,11:00:00,0.215527,0.022352,1.703382,0.237879
04/11/2023,12:00:00,0.209622,0.022333,0.938743,0.231955
04/11/2023,13:00:00,0.20388,0.022315,0.310034,0.226195
04/11/2023,14:00:00,0.198294,0.022296,0.01356,0.22059
04/11/2023,15:00:00,0.192862,0.022277,0.07613,0.215139
04/11/2023,16:00:00,0.187578,0.022259,0.003874,0.209837
04/11/2023,17:00:00,0.18244,0.02224,3.520802,0.20468
04/11/2023,18:00:00,0.179247,0.022236,0.226781,0.201483
04/11/2023,19:00:00,0.174407,0.022218,0.002414,0.196625
04/11/2023,20:00:00,0.169629,0.022199,0.028551,0.191828
04/11/2023,21:00:00,0.164982,0.022181,0.001445,0.187163
04/11/2023,22:00:00,0.160462,0.022162,0,0.182624
04/11/2023,23:00:00,0.156066,0.022144,0,0.17821
05/11/2023,00:00:00,0.151791,0.022125,0.53288,0.173916
05/11/2023,01:00:00,0.147632,0.022107,0.68371,0.169739
05/11/2023,02:00:00,0.225001,0.022707,0.071481,0.247708
05/11/2023,03:00:00,0.302179,0.023322,0.001937,0.325501
05/11/2023,04:00:00,0.340254,0.023655,0,0.363909
05/11/2023,05:00:00,0.346297,0.023752,0,0.370049
05/11/2023,06:00:00,0.337466,0.023737,0,0.361203
05/11/2023,07:00:00,0.331986,0.023746,0,0.355732
05/11/2023,08:00:00,0.323066,0.023727,0,0.346793
05/11/2023,09:00:00,0.491363,0.025054,0.361592,0.516417
05/11/2023,10:00:00,0.489444,0.025121,0.018403,0.514565
05/11/2023,11:00:00,0.476144,0.025101,0.60901,0.501245
05/11/2023,12:00:00,0.464541,0.025091,0.782728,0.489632
05/11/2023,13:00:00,0.451874,0.025071,2.103165,0.476945
05/11/2023,14:00:00,0.439494,0.02505,0.105098,0.464544
05/11/2023,15:00:00,0.427454,0.025029,0,0.452483
05/11/2023,16:00:00,0.442958,0.025215,0,0.468173
05/11/2023,17:00:00,0.46587,0.02546,0,0.49133
05/11/2023,18:00:00,0.456718,0.025466,0,0.482184
05/11/2023,19:00:00,0.444217,0.025445,0,0.469662
05/11/2023,20:00:00,0.432048,0.025424,0,0.457472
05/11/2023,21:00:00,0.420212,0.025403,0.542387,0.445615
05/11/2023,22:00:00,0.4087,0.025382,0.027612,0.434082
05/11/2023,23:00:00,0.397503,0.025361,0.038058,0.422864
06/11/2023,00:00:00,0.386613,0.025339,0.001937,0.411952
06/11/2023,01:00:00,0.394438,0.025458,0,0.419896
06/11/2023,02:00:00,0.384343,0.025443,0,0.409786
06/11/2023,03:00:00,0.405039,0.025659,0,0.430698
06/11/2023,04:00:00,0.434317,0.025944,0,0.460261
06/11/2023,05:00:00,0.532416,0.026759,0.22839,0.559175
06/11/2023,06:00:00,0.523047,0.026776,0.011623,0.549823
06/11/2023,07:00:00,0.508718,0.026754,0,0.535472
06/11/2023,08:00:00,0.494781,0.026732,0,0.521513
06/11/2023,09:00:00,0.481227,0.026709,0,0.507936
06/11/2023,10:00:00,0.468043,0.026687,0,0.49473
06/11/2023,11:00:00,0.455221,0.026665,0.199825,0.481886
06/11/2023,12:00:00,0.44275,0.026643,0.143394,0.469393
06/11/2023,13:00:00,0.458835,0.026835,0.00678,0.48567
06/11/2023,14:00:00,0.447214,0.02682,0,0.474034
06/11/2023,15:00:00,0.436443,0.026809,0,0.463252
06/11/2023,16:00:00,0.424487,0.026786,0,0.451273
06/11/2023,17:00:00,0.412858,0.026764,0,0.439622
06/11/2023,18:00:00,0.401547,0.026742,0,0.428289
06/11/2023,19:00:00,0.390547,0.026719,0,0.417266
06/11/2023,20:00:00,0.379847,0.026697,0,0.406544
06/11/2023,21:00:00,0.380967,0.026763,0,0.40773
06/11/2023,22:00:00,0.370549,0.02674,0,0.397289
06/11/2023,23:00:00,0.360397,0.026718,0,0.387115
07/11/2023,00:00:00,0.350524,0.026696,0,0.37722
07/11/2023,01:00:00,0.340921,0.026674,0,0.367595
07/11/2023,02:00:00,0.331581,0.026651,0,0.358232
07/11/2023,03:00:00,0.332473,0.026705,0,0.359178
07/11/2023,04:00:00,0.330342,0.026736,0,0.357078
07/11/2023,05:00:00,0.321292,0.026714,0,0.348006
07/11/2023,06:00:00,0.31249,0.026691,0,0.339181
07/11/2023,07:00:00,0.303929,0.026669,0,0.330598
07/11/2023,08:00:00,0.295603,0.026647,0,0.32225
07/11/2023,09:00:00,0.287504,0.026625,0,0.314129
07/11/2023,10:00:00,0.279628,0.026602,0,0.30623
07/11/2023,11:00:00,0.271968,0.02658,0,0.298548
07/11/2023,12:00:00,0.264517,0.026558,0,0.291075
07/11/2023,13:00:00,0.25727,0.026536,0,0.283806
07/11/2023,14:00:00,0.250222,0.026514,0,0.276736
07/11/2023,15:00:00,0.243367,0.026492,0,0.269859
07/11/2023,16:00:00,0.2367,0.02647,0,0.26317
07/11/2023,17:00:00,0.230216,0.026448,0,0.256664
07/11/2023,18:00:00,0.223909,0.026426,0,0.250335
07/11/2023,19:00:00,0.217775,0.026404,0,0.244179
07/11/2023,20:00:00,0.211809,0.026382,0.656575,0.238191
07/11/2023,21:00:00,0.206006,0.02636,0.528231,0.232366
07/11/2023,22:00:00,0.200362,0.026338,0.025183,0.2267
07/11/2023,23:00:00,0.194873,0.026316,0,0.221189
08/11/2023,00:00:00,0.189535,0.026294,0,0.215829
08/11/2023,01:00:00,0.184342,0.026272,0,0.210614
08/11/2023,02:00:00,0.179292,0.02625,0,0.205542
08/11/2023,03:00:00,0.17438,0.026228,0,0.200608
08/11/2023,04:00:00,0.169603,0.026206,0,0.195809
08/11/2023,05:00:00,0.164957,0.026185,0,0.191142
08/11/2023,06:00:00,0.160438,0.026163,0,0.186601
08/11/2023,07:00:00,0.156042,0.026141,0,0.182183
08/11/2023,08:00:00,0.151767,0.026119,0,0.177886
08/11/2023,09:00:00,0.14761,0.026097,0,0.173707
08/11/2023,10:00:00,0.143566,0.026076,0,0.169642
08/11/2023,11:00:00,0.139633,0.026054,0,0.165687
08/11/2023,12:00:00,0.170179,0.026294,0,0.196473
08/11/2023,13:00:00,0.193181,0.026482,0.504345,0.219663
08/11/2023,14:00:00,0.188722,0.026466,0.196949,0.215188
08/11/2023,15:00:00,0.183552,0.026444,0.979319,0.209996
08/11/2023,16:00:00,0.178524,0.026422,1.143694,0.204946
08/11/2023,17:00:00,0.173633,0.0264,1.283228,0.200033
08/11/2023,18:00:00,0.168876,0.026378,1.175806,0.195254
08/11/2023,19:00:00,0.16425,0.026356,1.131937,0.190606
08/11/2023,20:00:00,0.15975,0.026334,1.424983,0.186084
08/11/2023,21:00:00,0.155374,0.026312,2.876878,0.181686
08/11/2023,22:00:00,0.151117,0.02629,0.885084,0.177407
08/11/2023,23:00:00,0.146977,0.026268,0.123426,0.173245
09/11/2023,00:00:00,0.142951,0.026247,1.079634,0.169198
09/11/2023,01:00:00,0.139034,0.026225,0.12134,0.165259
09/11/2023,02:00:00,0.135225,0.026203,0.146121,0.161428
09/11/2023,03:00:00,0.131521,0.026181,0.045329,0.157702
09/11/2023,04:00:00,0.127918,0.026159,0.001937,0.154077
09/11/2023,05:00:00,0.150827,0.026338,0,0.177165
09/11/2023,06:00:00,0.156684,0.026392,0,0.183076
09/11/2023,07:00:00,0.204512,0.026766,0,0.231278
09/11/2023,08:00:00,0.260288,0.027211,0,0.287499
09/11/2023,09:00:00,0.322625,0.027716,0,0.350341
09/11/2023,10:00:00,0.377883,0.02818,0,0.406063
09/11/2023,11:00:00,0.429656,0.028629,0,0.458285
09/11/2023,12:00:00,0.49688,0.029206,0,0.526086
09/11/2023,13:00:00,0.645549,0.030415,0,0.675964
09/11/2023,14:00:00,0.677908,0.03077,0.513837,0.708678
09/11/2023,15:00:00,0.665755,0.030793,3.918067,0.696548
09/11/2023,16:00:00,0.709115,0.031236,0.759512,0.740351
09/11/2023,17:00:00,0.69606,0.031258,0.02858,0.727318
09/11/2023,18:00:00,0.684825,0.031292,0,0.716117
09/11/2023,19:00:00,0.668081,0.031281,0,0.699362
09/11/2023,20:00:00,0.649778,0.031255,0,0.681033
09/11/2023,21:00:00,0.631977,0.031229,0,0.663206
09/11/2023,22:00:00,0.614664,0.031203,0,0.645867
09/11/2023,23:00:00,0.597825,0.031177,0,0.629002
10/11/2023,00:00:00,0.581447,0.031151,0,0.612598
10/11/2023,01:00:00,0.565518,0.031125,0,0.596643
10/11/2023,02:00:00,0.550025,0.031099,0,0.581124
10/11/2023,03:00:00,0.534957,0.031073,0,0.56603
10/11/2023,04:00:00,0.520302,0.031047,0,0.551349
10/11/2023,05:00:00,0.506048,0.031021,0,0.537069
10/11/2023,06:00:00,0.521621,0.031219,0.038058,0.55284
10/11/2023,07:00:00,0.73737,0.032942,0.087589,0.770312
10/11/2023,08:00:00,0.76211,0.033256,0.242248,0.795366
10/11/2023,09:00:00,0.742613,0.033239,0.373706,0.775852
10/11/2023,10:00:00,0.722269,0.033211,0.018403,0.75548
10/11/2023,11:00:00,0.702482,0.033183,0,0.735665
10/11/2023,12:00:00,0.683237,0.033156,0,0.716393
10/11/2023,13:00:00,0.664519,0.033128,0,0.697647
10/11/2023,14:00:00,0.646314,0.0331,0,0.679414
10/11/2023,15:00:00,0.628608,0.033073,0.057086,0.661681
10/11/2023,16:00:00,0.611387,0.033045,1.620576,0.644432
10/11/2023,17:00:00,0.594638,0.033018,2.375618,0.627656
10/11/2023,18:00:00,0.578348,0.03299,1.70584,0.611338
10/11/2023,19:00:00,0.562503,0.032963,0.252157,0.595466
10/11/2023,20:00:00,0.547093,0.032935,0.008717,0.580028
10/11/2023,21:00:00,0.532105,0.032908,0.209346,0.565013
10/11/2023,22:00:00,0.519475,0.032895,0.010654,0.55237
10/11/2023,23:00:00,0.510129,0.032905,0.180796,0.543034
11/11/2023,00:00:00,0.510276,0.032985,0.047266,0.543261
11/11/2023,01:00:00,0.518301,0.033125,0.135154,0.551426
11/11/2023,02:00:00,0.504787,0.033102,0.00678,0.537889
11/11/2023,03:00:00,0.490958,0.033075,0,0.524033
11/11/2023,04:00:00,0.477508,0.033047,0,0.510555
11/11/2023,05:00:00,0.464427,0.03302,0,0.497447
11/11/2023,06:00:00,0.451703,0.032992,0,0.484695
11/11/2023,07:00:00,0.442224,0.032987,0,0.475211
11/11/2023,08:00:00,0.527274,0.033698,0,0.560972
11/11/2023,09:00:00,0.657171,0.034767,0,0.691938
11/11/2023,10:00:00,0.743846,0.035534,0,0.77938
11/11/2023,11:00:00,0.73847,0.035618,0,0.774088
11/11/2023,12:00:00,0.71824,0.035588,0.085652,0.753828
11/11/2023,13:00:00,0.710876,0.035652,0.004351,0.746528
11/11/2023,14:00:00,0.691401,0.035623,1.227528,0.727024
11/11/2023,15:00:00,0.682962,0.035673,0.062481,0.718635
11/11/2023,16:00:00,0.666443,0.03566,0,0.702103
11/11/2023,17:00:00,0.655862,0.035688,0,0.69155
11/11/2023,18:00:00,0.637895,0.035659,0,0.673554
11/11/2023,19:00:00,0.620419,0.035629,0,0.656048
11/11/2023,20:00:00,0.603423,0.035599,0,0.639022
11/11/2023,21:00:00,0.586891,0.03557,0,0.622461
11/11/2023,22:00:00,0.570813,0.03554,0,0.606353
11/11/2023,23:00:00,0.555175,0.03551,0,0.590685
12/11/2023,00:00:00,0.539966,0.035481,0,0.575447
12/11/2023,01:00:00,0.525174,0.035451,0,0.560625
12/11/2023,02:00:00,0.510786,0.035422,0,0.546208
12/11/2023,03:00:00,0.496793,0.035392,0,0.532185
12/11/2023,04:00:00,0.487905,0.035399,0,0.523304
12/11/2023,05:00:00,0.474539,0.035369,0,0.509908
12/11/2023,06:00:00,0.537672,0.035918,0,0.57359
12/11/2023,07:00:00,0.52628,0.035914,0,0.562194
12/11/2023,08:00:00,0.511862,0.035884,0,0.547746
12/11/2023,09:00:00,0.497839,0.035854,0,0.533693
12/11/2023,10:00:00,0.484201,0.035824,0,0.520025
12/11/2023,11:00:00,0.470936,0.035794,0,0.50673
12/11/2023,12:00:00,0.458034,0.035765,0,0.493799
12/11/2023,13:00:00,0.445486,0.035735,0,0.481221
12/11/2023,14:00:00,0.433282,0.035705,0,0.468987
12/11/2023,15:00:00,0.421412,0.035675,0,0.457087
12/11/2023,16:00:00,0.409867,0.035646,0,0.445513
12/11/2023,17:00:00,0.398638,0.035616,0,0.434254
12/11/2023,18:00:00,0.387718,0.035586,0,0.423304
12/11/2023,19:00:00,0.377096,0.035557,0,0.412653
12/11/2023,20:00:00,0.366765,0.035527,0,0.402292
12/11/2023,21:00:00,0.356717,0.035497,0,0.392214
12/11/2023,22:00:00,0.346945,0.035468,0,0.382413
12/11/2023,23:00:00,0.33744,0.035438,0,0.372878
13/11/2023,00:00:00,0.328196,0.035409,0.028536,0.363605
13/11/2023,01:00:00,0.319205,0.035379,0.030011,0.354584
13/11/2023,02:00:00,0.31046,0.03535,0.001445,0.34581
13/11/2023,03:00:00,0.301955,0.03532,0,0.337275
13/11/2023,04:00:00,0.293682,0.035291,0.038058,0.328973
13/11/2023,05:00:00,0.285637,0.035262,0.677556,0.320899
13/11/2023,06:00:00,0.277812,0.035232,0.881284,0.313044
13/11/2023,07:00:00,0.270201,0.035203,0.794843,0.305404
13/11/2023,08:00:00,0.262799,0.035173,1.037404,0.297972
13/11/2023,09:00:00,0.255599,0.035144,0.146016,0.290743
13/11/2023,10:00:00,0.248597,0.035115,0.927866,0.283712
13/11/2023,11:00:00,0.241786,0.035086,0.922412,0.276872
13/11/2023,12:00:00,0.235163,0.035056,1.024678,0.270219
13/11/2023,13:00:00,0.22872,0.035027,0.049889,0.263747
13/11/2023,14:00:00,0.222454,0.034998,0,0.257452
13/11/2023,15:00:00,0.21636,0.034969,0,0.251329
13/11/2023,16:00:00,0.21222,0.034953,0,0.247173
13/11/2023,17:00:00,0.20828,0.034938,0,0.243218
13/11/2023,18:00:00,0.202654,0.03491,0,0.237564
13/11/2023,19:00:00,0.197102,0.034881,0,0.231983
13/11/2023,20:00:00,0.194069,0.03487,0,0.228939
13/11/2023,21:00:00,0.231298,0.035164,0,0.266462
13/11/2023,22:00:00,0.280548,0.035557,0,0.316105
13/11/2023,23:00:00,0.323227,0.035911,0,0.359138
14/11/2023,00:00:00,0.380451,0.036383,0,0.416834
14/11/2023,01:00:00,0.379321,0.036423,0,0.415744
14/11/2023,02:00:00,0.42839,0.036845,0,0.465235
14/11/2023,03:00:00,0.476066,0.037266,0,0.513332
14/11/2023,04:00:00,0.529378,0.037739,0,0.567117
14/11/2023,05:00:00,0.518055,0.037732,0,0.555787
14/11/2023,06:00:00,0.503863,0.037701,0,0.541564
14/11/2023,07:00:00,0.490059,0.037669,0.028536,0.527728
14/11/2023,08:00:00,0.476634,0.037638,0.00146,0.514272
14/11/2023,09:00:00,0.463576,0.037606,0,0.501182
14/11/2023,10:00:00,0.450876,0.037575,0,0.488451
14/11/2023,11:00:00,0.438524,0.037544,0,0.476068
14/11/2023,12:00:00,0.426511,0.037513,0,0.464024
14/11/2023,13:00:00,0.414826,0.037481,2.864227,0.452307
14/11/2023,14:00:00,0.403462,0.03745,2.50566,0.440912
14/11/2023,15:00:00,0.392409,0.037419,5.800962,0.429828
14/11/2023,16:00:00,0.381659,0.037388,5.037487,0.419047
14/11/2023,17:00:00,0.371203,0.037357,0.593752,0.40856
14/11/2023,18:00:00,0.361034,0.037325,0.69353,0.398359
14/11/2023,19:00:00,0.351143,0.037294,0.196159,0.388437
14/11/2023,20:00:00,0.341523,0.037263,0.350773,0.378786
14/11/2023,21:00:00,0.332167,0.037232,0.017464,0.369399
14/11/2023,22:00:00,0.323067,0.037201,0,0.360268
14/11/2023,23:00:00,0.315737,0.037182,0.418663,0.352919
15/11/2023,00:00:00,0.307087,0.037151,0.049859,0.344238
15/11/2023,01:00:00,0.298674,0.03712,0.049055,0.335794
15/11/2023,02:00:00,0.290492,0.037089,0.002414,0.327581
15/11/2023,03:00:00,0.282534,0.037058,0,0.319592
15/11/2023,04:00:00,0.274794,0.037027,0,0.311821
15/11/2023,05:00:00,0.454375,0.038419,0,0.492794
15/11/2023,06:00:00,0.60791,0.039648,0.723183,0.647558
15/11/2023,07:00:00,0.984862,0.042607,0.036806,1.027469
15/11/2023,08:00:00,1.30935,0.045243,0,1.354593
15/11/2023,09:00:00,1.31487,0.04552,0,1.36039
15/11/2023,10:00:00,1.327436,0.045851,0,1.373287
15/11/2023,11:00:00,1.304269,0.045914,0,1.350183
15/11/2023,12:00:00,1.29276,0.046059,0,1.338819
15/11/2023,13:00:00,1.257733,0.046024,0,1.303757
15/11/2023,14:00:00,1.223277,0.045986,0,1.269263
15/11/2023,15:00:00,1.218785,0.046168,0,1.264953
15/11/2023,16:00:00,1.188041,0.04615,0,1.234191
15/11/2023,17:00:00,1.158117,0.046131,0,1.204248
15/11/2023,18:00:00,1.12639,0.046093,0,1.172483
15/11/2023,19:00:00,1.095531,0.046054,0,1.141585
15/11/2023,20:00:00,1.065519,0.046016,0,1.111535
15/11/2023,21:00:00,1.036328,0.045978,0,1.082306
15/11/2023,22:00:00,1.059109,0.046328,0,1.105437
15/11/2023,23:00:00,1.032068,0.046305,0,1.078373
16/11/2023,00:00:00,1.003794,0.046266,0,1.05006
16/11/2023,01:00:00,0.976294,0.046228,0,1.022522
16/11/2023,02:00:00,0.949548,0.046189,0,0.995737
16/11/2023,03:00:00,0.923535,0.046151,0,0.969686
16/11/2023,04:00:00,0.898234,0.046112,0,0.944346
16/11/2023,05:00:00,0.873627,0.046074,0,0.919701
16/11/2023,06:00:00,0.849693,0.046035,0,0.895728
16/11/2023,07:00:00,0.826415,0.045997,0,0.872412
16/11/2023,08:00:00,0.803775,0.045959,0,0.849734
16/11/2023,09:00:00,0.781755,0.04592,0,0.827675
16/11/2023,10:00:00,0.760339,0.045882,0,0.806221
16/11/2023,11:00:00,0.739509,0.045844,0,0.785353
16/11/2023,12:00:00,0.71925,0.045806,0,0.765056
16/11/2023,13:00:00,0.699546,0.045768,0,0.745314
16/11/2023,14:00:00,0.680381,0.04573,0,0.726111
16/11/2023,15:00:00,0.661742,0.045691,0,0.707433
16/11/2023,16:00:00,0.643613,0.045653,0,0.689266
16/11/2023,17:00:00,0.625981,0.045615,0,0.671596
16/11/2023,18:00:00,0.608832,0.045577,0,0.654409
16/11/2023,19:00:00,0.592152,0.045539,0,0.637691
16/11/2023,20:00:00,0.57593,0.045501,0,0.621431
16/11/2023,21:00:00,0.560152,0.045464,0,0.605616
16/11/2023,22:00:00,0.544807,0.045426,0,0.590233
16/11/2023,23:00:00,0.529881,0.045388,0,0.575269
17/11/2023,00:00:00,0.515365,0.04535,0,0.560715
17/11/2023,01:00:00,0.501246,0.045312,0,0.546558
17/11/2023,02:00:00,0.487514,0.045275,0,0.532789
17/11/2023,03:00:00,0.474159,0.045237,0,0.519396
17/11/2023,04:00:00,0.461169,0.045199,0,0.506368
17/11/2023,05:00:00,0.448535,0.045161,0.237912,0.493696
17/11/2023,06:00:00,0.436247,0.045124,0.240475,0.481371
17/11/2023,07:00:00,0.424296,0.045086,0.040174,0.469382
17/11/2023,08:00:00,0.412672,0.045049,0.00146,0.457721
17/11/2023,09:00:00,0.401367,0.045011,0,0.446378
17/11/2023,10:00:00,0.390371,0.044974,0,0.435345
17/11/2023,11:00:00,0.379677,0.044936,0,0.424613
17/11/2023,12:00:00,0.369275,0.044899,0,0.414174
17/11/2023,13:00:00,0.359159,0.044861,0,0.40402
17/11/2023,14:00:00,0.349319,0.044824,0,0.394143
17/11/2023,15:00:00,0.339749,0.044787,0,0.384536
17/11/2023,16:00:00,0.330442,0.044749,0,0.375191
17/11/2023,17:00:00,0.321389,0.044712,0,0.366101
17/11/2023,18:00:00,0.312585,0.044675,0,0.35726
17/11/2023,19:00:00,0.304021,0.044638,0,0.348659
17/11/2023,20:00:00,0.295692,0.0446,0,0.340292
17/11/2023,21:00:00,0.304349,0.044691,0,0.34904
17/11/2023,22:00:00,0.312993,0.044783,0,0.357776
17/11/2023,23:00:00,0.307013,0.044765,0,0.351778
18/11/2023,00:00:00,0.298602,0.044728,0,0.34333
18/11/2023,01:00:00,0.290422,0.04469,0,0.335112
18/11/2023,02:00:00,0.282466,0.044653,0,0.327119
18/11/2023,03:00:00,0.274727,0.044616,0,0.319343
18/11/2023,04:00:00,0.267201,0.044579,0,0.31178
18/11/2023,05:00:00,0.259881,0.044542,0,0.304423
18/11/2023,06:00:00,0.252761,0.044505,0,0.297266
18/11/2023,07:00:00,0.245837,0.044468,0.104666,0.290305
18/11/2023,08:00:00,0.239102,0.04443,0.452548,0.283532
18/11/2023,09:00:00,0.232552,0.044393,0.517577,0.276945
18/11/2023,10:00:00,0.226181,0.044357,0.396311,0.270538
18/11/2023,11:00:00,0.219985,0.04432,1.617521,0.264305
18/11/2023,12:00:00,0.213958,0.044283,1.356453,0.258241
18/11/2023,13:00:00,0.208096,0.044246,1.311451,0.252342
18/11/2023,14:00:00,0.202395,0.044209,1.338571,0.246604
18/11/2023,15:00:00,0.196851,0.044172,0.750005,0.241023
18/11/2023,16:00:00,0.191458,0.044135,0.54872,0.235593
18/11/2023,17:00:00,0.186213,0.044099,0.187933,0.230312
18/11/2023,18:00:00,0.181111,0.044062,0.303209,0.225173
18/11/2023,19:00:00,0.17615,0.044025,0.224352,0.220175
18/11/2023,20:00:00,0.171324,0.043988,0.010669,0.215312
18/11/2023,21:00:00,0.166631,0.043952,0.256926,0.210583
18/11/2023,22:00:00,0.162066,0.043915,0.041604,0.205981
18/11/2023,23:00:00,0.164971,0.043934,0.00146,0.208905
19/11/2023,00:00:00,0.192857,0.044144,0,0.237001
19/11/2023,01:00:00,0.22473,0.04439,0,0.26912
19/11/2023,02:00:00,0.247005,0.044569,0,0.291574
19/11/2023,03:00:00,0.357672,0.045424,0,0.403096
19/11/2023,04:00:00,0.447006,0.04614,0,0.493146
19/11/2023,05:00:00,0.531195,0.046835,0,0.57803
19/11/2023,06:00:00,0.615689,0.047549,0,0.663238
19/11/2023,07:00:00,0.654406,0.047932,0,0.702338
19/11/2023,08:00:00,0.677133,0.048201,0,0.725334
19/11/2023,09:00:00,0.672213,0.048264,0,0.720477
19/11/2023,10:00:00,0.676077,0.048393,0.171304,0.72447
19/11/2023,11:00:00,0.673905,0.048477,0.084817,0.722382
19/11/2023,12:00:00,0.655695,0.048439,0.308394,0.704134
19/11/2023,13:00:00,0.656498,0.048541,0.015497,0.705039
19/11/2023,14:00:00,0.641044,0.04852,0.095159,0.689564
19/11/2023,15:00:00,0.623482,0.048479,0.404507,0.671961
19/11/2023,16:00:00,0.606402,0.048439,1.190752,0.654841
19/11/2023,17:00:00,0.589789,0.048399,1.115829,0.638188
19/11/2023,18:00:00,0.573632,0.048358,0.396311,0.62199
19/11/2023,19:00:00,0.557917,0.048318,0.017434,0.606235
19/11/2023,20:00:00,0.542632,0.048278,0,0.59091
19/11/2023,21:00:00,0.527767,0.048238,0,0.576005
19/11/2023,22:00:00,0.513308,0.048198,0,0.561506
19/11/2023,23:00:00,0.499246,0.048157,0,0.547403
20/11/2023,00:00:00,0.485569,0.048117,0.028551,0.533686
20/11/2023,01:00:00,0.472266,0.048077,0.144184,0.520343
20/11/2023,02:00:00,0.47175,0.048132,0.045329,0.519882
20/11/2023,03:00:00,0.464754,0.048137,0.001937,0.512891
20/11/2023,04:00:00,0.474837,0.04827,0,0.523107
20/11/2023,05:00:00,0.46256,0.048235,0,0.510795
20/11/2023,06:00:00,0.456652,0.048246,0,0.504898
20/11/2023,07:00:00,0.474322,0.048436,0,0.522758
20/11/2023,08:00:00,0.551323,0.049079,0,0.600402
20/11/2023,09:00:00,0.621004,0.049683,0,0.670687
20/11/2023,10:00:00,0.633981,0.04987,0,0.683851
20/11/2023,11:00:00,0.617596,0.049836,0,0.667432
20/11/2023,12:00:00,0.600677,0.049794,0.028551,0.650471
20/11/2023,13:00:00,0.584221,0.049753,0.163227,0.633974
20/11/2023,14:00:00,0.568216,0.049711,0.074834,0.617927
20/11/2023,15:00:00,0.552649,0.04967,0.041455,0.602319
20/11/2023,16:00:00,0.539416,0.049643,0.001937,0.589059
20/11/2023,17:00:00,0.535418,0.049683,0,0.585101
20/11/2023,18:00:00,0.52395,0.049666,0,0.573616
20/11/2023,19:00:00,0.509596,0.049625,0,0.559221
20/11/2023,20:00:00,0.495635,0.049584,0,0.545219
20/11/2023,21:00:00,0.482057,0.049542,0,0.531599
20/11/2023,22:00:00,0.468851,0.049501,0,0.518352
20/11/2023,23:00:00,0.456006,0.04946,0.028551,0.505466
21/11/2023,00:00:00,0.443514,0.049419,0.00146,0.492933
21/11/2023,01:00:00,0.431363,0.049377,0.028521,0.48074
21/11/2023,02:00:00,0.419546,0.049336,0.00146,0.468882
21/11/2023,03:00:00,0.408052,0.049295,0.399679,0.457347
21/11/2023,04:00:00,0.398805,0.049269,0.210643,0.448074
21/11/2023,05:00:00,0.400153,0.049321,0.009686,0.449474
21/11/2023,06:00:00,0.394685,0.049322,0.085652,0.444007
21/11/2023,07:00:00,0.386804,0.049303,0.185132,0.436107
21/11/2023,08:00:00,0.376207,0.049262,0.009209,0.425469
21/11/2023,09:00:00,0.365901,0.049221,0,0.415122
21/11/2023,10:00:00,0.355877,0.04918,0.028551,0.405057
21/11/2023,11:00:00,0.346127,0.049139,0.134677,0.395266
21/11/2023,12:00:00,0.336645,0.049098,0.20662,0.385743
21/11/2023,13:00:00,0.327422,0.049057,0.04822,0.376479
21/11/2023,14:00:00,0.318452,0.049016,0.001937,0.367468
21/11/2023,15:00:00,0.311684,0.04899,0,0.360674
21/11/2023,16:00:00,0.303145,0.048949,0,0.352094
21/11/2023,17:00:00,0.296812,0.048924,0,0.345736
21/11/2023,18:00:00,0.288681,0.048883,0,0.337564
21/11/2023,19:00:00,0.311313,0.049074,0,0.360387
21/11/2023,20:00:00,0.318818,0.049155,0,0.367973
21/11/2023,21:00:00,0.310648,0.049119,0,0.359767
21/11/2023,22:00:00,0.308566,0.049127,0,0.357693
21/11/2023,23:00:00,0.314232,0.049193,0,0.363425
22/11/2023,00:00:00,0.30618,0.049156,0,0.355336
22/11/2023,01:00:00,0.297792,0.049115,0,0.346907
22/11/2023,02:00:00,0.291703,0.04909,0,0.340793
22/11/2023,03:00:00,0.293985,0.049127,0,0.343112
22/11/2023,04:00:00,0.301781,0.049207,0,0.350988
22/11/2023,05:00:00,0.297139,0.049193,0,0.346332
22/11/2023,06:00:00,0.289054,0.049153,0,0.338207
22/11/2023,07:00:00,0.281135,0.049112,0,0.330247
22/11/2023,08:00:00,0.273433,0.049071,0,0.322504
22/11/2023,09:00:00,0.265942,0.04903,0,0.314972
22/11/2023,10:00:00,0.258657,0.048989,0,0.307646
22/11/2023,11:00:00,0.251571,0.048949,0,0.30052
22/11/2023,12:00:00,0.244679,0.048908,0,0.293587
22/11/2023,13:00:00,0.237976,0.048867,0,0.286843
22/11/2023,14:00:00,0.231456,0.048826,0,0.280282
22/11/2023,15:00:00,0.225115,0.048786,0,0.273901
22/11/2023,16:00:00,0.218948,0.048745,0,0.267693
22/11/2023,17:00:00,0.21295,0.048704,0,0.261654
22/11/2023,18:00:00,0.207116,0.048664,0,0.25578
22/11/2023,19:00:00,0.201442,0.048623,0,0.250065
22/11/2023,20:00:00,0.195923,0.048583,0,0.244506
22/11/2023,21:00:00,0.190556,0.048542,0,0.239098
22/11/2023,22:00:00,0.185336,0.048502,0,0.233838
22/11/2023,23:00:00,0.180258,0.048462,0,0.22872
23/11/2023,00:00:00,0.17532,0.048421,0,0.223741
23/11/2023,01:00:00,0.170517,0.048381,0.028551,0.218898
23/11/2023,02:00:00,0.165846,0.048341,0.00146,0.214187
23/11/2023,03:00:00,0.161302,0.0483,0,0.209602
23/11/2023,04:00:00,0.156883,0.04826,0,0.205143
23/11/2023,05:00:00,0.152585,0.04822,0,0.200805
23/11/2023,06:00:00,0.148405,0.04818,0,0.196585
23/11/2023,07:00:00,0.14434,0.04814,0,0.19248
23/11/2023,08:00:00,0.140385,0.048099,0,0.188484
23/11/2023,09:00:00,0.136539,0.048059,0,0.184598
23/11/2023,10:00:00,0.132799,0.048019,0,0.180818
23/11/2023,11:00:00,0.129161,0.047979,0,0.17714
23/11/2023,12:00:00,0.125622,0.047939,0,0.173561
23/11/2023,13:00:00,0.122181,0.047899,0,0.17008
23/11/2023,14:00:00,0.118834,0.04786,0,0.166694
23/11/2023,15:00:00,0.115578,0.04782,0,0.163398
23/11/2023,16:00:00,0.112412,0.04778,0,0.160192
23/11/2023,17:00:00,0.110814,0.047751,0,0.158565
23/11/2023,18:00:00,0.107778,0.047711,0,0.155489
23/11/2023,19:00:00,0.104825,0.047672,0,0.152497
23/11/2023,20:00:00,0.101954,0.047632,0.114173,0.149586
23/11/2023,21:00:00,0.099161,0.047592,0.07242,0.146753
23/11/2023,22:00:00,0.096444,0.047553,0.755131,0.143997
23/11/2023,23:00:00,0.093802,0.047513,0.038266,0.141315
24/11/2023,00:00:00,0.091232,0.047474,0,0.138706
24/11/2023,01:00:00,0.088733,0.047434,0,0.136167
24/11/2023,02:00:00,0.086302,0.047394,0.180811,0.133696
24/11/2023,03:00:00,0.083938,0.047355,0.094831,0.131293
24/11/2023,04:00:00,0.081638,0.047316,0.470638,0.128954
24/11/2023,05:00:00,0.079402,0.047276,0.023723,0.126678
24/11/2023,06:00:00,0.077226,0.047237,0.047565,0.124463
24/11/2023,07:00:00,0.075111,0.047197,0.002444,0.122308
24/11/2023,08:00:00,0.073053,0.047158,0.342548,0.120211
24/11/2023,09:00:00,0.071052,0.047119,1.387686,0.118171
24/11/2023,10:00:00,0.069105,0.04708,0.107825,0.116185
24/11/2023,11:00:00,0.067212,0.04704,0.001937,0.114252
24/11/2023,12:00:00,0.073655,0.047064,0,0.120719
24/11/2023,13:00:00,0.076707,0.047063,0.028551,0.12377
24/11/2023,14:00:00,0.132545,0.047465,1.952171,0.18001
24/11/2023,15:00:00,0.131373,0.047444,0.394255,0.178817
24/11/2023,16:00:00,0.127774,0.047404,1.689792,0.175178
24/11/2023,17:00:00,0.124274,0.047365,0.113785,0.171639
24/11/2023,18:00:00,0.134366,0.047428,0.077575,0.181794
24/11/2023,19:00:00,0.137505,0.04744,0.003874,0.184945
24/11/2023,20:00:00,0.169768,0.047675,0.057071,0.217443
24/11/2023,21:00:00,0.166397,0.047645,0.421613,0.214042
24/11/2023,22:00:00,0.164964,0.047629,0.068873,0.212593
24/11/2023,23:00:00,0.160444,0.047589,0.002444,0.208033
25/11/2023,00:00:00,0.182134,0.047748,0,0.229882
25/11/2023,01:00:00,0.285066,0.048528,0,0.333594
25/11/2023,02:00:00,0.285089,0.048547,0,0.333636
25/11/2023,03:00:00,0.277278,0.048507,0,0.325785
25/11/2023,04:00:00,0.269682,0.048467,0,0.318149
25/11/2023,05:00:00,0.263872,0.048438,0,0.31231
25/11/2023,06:00:00,0.409913,0.049563,0.133216,0.459476
25/11/2023,07:00:00,0.429248,0.049754,0.691891,0.479002
25/11/2023,08:00:00,0.551392,0.05073,0.453562,0.602122
25/11/2023,09:00:00,0.544662,0.050752,0.021309,0.595414
25/11/2023,10:00:00,0.535211,0.050751,0.42823,0.585962
25/11/2023,11:00:00,0.520548,0.050709,0.021785,0.571257
25/11/2023,12:00:00,0.510096,0.050696,0,0.560792
25/11/2023,13:00:00,0.529128,0.050904,0,0.580032
25/11/2023,14:00:00,0.519372,0.050898,0.047565,0.57027
25/11/2023,15:00:00,0.505143,0.050855,0.25937,0.555998
25/11/2023,16:00:00,0.491304,0.050813,0.013053,0.542117
25/11/2023,17:00:00,0.477845,0.050771,0.228375,0.528616
25/11/2023,18:00:00,0.464754,0.050728,0.011623,0.515482
25/11/2023,19:00:00,0.452022,0.050686,0.076145,0.502708
25/11/2023,20:00:00,0.439639,0.050644,0.146598,0.490283
25/11/2023,21:00:00,0.427594,0.050602,0.007272,0.478196
25/11/2023,22:00:00,0.425981,0.050636,0,0.476617
25/11/2023,23:00:00,0.469366,0.051013,0,0.520379
26/11/2023,00:00:00,0.492532,0.051244,0,0.543776
26/11/2023,01:00:00,0.480269,0.051211,0,0.53148
26/11/2023,02:00:00,0.50123,0.051427,0.038058,0.552657
26/11/2023,03:00:00,0.488838,0.051395,0.001937,0.540233
26/11/2023,04:00:00,0.475446,0.051352,0.123709,0.526798
26/11/2023,05:00:00,0.462421,0.051309,0.006288,0.51373
26/11/2023,06:00:00,0.453277,0.051293,0,0.50457
26/11/2023,07:00:00,0.461549,0.051408,0,0.512957
26/11/2023,08:00:00,0.449709,0.051371,0.028551,0.50108
26/11/2023,09:00:00,0.455662,0.051467,0.030011,0.507129
26/11/2023,10:00:00,0.443934,0.05143,0.068039,0.495364
26/11/2023,11:00:00,0.437789,0.051433,0.412583,0.489222
26/11/2023,12:00:00,0.437564,0.05148,0.154048,0.489044
26/11/2023,13:00:00,0.426081,0.05144,0.044823,0.477521
26/11/2023,14:00:00,0.414408,0.051398,0.001937,0.465806
26/11/2023,15:00:00,0.403055,0.051355,0,0.45441
26/11/2023,16:00:00,0.392013,0.051312,0,0.443325
26/11/2023,17:00:00,0.381274,0.051269,0,0.432543
26/11/2023,18:00:00,0.373916,0.05125,0,0.425166
26/11/2023,19:00:00,0.36383,0.051209,0,0.415039
26/11/2023,20:00:00,0.3639,0.051242,0,0.415142
26/11/2023,21:00:00,0.354442,0.051203,0,0.405645
26/11/2023,22:00:00,0.344731,0.051161,0.104696,0.395892
26/11/2023,23:00:00,0.335287,0.051118,0.005305,0.386405
27/11/2023,00:00:00,0.328419,0.051093,0.180811,0.379512
27/11/2023,01:00:00,0.321857,0.051069,1.151085,0.372926
27/11/2023,02:00:00,0.318567,0.051069,1.314193,0.369636
27/11/2023,03:00:00,0.343376,0.051281,2.880573,0.394657
27/11/2023,04:00:00,0.346507,0.051334,1.780033,0.397841
27/11/2023,05:00:00,0.340666,0.051319,1.472592,0.391985
27/11/2023,06:00:00,0.331491,0.051277,0.727296,0.382768
27/11/2023,07:00:00,0.32241,0.051234,1.184821,0.373644
27/11/2023,08:00:00,0.313577,0.051192,3.408134,0.364769
27/11/2023,09:00:00,0.304986,0.051149,1.550257,0.356135
27/11/2023,10:00:00,0.296631,0.051106,1.497567,0.347737
27/11/2023,11:00:00,0.288505,0.051064,0.700682,0.339569
27/11/2023,12:00:00,0.280601,0.051021,0.85032,0.331622
27/11/2023,13:00:00,0.272914,0.050979,0.498414,0.323893
27/11/2023,14:00:00,0.273964,0.051001,0.584662,0.324965
27/11/2023,15:00:00,0.266892,0.050962,1.513004,0.317854
27/11/2023,16:00:00,0.274299,0.051031,2.064347,0.32533
27/11/2023,17:00:00,0.360838,0.051704,1.024246,0.412542
27/11/2023,18:00:00,0.458899,0.052481,0.389546,0.51138
27/11/2023,19:00:00,0.685236,0.054254,0.674009,0.73949
27/11/2023,20:00:00,0.815534,0.055342,0.499696,0.870876
27/11/2023,21:00:00,0.917327,0.056239,0.204533,0.973566
27/11/2023,22:00:00,0.953653,0.056659,0.03773,1.010312
27/11/2023,23:00:00,1.028179,0.057377,0.00146,1.085556
28/11/2023,00:00:00,1.29294,0.059556,0,1.352496
28/11/2023,01:00:00,1.391957,0.060528,0,1.452485
28/11/2023,02:00:00,1.484481,0.061471,0,1.545952
28/11/2023,03:00:00,1.504961,0.061885,0,1.566846
28/11/2023,04:00:00,1.538239,0.0624,0,1.600639
28/11/2023,05:00:00,1.53964,0.062679,0,1.602319
28/11/2023,06:00:00,1.548709,0.063016,0,1.611725
28/11/2023,07:00:00,1.640387,0.063983,0,1.70437
28/11/2023,08:00:00,1.779972,0.065332,0,1.845304
28/11/2023,09:00:00,1.822956,0.065975,0,1.888931
28/11/2023,10:00:00,1.807511,0.066182,0,1.873693
28/11/2023,11:00:00,1.818335,0.066586,0,1.884921
28/11/2023,12:00:00,1.813106,0.066869,0,1.879975
28/11/2023,13:00:00,1.781154,0.066948,0,1.848102
28/11/2023,14:00:00,1.734844,0.066912,0,1.801756
28/11/2023,15:00:00,1.687317,0.066856,0,1.754173
28/11/2023,16:00:00,1.641092,0.0668,0,1.707892
28/11/2023,17:00:00,1.596133,0.066744,0,1.662877
28/11/2023,18:00:00,1.552407,0.066689,0,1.619096
28/11/2023,19:00:00,1.509878,0.066633,0,1.576511
28/11/2023,20:00:00,1.468514,0.066578,0,1.535092
28/11/2023,21:00:00,1.428283,0.066522,0,1.494805
28/11/2023,22:00:00,1.389154,0.066467,0,1.455621
28/11/2023,23:00:00,1.351098,0.066412,0,1.41751
29/11/2023,00:00:00,1.314084,0.066356,0,1.38044
29/11/2023,01:00:00,1.278084,0.066301,0,1.344385
29/11/2023,02:00:00,1.24307,0.066246,1.455903,1.309316
29/11/2023,03:00:00,1.209015,0.066191,0.121683,1.275206
29/11/2023,04:00:00,1.175894,0.066135,0.002414,1.242029
29/11/2023,05:00:00,1.14368,0.06608,1.608163,1.20976
29/11/2023,06:00:00,1.112348,0.066025,0.262648,1.178373
29/11/2023,07:00:00,1.081874,0.06597,0.06628,1.147844
29/11/2023,08:00:00,1.052236,0.065915,0.107586,1.118151
29/11/2023,09:00:00,1.02341,0.06586,0.271767,1.08927
29/11/2023,10:00:00,0.995373,0.065806,0.479817,1.061179
29/11/2023,11:00:00,0.968104,0.065751,0.175983,1.033855
29/11/2023,12:00:00,0.941582,0.065696,1.092553,1.007278
29/11/2023,13:00:00,0.915787,0.065641,0.274062,0.981428
29/11/2023,14:00:00,0.890699,0.065587,0.011146,0.956286
29/11/2023,15:00:00,0.866297,0.065532,0,0.931829
29/11/2023,16:00:00,0.842565,0.065477,0,0.908042
29/11/2023,17:00:00,0.819482,0.065423,0,0.884905
29/11/2023,18:00:00,0.929791,0.066377,0,0.996168
29/11/2023,19:00:00,0.915256,0.066405,0,0.981661
29/11/2023,20:00:00,0.890193,0.06635,0,0.956543
29/11/2023,21:00:00,1.01346,0.067417,0,1.080877
29/11/2023,22:00:00,1.009724,0.067544,0,1.077268
29/11/2023,23:00:00,0.987971,0.067532,0,1.055503
30/11/2023,00:00:00,0.970631,0.06755,0,1.038181
30/11/2023,01:00:00,0.968953,0.067683,0,1.036636
30/11/2023,02:00:00,0.986626,0.067963,0,1.054589
30/11/2023,03:00:00,0.975699,0.068029,0,1.043728
30/11/2023,04:00:00,1.050314,0.068742,0,1.119056
30/11/2023,05:00:00,1.046871,0.068878,0,1.115749
30/11/2023,06:00:00,1.019014,0.068827,0,1.087841
30/11/2023,07:00:00,0.991098,0.068769,0,1.059867
30/11/2023,08:00:00,0.963946,0.068712,0,1.032658
30/11/2023,09:00:00,0.937538,0.068655,0,1.006193
30/11/2023,10:00:00,0.911854,0.068597,0,0.980451
30/11/2023,11:00:00,0.886873,0.06854,0,0.955413
30/11/2023,12:00:00,0.862577,0.068483,0,0.93106
30/11/2023,13:00:00,0.838946,0.068426,0,0.907372
30/11/2023,14:00:00,0.815963,0.068369,0,0.884332
30/11/2023,15:00:00,0.793609,0.068312,0,0.861921
30/11/2023,16:00:00,0.771868,0.068255,0,0.840123
30/11/2023,17:00:00,0.750722,0.068198,0,0.81892
30/11/2023,18:00:00,0.730156,0.068142,0,0.798298
30/11/2023,19:00:00,0.710153,0.068085,0,0.778238
30/11/2023,20:00:00,0.690698,0.068028,0,0.758726
30/11/2023,21:00:00,0.671776,0.067972,0,0.739748
30/11/2023,22:00:00,0.653372,0.067915,0,0.721287
30/11/2023,23:00:00,0.635473,0.067858,0,0.703331
01/12/2023,00:00:00,0.618063,0.067802,0,0.685865
01/12/2023,01:00:00,0.601131,0.067745,0,0.668876
01/12/2023,02:00:00,0.584663,0.067689,0,0.652352
01/12/2023,03:00:00,0.568646,0.067633,0,0.636279
01/12/2023,04:00:00,0.553067,0.067576,0,0.620643
01/12/2023,05:00:00,0.537916,0.06752,0,0.605436
01/12/2023,06:00:00,0.523179,0.067464,0,0.590643
01/12/2023,07:00:00,0.508847,0.067407,0,0.576254
01/12/2023,08:00:00,0.494907,0.067351,0,0.562258
01/12/2023,09:00:00,0.481348,0.067295,0,0.548643
01/12/2023,10:00:00,0.468161,0.067239,0,0.5354
01/12/2023,11:00:00,0.455336,0.067183,0,0.522519
01/12/2023,12:00:00,0.442862,0.067127,0,0.509989
01/12/2023,13:00:00,0.430729,0.067071,0,0.4978
01/12/2023,14:00:00,0.418929,0.067015,0,0.485944
01/12/2023,15:00:00,0.407453,0.06696,0,0.474413
01/12/2023,16:00:00,0.39629,0.066904,0,0.463194
01/12/2023,17:00:00,0.385434,0.066848,0,0.452282
01/12/2023,18:00:00,0.374874,0.066792,0,0.441666
01/12/2023,19:00:00,0.364605,0.066737,0,0.431342
01/12/2023,20:00:00,0.354616,0.066681,0,0.421297
01/12/2023,21:00:00,0.344901,0.066626,0,0.411527
01/12/2023,22:00:00,0.335452,0.06657,0,0.402022
01/12/2023,23:00:00,0.326262,0.066515,0,0.392777
02/12/2023,00:00:00,0.317324,0.066459,0,0.383783
02/12/2023,01:00:00,0.308631,0.066404,0,0.375035
02/12/2023,02:00:00,0.300176,0.066349,0,0.366525
02/12/2023,03:00:00,0.291953,0.066293,0,0.358246
02/12/2023,04:00:00,0.283954,0.066238,0,0.350192
02/12/2023,05:00:00,0.276175,0.066183,0,0.342358
02/12/2023,06:00:00,0.268609,0.066128,0,0.334737
02/12/2023,07:00:00,0.261251,0.066073,0,0.327324
02/12/2023,08:00:00,0.254093,0.066018,0,0.320111
02/12/2023,09:00:00,0.247132,0.065963,0,0.313095
02/12/2023,10:00:00,0.240362,0.065908,0,0.30627
02/12/2023,11:00:00,0.233777,0.065853,0,0.29963
02/12/2023,12:00:00,0.227373,0.065798,0,0.293171
02/12/2023,13:00:00,0.221144,0.065743,0,0.286887
02/12/2023,14:00:00,0.215085,0.065688,0,0.280773
02/12/2023,15:00:00,0.209193,0.065634,0,0.274827
02/12/2023,16:00:00,0.203462,0.065579,0,0.269041
02/12/2023,17:00:00,0.197888,0.065524,0,0.263412
02/12/2023,18:00:00,0.192467,0.06547,0,0.257937
02/12/2023,19:00:00,0.187194,0.065415,0,0.252609
02/12/2023,20:00:00,0.182066,0.065361,0,0.247427
02/12/2023,21:00:00,0.177078,0.065306,0,0.242384
02/12/2023,22:00:00,0.172227,0.065252,0,0.237479
02/12/2023,23:00:00,0.167509,0.065198,0,0.232707
03/12/2023,00:00:00,0.16292,0.065143,0,0.228063
03/12/2023,01:00:00,0.158456,0.065089,0,0.223545
03/12/2023,02:00:00,0.154115,0.065035,0,0.21915
03/12/2023,03:00:00,0.149893,0.064981,0,0.214874
03/12/2023,04:00:00,0.145787,0.064926,0,0.210713
03/12/2023,05:00:00,0.141793,0.064872,0,0.206665
03/12/2023,06:00:00,0.137909,0.064818,0,0.202727
03/12/2023,07:00:00,0.134131,0.064764,0,0.198895
03/12/2023,08:00:00,0.130456,0.06471,0,0.195166
03/12/2023,09:00:00,0.126882,0.064657,0,0.191539
03/12/2023,10:00:00,0.123406,0.064603,0,0.188009
03/12/2023,11:00:00,0.120025,0.064549,0,0.184574
03/12/2023,12:00:00,0.116737,0.064495,0,0.181232
03/12/2023,13:00:00,0.113539,0.064441,0,0.17798
03/12/2023,14:00:00,0.110429,0.064388,0,0.174817
03/12/2023,15:00:00,0.107403,0.064334,0,0.171737
03/12/2023,16:00:00,0.104461,0.06428,0.4282,0.168741
03/12/2023,17:00:00,0.101599,0.064227,0.621289,0.165826
03/12/2023,18:00:00,0.098816,0.064173,0.230342,0.162989
03/12/2023,19:00:00,0.096109,0.06412,0.038713,0.160229
03/12/2023,20:00:00,0.093476,0.064067,0.134677,0.157543
03/12/2023,21:00:00,0.090915,0.064013,0.006765,0.154928
03/12/2023,22:00:00,0.088424,0.06396,0,0.152384
03/12/2023,23:00:00,0.086002,0.063907,0,0.149909
04/12/2023,00:00:00,0.083646,0.063853,0,0.147499
04/12/2023,01:00:00,0.081354,0.0638,0,0.145154
04/12/2023,02:00:00,0.079126,0.063747,0,0.142873
04/12/2023,03:00:00,0.076958,0.063694,0,0.140652
04/12/2023,04:00:00,0.07485,0.063641,0,0.138491
04/12/2023,05:00:00,0.072799,0.063588,0,0.136387
04/12/2023,06:00:00,0.070805,0.063535,0,0.13434
04/12/2023,07:00:00,0.068865,0.063482,0,0.132347
04/12/2023,08:00:00,0.106673,0.063731,0,0.170404
04/12/2023,09:00:00,0.161577,0.064117,0,0.225694
04/12/2023,10:00:00,0.178509,0.064226,0,0.242735
04/12/2023,11:00:00,0.177061,0.064199,0.066608,0.24126
04/12/2023,12:00:00,0.184653,0.06424,0.003397,0.248893
04/12/2023,13:00:00,0.180073,0.06419,0.15226,0.244263
04/12/2023,14:00:00,0.17514,0.064137,0.692874,0.239277
04/12/2023,15:00:00,0.170342,0.064083,0.691444,0.234425
04/12/2023,16:00:00,0.165675,0.06403,0.518709,0.229705
04/12/2023,17:00:00,0.161136,0.063977,0.310183,0.225113
04/12/2023,18:00:00,0.156722,0.063923,0.252426,0.220645
04/12/2023,19:00:00,0.152429,0.06387,0.135809,0.216299
04/12/2023,20:00:00,0.148253,0.063817,0.424981,0.21207
04/12/2023,21:00:00,0.144191,0.063764,0.363886,0.207955
04/12/2023,22:00:00,0.140241,0.063711,0.226766,0.203952
04/12/2023,23:00:00,0.136399,0.063657,0.096291,0.200056
05/12/2023,00:00:00,0.132662,0.063604,0.042439,0.196266
05/12/2023,01:00:00,0.129028,0.063551,0.334978,0.192579
05/12/2023,02:00:00,0.125493,0.063498,0.083566,0.188991
05/12/2023,03:00:00,0.128231,0.063493,0.003397,0.191724
05/12/2023,04:00:00,0.124976,0.063442,0,0.188418
05/12/2023,05:00:00,0.135768,0.063497,0,0.199265
05/12/2023,06:00:00,0.197049,0.063938,0.028551,0.260987
05/12/2023,07:00:00,0.256702,0.064379,0.029981,0.321081
05/12/2023,08:00:00,0.298582,0.064697,0.00146,0.363279
05/12/2023,09:00:00,0.319687,0.064866,0.038058,0.384553
05/12/2023,10:00:00,0.334787,0.064993,0.059038,0.39978
05/12/2023,11:00:00,0.338454,0.065037,0.002891,0.403491
05/12/2023,12:00:00,0.369456,0.065289,0.199854,0.434745
05/12/2023,13:00:00,0.393874,0.065497,0.133872,0.459371
05/12/2023,14:00:00,0.404635,0.065606,0.034839,0.470241
05/12/2023,15:00:00,0.402708,0.065621,0.029981,0.468329
05/12/2023,16:00:00,0.395713,0.065597,0.00146,0.46131
05/12/2023,17:00:00,0.416771,0.065785,0,0.482556
05/12/2023,18:00:00,0.413317,0.065791,0,0.479108
05/12/2023,19:00:00,0.402318,0.065739,0,0.468057
05/12/2023,20:00:00,0.391296,0.065684,0,0.45698
05/12/2023,21:00:00,0.380576,0.065629,0,0.446205
05/12/2023,22:00:00,0.372871,0.065595,0,0.438466
05/12/2023,23:00:00,0.365516,0.065562,0,0.431078
06/12/2023,00:00:00,0.355641,0.065509,0,0.42115
06/12/2023,01:00:00,0.349528,0.065482,0,0.41501
06/12/2023,02:00:00,0.345582,0.06547,0.209361,0.411052
06/12/2023,03:00:00,0.336392,0.065417,0.200957,0.401809
06/12/2023,04:00:00,0.346244,0.065508,0.114352,0.411752
06/12/2023,05:00:00,0.349541,0.065551,0.005335,0.415092
06/12/2023,06:00:00,0.343293,0.065521,0,0.408814
06/12/2023,07:00:00,0.336754,0.065488,0,0.402242
06/12/2023,08:00:00,0.327668,0.065435,0,0.393103
06/12/2023,09:00:00,0.318691,0.06538,0,0.384071
06/12/2023,10:00:00,0.30996,0.065326,0,0.375286
06/12/2023,11:00:00,0.301469,0.065272,0,0.366741
06/12/2023,12:00:00,0.29321,0.065217,0,0.358427
06/12/2023,13:00:00,0.285177,0.065163,0,0.35034
06/12/2023,14:00:00,0.277365,0.065109,0,0.342474
06/12/2023,15:00:00,0.269766,0.065054,0,0.33482
06/12/2023,16:00:00,0.262376,0.065,0,0.327376
06/12/2023,17:00:00,0.255188,0.064946,0,0.320134
06/12/2023,18:00:00,0.268171,0.065044,0,0.333215
06/12/2023,19:00:00,0.28,0.065135,0,0.345135
06/12/2023,20:00:00,0.283214,0.065164,0,0.348378
06/12/2023,21:00:00,0.275892,0.065113,0,0.341005
06/12/2023,22:00:00,0.268333,0.065059,0,0.333392
06/12/2023,23:00:00,0.260982,0.065004,0,0.325986
07/12/2023,00:00:00,0.253833,0.06495,0,0.318783
07/12/2023,01:00:00,0.246879,0.064896,0,0.311775
07/12/2023,02:00:00,0.240115,0.064842,0,0.304957
07/12/2023,03:00:00,0.233537,0.064788,0,0.298325
07/12/2023,04:00:00,0.227139,0.064734,0,0.291873
07/12/2023,05:00:00,0.220917,0.06468,0,0.285597
07/12/2023,06:00:00,0.214865,0.064626,0,0.279491
07/12/2023,07:00:00,0.208978,0.064572,0,0.27355
07/12/2023,08:00:00,0.203253,0.064519,0,0.267772
07/12/2023,09:00:00,0.197685,0.064465,0,0.26215
07/12/2023,10:00:00,0.192269,0.064411,0,0.25668
07/12/2023,11:00:00,0.187002,0.064358,0,0.25136
07/12/2023,12:00:00,0.181879,0.064304,0,0.246183
07/12/2023,13:00:00,0.176896,0.06425,0,0.241146
07/12/2023,14:00:00,0.17205,0.064197,0,0.236247
07/12/2023,15:00:00,0.167337,0.064143,0,0.23148
07/12/2023,16:00:00,0.162752,0.06409,0,0.226842
07/12/2023,17:00:00,0.158294,0.064037,0,0.222331
07/12/2023,18:00:00,0.153957,0.063983,0,0.21794
07/12/2023,19:00:00,0.149739,0.06393,0,0.213669
07/12/2023,20:00:00,0.145637,0.063877,0,0.209514
07/12/2023,21:00:00,0.141647,0.063824,0,0.205471
07/12/2023,22:00:00,0.137767,0.06377,0.237882,0.201537
07/12/2023,23:00:00,0.133993,0.063717,0.04068,0.19771
08/12/2023,00:00:00,0.130322,0.063664,0.039488,0.193986
08/12/2023,01:00:00,0.126752,0.063611,0.629991,0.190363
08/12/2023,02:00:00,0.123279,0.063558,1.021594,0.186837
08/12/2023,03:00:00,0.119902,0.063505,0.145525,0.183407
08/12/2023,04:00:00,0.116617,0.063452,0.004828,0.180069
08/12/2023,05:00:00,0.113422,0.063399,0.038087,0.176821
08/12/2023,06:00:00,0.110315,0.063347,0.001937,0.173662
08/12/2023,07:00:00,0.107293,0.063294,0.057071,0.170587
08/12/2023,08:00:00,0.104354,0.063241,0.002921,0.167595
08/12/2023,09:00:00,0.101495,0.063188,0,0.164683
08/12/2023,10:00:00,0.098714,0.063136,0.028551,0.16185
08/12/2023,11:00:00,0.09601,0.063083,0.00146,0.159093
08/12/2023,12:00:00,0.09338,0.063031,0,0.156411
08/12/2023,13:00:00,0.090822,0.062978,0,0.1538
08/12/2023,14:00:00,0.11109,0.063099,0,0.174189
08/12/2023,15:00:00,0.111934,0.063076,0,0.17501
08/12/2023,16:00:00,0.112652,0.063052,0,0.175704
08/12/2023,17:00:00,0.169999,0.063459,0,0.233458
08/12/2023,18:00:00,0.26366,0.064153,0,0.327813
08/12/2023,19:00:00,0.270465,0.064206,0,0.334671
08/12/2023,20:00:00,0.263511,0.064156,0,0.327667
08/12/2023,21:00:00,0.25995,0.064131,0,0.324081
08/12/2023,22:00:00,0.252998,0.064079,0,0.317077
08/12/2023,23:00:00,0.251558,0.064067,0,0.315625
09/12/2023,00:00:00,0.244924,0.064016,0,0.30894
09/12/2023,01:00:00,0.238214,0.063962,0,0.302176
09/12/2023,02:00:00,0.234415,0.06393,0,0.298345
09/12/2023,03:00:00,0.228103,0.063877,0,0.29198
09/12/2023,04:00:00,0.221854,0.063824,0,0.285678
09/12/2023,05:00:00,0.215776,0.063771,0,0.279547
09/12/2023,06:00:00,0.209864,0.063718,0,0.273582
09/12/2023,07:00:00,0.204115,0.063665,0,0.26778
09/12/2023,08:00:00,0.198523,0.063612,0,0.262135
09/12/2023,09:00:00,0.193085,0.063559,0.066608,0.256644
09/12/2023,10:00:00,0.187795,0.063506,0.935912,0.251301
09/12/2023,11:00:00,0.18265,0.063453,1.731753,0.246103
09/12/2023,12:00:00,0.177646,0.0634,1.693875,0.241046
09/12/2023,13:00:00,0.17278,0.063347,1.81368,0.236127
09/12/2023,14:00:00,0.168046,0.063294,0.630558,0.23134
09/12/2023,15:00:00,0.163443,0.063242,0.59855,0.226685
09/12/2023,16:00:00,0.158965,0.063189,0.428706,0.222154
09/12/2023,17:00:00,0.15461,0.063136,0.020355,0.217746
09/12/2023,18:00:00,0.150374,0.063084,0.171274,0.213458
09/12/2023,19:00:00,0.146255,0.063031,0.008702,0.209286
09/12/2023,20:00:00,0.142248,0.062979,0,0.205227
09/12/2023,21:00:00,0.138351,0.062926,0,0.201277
09/12/2023,22:00:00,0.134561,0.062874,0,0.197435
09/12/2023,23:00:00,0.130875,0.062822,0,0.193697
10/12/2023,00:00:00,0.127289,0.062769,0,0.190058
10/12/2023,01:00:00,0.129616,0.062761,0.161767,0.192377
10/12/2023,02:00:00,0.215917,0.063392,0.036806,0.279309
10/12/2023,03:00:00,0.377633,0.064613,0.001431,0.442246
10/12/2023,04:00:00,0.532263,0.065813,0,0.598076
10/12/2023,05:00:00,0.695515,0.06711,0,0.762625
10/12/2023,06:00:00,0.73794,0.067522,0,0.805462
10/12/2023,07:00:00,0.776109,0.067909,0,0.844018
10/12/2023,08:00:00,0.796402,0.068169,0,0.864571
10/12/2023,09:00:00,0.775483,0.068119,0,0.843602
10/12/2023,10:00:00,0.770099,0.068183,0,0.838282
10/12/2023,11:00:00,0.749001,0.068126,0,0.817127
10/12/2023,12:00:00,0.728482,0.068069,0,0.796551
10/12/2023,13:00:00,0.708525,0.068012,0,0.776537
10/12/2023,14:00:00,0.689114,0.067956,0,0.75707
10/12/2023,15:00:00,0.670236,0.067899,0.30452,0.738135
10/12/2023,16:00:00,0.651874,0.067843,2.689391,0.719717
10/12/2023,17:00:00,0.648693,0.067898,0.954449,0.716591
10/12/2023,18:00:00,0.633218,0.067859,0.17488,0.701077
10/12/2023,19:00:00,0.615871,0.067802,0.006765,0.683673
10/12/2023,20:00:00,0.598998,0.067746,0,0.666744
10/12/2023,21:00:00,0.582589,0.067689,0,0.650278
10/12/2023,22:00:00,0.566628,0.067633,0,0.634261
10/12/2023,23:00:00,0.551105,0.067576,0,0.618681
11/12/2023,00:00:00,0.536007,0.06752,0,0.603527
11/12/2023,01:00:00,0.521323,0.067464,0,0.588787
11/12/2023,02:00:00,0.507041,0.067408,0,0.574449
11/12/2023,03:00:00,0.493151,0.067351,0,0.560502
11/12/2023,04:00:00,0.47964,0.067295,0.171274,0.546935
11/12/2023,05:00:00,0.4665,0.067239,0.008732,0.533739
11/12/2023,06:00:00,0.45372,0.067183,0,0.520903
11/12/2023,07:00:00,0.471034,0.067353,0,0.538387
11/12/2023,08:00:00,0.726957,0.069341,0,0.796298
11/12/2023,09:00:00,0.802821,0.070011,0,0.872832
11/12/2023,10:00:00,0.798092,0.070084,0,0.868176
11/12/2023,11:00:00,0.776568,0.070028,0,0.846596
11/12/2023,12:00:00,0.755293,0.06997,0,0.825263
11/12/2023,13:00:00,0.734602,0.069912,0,0.804514
11/12/2023,14:00:00,0.714477,0.069853,0,0.78433
11/12/2023,15:00:00,0.694903,0.069795,0,0.764698
11/12/2023,16:00:00,0.675866,0.069737,0.047565,0.745603
11/12/2023,17:00:00,0.65735,0.069679,0.002444,0.727029
11/12/2023,18:00:00,0.639342,0.069621,0,0.708963
11/12/2023,19:00:00,0.621827,0.069563,0,0.69139
11/12/2023,20:00:00,0.62199,0.069636,0,0.691626
11/12/2023,21:00:00,0.6057,0.069583,0,0.675283
11/12/2023,22:00:00,0.589106,0.069525,0,0.658631
11/12/2023,23:00:00,0.572967,0.069467,0,0.642434
12/12/2023,00:00:00,0.557271,0.06941,0,0.626681
12/12/2023,01:00:00,0.542004,0.069352,0,0.611356
12/12/2023,02:00:00,0.527155,0.069294,0,0.596449
12/12/2023,03:00:00,0.512714,0.069236,0,0.58195
12/12/2023,04:00:00,0.498668,0.069179,0.028551,0.567847
12/12/2023,05:00:00,0.485006,0.069121,0.049025,0.554127
12/12/2023,06:00:00,0.471719,0.069063,0.002414,0.540782
12/12/2023,07:00:00,0.458796,0.069006,0,0.527802
12/12/2023,08:00:00,0.450781,0.068983,0,0.519764
12/12/2023,09:00:00,0.438432,0.068926,0,0.507358
12/12/2023,10:00:00,0.426421,0.068868,0,0.495289
12/12/2023,11:00:00,0.414739,0.068811,0,0.48355
12/12/2023,12:00:00,0.403377,0.068754,0,0.472131
12/12/2023,13:00:00,0.392326,0.068696,0.028551,0.461022
12/12/2023,14:00:00,0.381578,0.068639,2.266169,0.450217
12/12/2023,15:00:00,0.371125,0.068582,0.115275,0.439707
12/12/2023,16:00:00,0.360957,0.068525,0,0.429482
12/12/2023,17:00:00,0.351069,0.068468,0,0.419537
12/12/2023,18:00:00,0.341451,0.068411,0,0.409862
12/12/2023,19:00:00,0.332097,0.068354,3.330499,0.400451
12/12/2023,20:00:00,0.325594,0.068316,2.034575,0.39391
12/12/2023,21:00:00,0.321353,0.068295,0.133008,0.389648
12/12/2023,22:00:00,0.312549,0.068238,0.001937,0.380787
12/12/2023,23:00:00,0.303987,0.068181,0.038058,0.372168
13/12/2023,00:00:00,0.295659,0.068125,0.030488,0.363784
13/12/2023,01:00:00,0.287559,0.068068,0.001431,0.355627
13/12/2023,02:00:00,0.279681,0.068011,0.218868,0.347692
13/12/2023,03:00:00,0.272019,0.067954,0.306129,0.339973
13/12/2023,04:00:00,0.264567,0.067898,0.167251,0.332465
13/12/2023,05:00:00,0.260018,0.067862,0.36937,0.32788
13/12/2023,06:00:00,0.482975,0.069554,0.046939,0.552529
13/12/2023,07:00:00,0.481339,0.069584,0.00146,0.550923
13/12/2023,08:00:00,0.468152,0.069526,0,0.537678
13/12/2023,09:00:00,0.455327,0.069468,0,0.524795
13/12/2023,10:00:00,0.442853,0.069411,0.751734,0.512264
13/12/2023,11:00:00,0.772685,0.071952,0.038266,0.844637
13/12/2023,12:00:00,0.962463,0.073496,0,1.035959
13/12/2023,13:00:00,0.949845,0.073539,1.874596,1.023384
13/12/2023,14:00:00,0.923936,0.073479,0.875682,0.997415
13/12/2023,15:00:00,0.902512,0.073447,0.781953,0.975959
13/12/2023,16:00:00,0.880885,0.073409,1.350939,0.954294
13/12/2023,17:00:00,0.856809,0.073349,0.066817,0.930158
13/12/2023,18:00:00,0.856041,0.07346,0,0.929501
13/12/2023,19:00:00,0.864407,0.073641,0,0.938048
13/12/2023,20:00:00,0.858054,0.073711,0,0.931765
13/12/2023,21:00:00,0.873001,0.073942,0,0.946943
13/12/2023,22:00:00,0.853826,0.073916,0,0.927742
13/12/2023,23:00:00,0.830435,0.073855,0,0.90429
14/12/2023,00:00:00,0.807685,0.073793,0,0.881478
14/12/2023,01:00:00,0.785558,0.073732,0,0.85929
14/12/2023,02:00:00,0.84256,0.074267,0,0.916827
14/12/2023,03:00:00,0.823246,0.074234,0,0.89748
14/12/2023,04:00:00,0.800693,0.074172,0,0.874865
14/12/2023,05:00:00,0.975832,0.075609,0,1.051441
14/12/2023,06:00:00,1.041455,0.076248,0,1.117703
14/12/2023,07:00:00,1.095591,0.076813,0,1.172404
14/12/2023,08:00:00,1.209161,0.07784,0,1.287001
14/12/2023,09:00:00,1.182829,0.077827,0,1.260656
14/12/2023,10:00:00,1.150424,0.077762,0,1.228186
14/12/2023,11:00:00,1.118908,0.077697,0,1.196605
14/12/2023,12:00:00,1.088255,0.077632,0,1.165887
14/12/2023,13:00:00,1.058442,0.077568,0,1.13601
14/12/2023,14:00:00,1.029445,0.077503,0,1.106948
14/12/2023,15:00:00,1.001243,0.077439,0,1.078682
14/12/2023,16:00:00,0.973813,0.077374,0,1.051187
14/12/2023,17:00:00,0.947135,0.07731,0,1.024445
14/12/2023,18:00:00,0.921188,0.077245,0,0.998433
14/12/2023,19:00:00,0.895951,0.077181,0,0.973132
14/12/2023,20:00:00,0.871406,0.077117,0,0.948523
14/12/2023,21:00:00,0.847534,0.077052,0,0.924586
14/12/2023,22:00:00,0.824315,0.076988,0,0.901303
14/12/2023,23:00:00,0.801733,0.076924,0,0.878657
15/12/2023,00:00:00,0.779769,0.07686,0.057101,0.856629
15/12/2023,01:00:00,0.758406,0.076796,0.297904,0.835202
15/12/2023,02:00:00,0.73763,0.076732,0.014991,0.814362
15/12/2023,03:00:00,0.717422,0.076668,0.095159,0.79409
15/12/2023,04:00:00,0.697768,0.076604,0.033408,0.774372
15/12/2023,05:00:00,0.678652,0.07654,0.001431,0.755192
15/12/2023,06:00:00,0.66006,0.076477,0,0.736537
15/12/2023,07:00:00,0.641977,0.076413,0,0.71839
15/12/2023,08:00:00,0.62439,0.076349,0,0.700739
15/12/2023,09:00:00,0.607284,0.076286,0,0.68357
15/12/2023,10:00:00,0.590648,0.076222,0,0.66687
15/12/2023,11:00:00,0.574466,0.076159,0,0.650625
15/12/2023,12:00:00,0.558729,0.076095,0,0.634824
15/12/2023,13:00:00,0.543422,0.076032,0,0.619454
15/12/2023,14:00:00,0.528535,0.075969,0,0.604504
15/12/2023,15:00:00,0.514055,0.075905,0,0.58996
15/12/2023,16:00:00,0.5058,0.075886,0,0.581686
15/12/2023,17:00:00,0.523485,0.076063,0,0.599548
15/12/2023,18:00:00,0.510446,0.076009,0,0.586455
15/12/2023,19:00:00,0.506317,0.076021,0,0.582338
15/12/2023,20:00:00,0.49568,0.075982,0,0.571662
15/12/2023,21:00:00,0.482101,0.075919,0,0.55802
15/12/2023,22:00:00,0.468893,0.075856,0,0.544749
15/12/2023,23:00:00,0.456048,0.075793,0,0.531841
16/12/2023,00:00:00,0.443554,0.075729,0,0.519283
16/12/2023,01:00:00,0.431403,0.075666,0,0.507069
16/12/2023,02:00:00,0.419584,0.075603,0,0.495187
16/12/2023,03:00:00,0.40809,0.07554,0,0.48363
16/12/2023,04:00:00,0.39691,0.075477,0,0.472387
16/12/2023,05:00:00,0.386036,0.075415,0,0.461451
16/12/2023,06:00:00,0.375461,0.075352,0,0.450813
16/12/2023,07:00:00,0.365175,0.075289,0,0.440464
16/12/2023,08:00:00,0.35517,0.075226,0,0.430396
16/12/2023,09:00:00,0.34544,0.075164,0,0.420604
16/12/2023,10:00:00,0.335977,0.075101,0,0.411078
16/12/2023,11:00:00,0.326773,0.075038,0,0.401811
16/12/2023,12:00:00,0.31782,0.074976,0,0.392796
16/12/2023,13:00:00,0.309114,0.074913,0,0.384027
16/12/2023,14:00:00,0.300645,0.074851,0,0.375496
16/12/2023,15:00:00,0.292409,0.074789,0,0.367198
16/12/2023,16:00:00,0.284398,0.074726,0,0.359124
16/12/2023,17:00:00,0.276607,0.074664,0,0.351271
16/12/2023,18:00:00,0.269029,0.074602,0,0.343631
16/12/2023,19:00:00,0.261659,0.07454,0,0.336199
16/12/2023,20:00:00,0.254491,0.074478,0,0.328969
16/12/2023,21:00:00,0.247519,0.074416,0,0.321935
16/12/2023,22:00:00,0.240738,0.074354,0,0.315092
16/12/2023,23:00:00,0.234143,0.074292,0,0.308435
17/12/2023,00:00:00,0.227728,0.07423,0.057101,0.301958
17/12/2023,01:00:00,0.22149,0.074168,0.002921,0.295658
17/12/2023,02:00:00,0.215422,0.074106,0,0.289528
17/12/2023,03:00:00,0.20952,0.074045,0,0.283565
17/12/2023,04:00:00,0.20378,0.073983,0,0.277763
17/12/2023,05:00:00,0.198198,0.073921,0,0.272119
17/12/2023,06:00:00,0.192768,0.07386,0,0.266628
17/12/2023,07:00:00,0.187487,0.073798,0,0.261285
17/12/2023,08:00:00,0.182351,0.073737,0,0.256088
17/12/2023,09:00:00,0.177355,0.073675,0,0.25103
17/12/2023,10:00:00,0.172496,0.073614,0,0.24611
17/12/2023,11:00:00,0.167771,0.073553,0,0.241324
17/12/2023,12:00:00,0.163174,0.073491,0,0.236665
17/12/2023,13:00:00,0.158704,0.07343,0,0.232134
17/12/2023,14:00:00,0.154356,0.073369,0,0.227725
17/12/2023,15:00:00,0.150128,0.073308,0,0.223436
17/12/2023,16:00:00,0.151099,0.073285,0,0.224384
17/12/2023,17:00:00,0.146959,0.073224,0,0.220183
17/12/2023,18:00:00,0.142933,0.073163,0,0.216096
17/12/2023,19:00:00,0.139017,0.073102,0,0.212119
17/12/2023,20:00:00,0.135209,0.073041,0,0.20825
17/12/2023,21:00:00,0.131505,0.072981,0,0.204486
17/12/2023,22:00:00,0.127902,0.07292,0,0.200822
17/12/2023,23:00:00,0.124398,0.072859,0,0.197257
18/12/2023,00:00:00,0.12099,0.072798,0,0.193788
18/12/2023,01:00:00,0.117676,0.072738,0,0.190414
18/12/2023,02:00:00,0.114452,0.072677,0,0.187129
18/12/2023,03:00:00,0.111316,0.072617,0,0.183933
18/12/2023,04:00:00,0.108267,0.072556,0,0.180823
18/12/2023,05:00:00,0.105301,0.072496,0,0.177797
18/12/2023,06:00:00,0.102416,0.072435,0,0.174851
18/12/2023,07:00:00,0.09961,0.072375,0,0.171985
18/12/2023,08:00:00,0.096881,0.072315,0,0.169196
18/12/2023,09:00:00,0.094227,0.072254,0,0.166481
18/12/2023,10:00:00,0.091646,0.072194,0,0.16384
18/12/2023,11:00:00,0.089135,0.072134,0,0.161269
18/12/2023,12:00:00,0.086693,0.072074,0,0.158767
18/12/2023,13:00:00,0.084318,0.072014,0,0.156332
18/12/2023,14:00:00,0.082008,0.071954,0,0.153962
18/12/2023,15:00:00,0.079762,0.071894,0,0.151656
18/12/2023,16:00:00,0.077577,0.071834,0,0.149411
18/12/2023,17:00:00,0.075451,0.071774,0,0.147225
18/12/2023,18:00:00,0.073384,0.071715,0,0.145099
18/12/2023,19:00:00,0.071374,0.071655,0,0.143029
18/12/2023,20:00:00,0.069419,0.071595,0,0.141014
18/12/2023,21:00:00,0.067517,0.071535,0,0.139052
18/12/2023,22:00:00,0.065667,0.071476,0,0.137143
18/12/2023,23:00:00,0.063868,0.071416,0,0.135284
19/12/2023,00:00:00,0.062118,0.071357,0,0.133475
19/12/2023,01:00:00,0.060417,0.071297,0,0.131714
19/12/2023,02:00:00,0.058762,0.071238,0,0.13
19/12/2023,03:00:00,0.057152,0.071179,0,0.128331
19/12/2023,04:00:00,0.055586,0.071119,0,0.126705
19/12/2023,05:00:00,0.054063,0.07106,0.038058,0.125123
19/12/2023,06:00:00,0.052582,0.071001,0.001937,0.123583
19/12/2023,07:00:00,0.051142,0.070942,0,0.122084
19/12/2023,08:00:00,0.049741,0.070883,0.218868,0.120624
19/12/2023,09:00:00,0.048378,0.070824,0.524968,0.119202
19/12/2023,10:00:00,0.047053,0.070765,0.530481,0.117818
19/12/2023,11:00:00,0.045764,0.070706,0.824988,0.11647
19/12/2023,12:00:00,0.04451,0.070647,1.011282,0.115157
19/12/2023,13:00:00,0.04329,0.070588,1.98108,0.113878
19/12/2023,14:00:00,0.042105,0.070529,1.011848,0.112634
19/12/2023,15:00:00,0.040951,0.07047,2.197027,0.111421
19/12/2023,16:00:00,0.039829,0.070412,3.192544,0.110241
19/12/2023,17:00:00,0.038738,0.070353,0.604153,0.109091
19/12/2023,18:00:00,0.037677,0.070295,0.489026,0.107972
19/12/2023,19:00:00,0.036645,0.070236,1.146585,0.106881
19/12/2023,20:00:00,0.035641,0.070177,1.018226,0.105818
19/12/2023,21:00:00,0.038686,0.07015,0.048906,0.108836
19/12/2023,22:00:00,0.037783,0.070092,0,0.107875
19/12/2023,23:00:00,0.036748,0.070034,0,0.106782
20/12/2023,00:00:00,0.059059,0.070153,0,0.129212
20/12/2023,01:00:00,0.113532,0.070521,0,0.184053
20/12/2023,02:00:00,0.1672,0.070894,0,0.238094
20/12/2023,03:00:00,0.251171,0.071508,0,0.322679
20/12/2023,04:00:00,0.353208,0.072276,0,0.425484
20/12/2023,05:00:00,0.558125,0.073847,0,0.631972
20/12/2023,06:00:00,0.652958,0.074623,0,0.727581
20/12/2023,07:00:00,0.875675,0.076389,0,0.952064
20/12/2023,08:00:00,1.204681,0.079009,0,1.28369
20/12/2023,09:00:00,1.238803,0.079453,0,1.318256
20/12/2023,10:00:00,1.259267,0.079801,0,1.339068
20/12/2023,11:00:00,1.352877,0.080708,0,1.433585
20/12/2023,12:00:00,1.429981,0.081509,0,1.51149
20/12/2023,13:00:00,1.396131,0.081481,0,1.477612
20/12/2023,14:00:00,1.357883,0.081413,0,1.439296
20/12/2023,15:00:00,1.320683,0.081346,0.028551,1.402029
20/12/2023,16:00:00,1.284502,0.081278,0.087112,1.36578
20/12/2023,17:00:00,1.249313,0.08121,0.004351,1.330523
20/12/2023,18:00:00,1.215087,0.081143,0,1.29623
20/12/2023,19:00:00,1.181799,0.081075,0,1.262874
20/12/2023,20:00:00,1.149423,0.081007,0,1.23043
20/12/2023,21:00:00,1.117934,0.08094,0.133216,1.198874
20/12/2023,22:00:00,1.087308,0.080872,0.111461,1.16818
20/12/2023,23:00:00,1.057521,0.080805,0.005335,1.138326
21/12/2023,00:00:00,1.028549,0.080738,0.028551,1.109287
21/12/2023,01:00:00,1.000371,0.080671,0.001431,1.081042
21/12/2023,02:00:00,0.972966,0.080603,0,1.053569
21/12/2023,03:00:00,0.946311,0.080536,0,1.026847
21/12/2023,04:00:00,0.920386,0.080469,0,1.000855
21/12/2023,05:00:00,0.895172,0.080402,0,0.975574
21/12/2023,06:00:00,0.870648,0.080335,0,0.950983
21/12/2023,07:00:00,0.849475,0.080289,0.361592,0.929764
21/12/2023,08:00:00,0.835449,0.080292,0.674993,0.915741
21/12/2023,09:00:00,0.812561,0.080225,0.033438,0.892786
21/12/2023,10:00:00,0.7903,0.080158,0.570923,0.870458
21/12/2023,11:00:00,0.76865,0.080091,0.324041,0.848741
21/12/2023,12:00:00,0.747592,0.080025,0.300497,0.827617
21/12/2023,13:00:00,0.741442,0.080067,0.014514,0.821509
21/12/2023,14:00:00,0.732995,0.080091,0.028551,0.813086
21/12/2023,15:00:00,0.712914,0.080024,0.00146,0.792938
21/12/2023,16:00:00,0.695873,0.079976,0,0.775849
21/12/2023,17:00:00,0.676809,0.079909,0,0.756718
21/12/2023,18:00:00,0.658268,0.079843,0,0.738111
21/12/2023,19:00:00,0.640234,0.079776,0,0.72001
21/12/2023,20:00:00,0.622695,0.07971,0,0.702405
21/12/2023,21:00:00,0.605636,0.079644,0,0.68528
21/12/2023,22:00:00,0.589044,0.079577,0,0.668621
21/12/2023,23:00:00,0.612791,0.079814,0.228375,0.692605
22/12/2023,00:00:00,0.671308,0.08032,0.534981,0.751628
22/12/2023,01:00:00,0.6558,0.080275,0.407279,0.736075
22/12/2023,02:00:00,0.701499,0.080692,0.019372,0.782191
22/12/2023,03:00:00,0.718056,0.080897,0,0.798953
22/12/2023,04:00:00,0.731506,0.081081,0,0.812587
22/12/2023,05:00:00,0.712143,0.081019,0,0.793162
22/12/2023,06:00:00,0.694883,0.080968,0,0.775851
22/12/2023,07:00:00,0.675847,0.080901,0.114173,0.756748
22/12/2023,08:00:00,0.657332,0.080834,1.204789,0.738166
22/12/2023,09:00:00,0.639324,0.080766,0.118136,0.72009
22/12/2023,10:00:00,0.621809,0.080699,0.002891,0.702508
22/12/2023,11:00:00,0.604774,0.080632,0,0.685406
22/12/2023,12:00:00,0.588206,0.080565,0,0.668771
22/12/2023,13:00:00,0.572092,0.080498,0,0.65259
22/12/2023,14:00:00,0.556419,0.08043,0,0.636849
22/12/2023,15:00:00,0.565934,0.080552,0.047594,0.646486
22/12/2023,16:00:00,0.61004,0.080938,0.002414,0.690978
22/12/2023,17:00:00,0.638487,0.081214,0,0.719701
22/12/2023,18:00:00,0.622007,0.081154,0,0.703161
22/12/2023,19:00:00,0.604967,0.081086,0,0.686053
22/12/2023,20:00:00,0.588393,0.081018,0,0.669411
22/12/2023,21:00:00,0.572274,0.080951,0,0.653225
22/12/2023,22:00:00,0.556596,0.080884,0,0.63748
22/12/2023,23:00:00,0.553106,0.080906,0,0.634012
23/12/2023,00:00:00,0.674189,0.081874,0,0.756063
23/12/2023,01:00:00,0.667957,0.081899,0,0.749856
23/12/2023,02:00:00,0.649658,0.08183,0,0.731488
23/12/2023,03:00:00,0.63186,0.081762,0,0.713622
23/12/2023,04:00:00,0.61455,0.081694,0,0.696244
23/12/2023,05:00:00,0.597714,0.081626,0,0.67934
23/12/2023,06:00:00,0.581339,0.081558,0,0.662897
23/12/2023,07:00:00,0.569522,0.081521,0,0.651043
23/12/2023,08:00:00,0.55392,0.081453,0,0.635373
23/12/2023,09:00:00,0.538745,0.081386,0,0.620131
23/12/2023,10:00:00,0.523985,0.081318,0,0.605303
23/12/2023,11:00:00,0.509631,0.08125,0,0.590881
23/12/2023,12:00:00,0.495669,0.081182,0,0.576851
23/12/2023,13:00:00,0.48209,0.081115,0,0.563205
23/12/2023,14:00:00,0.468883,0.081047,0,0.54993
23/12/2023,15:00:00,0.456037,0.08098,0,0.537017
23/12/2023,16:00:00,0.443544,0.080912,0,0.524456
23/12/2023,17:00:00,0.431393,0.080845,0,0.512238
23/12/2023,18:00:00,0.419575,0.080777,0,0.500352
23/12/2023,19:00:00,0.40808,0.08071,0,0.48879
23/12/2023,20:00:00,0.396901,0.080643,0,0.477544
23/12/2023,21:00:00,0.386027,0.080576,0,0.466603
23/12/2023,22:00:00,0.375452,0.080509,0,0.455961
23/12/2023,23:00:00,0.365166,0.080442,0,0.445608
24/12/2023,00:00:00,0.355162,0.080375,0,0.435537
24/12/2023,01:00:00,0.345432,0.080308,0,0.42574
24/12/2023,02:00:00,0.335969,0.080241,1.484454,0.41621
24/12/2023,03:00:00,0.326765,0.080174,2.720892,0.406939
24/12/2023,04:00:00,0.317813,0.080107,1.695216,0.39792
24/12/2023,05:00:00,0.309107,0.08004,1.535326,0.389147
24/12/2023,06:00:00,0.300638,0.079974,1.672745,0.380612
24/12/2023,07:00:00,0.292402,0.079907,0.947297,0.372309
24/12/2023,08:00:00,0.284392,0.079841,1.233518,0.364233
24/12/2023,09:00:00,0.276601,0.079774,0.184238,0.356375
24/12/2023,10:00:00,0.269023,0.079708,1.643002,0.348731
24/12/2023,11:00:00,0.261653,0.079641,2.452701,0.341294
24/12/2023,12:00:00,0.254485,0.079575,0.691563,0.33406
24/12/2023,13:00:00,0.247513,0.079509,0.029057,0.327022
24/12/2023,14:00:00,0.240732,0.079442,0.390142,0.320174
24/12/2023,15:00:00,0.234137,0.079376,0.857234,0.313513
24/12/2023,16:00:00,0.227723,0.07931,0.328094,0.307033
24/12/2023,17:00:00,0.221485,0.079244,0.014514,0.300729
24/12/2023,18:00:00,0.38539,0.08047,0.314027,0.46586
24/12/2023,19:00:00,0.688678,0.082789,0.510782,0.771467
24/12/2023,20:00:00,0.866782,0.084217,0.301152,0.950999
24/12/2023,21:00:00,1.022394,0.08551,0.375628,1.107904
24/12/2023,22:00:00,1.190853,0.086932,0.237286,1.277785
24/12/2023,23:00:00,1.269954,0.087709,0.011116,1.357663
25/12/2023,00:00:00,1.381194,0.088746,0,1.46994
25/12/2023,01:00:00,1.365176,0.088838,0,1.454014
25/12/2023,02:00:00,1.523352,0.090251,0,1.613603
25/12/2023,03:00:00,1.775583,0.09241,0,1.867993
25/12/2023,04:00:00,1.81022,0.092966,0.114202,1.903186
25/12/2023,05:00:00,1.764095,0.092915,0.25323,1.85701
25/12/2023,06:00:00,1.762827,0.093195,0.250459,1.856022
25/12/2023,07:00:00,1.818192,0.093906,0.050187,1.912098
25/12/2023,08:00:00,1.808115,0.09413,0.373036,1.902245
25/12/2023,09:00:00,1.760319,0.094064,0.589848,1.854383
25/12/2023,10:00:00,1.750172,0.094275,0.095665,1.844447
25/12/2023,11:00:00,1.764263,0.094668,0.812203,1.858931
25/12/2023,12:00:00,1.752549,0.094868,0.888079,1.847417
25/12/2023,13:00:00,1.750273,0.095137,1.061291,1.84541
25/12/2023,14:00:00,1.73124,0.095277,1.250774,1.826517
25/12/2023,15:00:00,1.685168,0.095208,2.677858,1.780376
25/12/2023,16:00:00,1.639002,0.095129,1.227468,1.734131
25/12/2023,17:00:00,1.594101,0.09505,0.874072,1.689151
25/12/2023,18:00:00,1.55043,0.09497,0.469834,1.6454
25/12/2023,19:00:00,1.507955,0.094891,0.278741,1.602846
25/12/2023,20:00:00,1.480347,0.094916,0.17482,1.575263
25/12/2023,21:00:00,1.470422,0.09507,0.074863,1.565492
25/12/2023,22:00:00,1.46041,0.095221,0.098526,1.555631
25/12/2023,23:00:00,1.426158,0.095186,0.395,1.521344
26/12/2023,00:00:00,1.432281,0.09545,1.789778,1.527731
26/12/2023,01:00:00,1.464804,0.095916,1.212925,1.56072
26/12/2023,02:00:00,1.435879,0.095921,0.989676,1.5318
26/12/2023,03:00:00,1.495692,0.096595,0.114083,1.592287
26/12/2023,04:00:00,1.563424,0.097341,0.003397,1.660765
26/12/2023,05:00:00,1.650979,0.098251,0,1.74923
26/12/2023,06:00:00,1.760057,0.099342,0,1.859399
26/12/2023,07:00:00,2.04506,0.101792,0,2.146852
26/12/2023,08:00:00,2.142239,0.102872,0,2.245111
26/12/2023,09:00:00,2.192704,0.103616,0,2.29632
26/12/2023,10:00:00,2.190961,0.103973,0,2.294934
26/12/2023,11:00:00,2.165135,0.104146,0,2.269281
26/12/2023,12:00:00,2.126857,0.104219,0,2.231076
26/12/2023,13:00:00,2.076937,0.104196,0,2.181133
26/12/2023,14:00:00,2.031333,0.104195,0,2.135528
26/12/2023,15:00:00,2.02446,0.104479,0,2.128939
26/12/2023,16:00:00,2.195083,0.106111,0,2.301194
26/12/2023,17:00:00,2.288485,0.107189,0,2.395674
26/12/2023,18:00:00,2.351274,0.108054,0,2.459328
26/12/2023,19:00:00,2.300256,0.108066,0,2.408322
26/12/2023,20:00:00,2.237239,0.107976,0,2.345215
26/12/2023,21:00:00,2.175949,0.107886,0,2.283835
26/12/2023,22:00:00,2.116338,0.107796,0,2.224134
26/12/2023,23:00:00,2.058359,0.107706,0,2.166065
27/12/2023,00:00:00,2.001969,0.107616,0,2.109585
27/12/2023,01:00:00,1.947124,0.107527,0,2.054651
27/12/2023,02:00:00,1.893782,0.107437,0,2.001219
27/12/2023,03:00:00,1.841901,0.107348,0,1.949249
27/12/2023,04:00:00,1.791441,0.107258,1.113325,1.898699
27/12/2023,05:00:00,1.742363,0.107169,1.369834,1.849532
27/12/2023,06:00:00,1.694631,0.10708,0.200063,1.801711
27/12/2023,07:00:00,1.648205,0.10699,0.101924,1.755195
27/12/2023,08:00:00,1.603052,0.106901,0.004858,1.709953
27/12/2023,09:00:00,1.559135,0.106812,0,1.665947
27/12/2023,10:00:00,1.516422,0.106723,0,1.623145
27/12/2023,11:00:00,1.474879,0.106634,0,1.581513
27/12/2023,12:00:00,1.434474,0.106546,0,1.54102
27/12/2023,13:00:00,1.395175,0.106457,0,1.501632
27/12/2023,14:00:00,1.356954,0.106368,0,1.463322
27/12/2023,15:00:00,1.31978,0.10628,0,1.42606
27/12/2023,16:00:00,1.283623,0.106191,0,1.389814
27/12/2023,17:00:00,1.248458,0.106103,0,1.354561
27/12/2023,18:00:00,1.214256,0.106014,0,1.32027
27/12/2023,19:00:00,1.180991,0.105926,0,1.286917
27/12/2023,20:00:00,1.290229,0.106914,0,1.397143
27/12/2023,21:00:00,1.430005,0.108156,0,1.538161
27/12/2023,22:00:00,1.415167,0.108251,0,1.523418
27/12/2023,23:00:00,1.387992,0.108249,0,1.496241
28/12/2023,00:00:00,1.349968,0.108159,0,1.458127
28/12/2023,01:00:00,1.312984,0.108069,0,1.421053
28/12/2023,02:00:00,1.277015,0.107979,0,1.384994
28/12/2023,03:00:00,1.24203,0.107889,0,1.349919
28/12/2023,04:00:00,1.208004,0.107799,0,1.315803
28/12/2023,05:00:00,1.17491,0.107709,0,1.282619
28/12/2023,06:00:00,1.142723,0.107619,0,1.250342
28/12/2023,07:00:00,1.111417,0.10753,0,1.218947
28/12/2023,08:00:00,1.080969,0.10744,0,1.188409
28/12/2023,09:00:00,1.051356,0.107351,0,1.158707
28/12/2023,10:00:00,1.022553,0.107261,0,1.129814
28/12/2023,11:00:00,0.99454,0.107172,0,1.101712
28/12/2023,12:00:00,0.967294,0.107083,0,1.074377
28/12/2023,13:00:00,0.940794,0.106993,0,1.047787
28/12/2023,14:00:00,0.915021,0.106904,0,1.021925
28/12/2023,15:00:00,0.889953,0.106815,0,0.996768
28/12/2023,16:00:00,0.865573,0.106726,0,0.972299
28/12/2023,17:00:00,0.84186,0.106637,0,0.948497
28/12/2023,18:00:00,0.818797,0.106548,0,0.925345
28/12/2023,19:00:00,0.796365,0.10646,0,0.902825
28/12/2023,20:00:00,0.774548,0.106371,0,0.880919
28/12/2023,21:00:00,0.753329,0.106282,0,0.859611
28/12/2023,22:00:00,0.732691,0.106194,0,0.838885
28/12/2023,23:00:00,0.712619,0.106105,0,0.818724
29/12/2023,00:00:00,0.693096,0.106017,0.161767,0.799113
29/12/2023,01:00:00,0.674109,0.105929,0.255644,0.780038
29/12/2023,02:00:00,0.655641,0.10584,0.012577,0.761481
29/12/2023,03:00:00,0.637679,0.105752,0,0.743431
29/12/2023,04:00:00,0.62021,0.105664,0,0.725874
29/12/2023,05:00:00,0.603219,0.105576,0,0.708795
29/12/2023,06:00:00,0.586693,0.105488,0.076115,0.692181
29/12/2023,07:00:00,0.570621,0.1054,0.003874,0.676021
29/12/2023,08:00:00,0.554988,0.105313,0.285476,0.660301
29/12/2023,09:00:00,0.539784,0.105225,0.014544,0.645009
29/12/2023,10:00:00,0.524996,0.105137,0.761241,0.630133
29/12/2023,11:00:00,0.510614,0.10505,3.388286,0.615664
29/12/2023,12:00:00,0.496625,0.104962,0.893652,0.601587
29/12/2023,13:00:00,0.48302,0.104875,0.036806,0.587895
29/12/2023,14:00:00,0.469787,0.104787,0,0.574574
29/12/2023,15:00:00,0.456917,0.1047,0,0.561617
29/12/2023,16:00:00,0.464781,0.104768,0,0.569549
29/12/2023,17:00:00,0.484533,0.104927,0.066608,0.58946
29/12/2023,18:00:00,0.472341,0.104848,2.16347,0.577189
29/12/2023,19:00:00,0.459401,0.104761,0.109941,0.564162
29/12/2023,20:00:00,0.446815,0.104674,0,0.551489
29/12/2023,21:00:00,0.434574,0.104586,0,0.53916
29/12/2023,22:00:00,0.431846,0.104569,0,0.536415
29/12/2023,23:00:00,0.420015,0.104482,0,0.524497
30/12/2023,00:00:00,0.444686,0.10467,0,0.549356
30/12/2023,01:00:00,0.433643,0.104591,0,0.538234
30/12/2023,02:00:00,0.519526,0.105247,0,0.624773
30/12/2023,03:00:00,0.945857,0.108509,0,1.054366
30/12/2023,04:00:00,1.036283,0.109303,0,1.145586
30/12/2023,05:00:00,1.011859,0.109242,0,1.121101
30/12/2023,06:00:00,0.984139,0.109151,0,1.09329
30/12/2023,07:00:00,0.957178,0.10906,0,1.066238
30/12/2023,08:00:00,0.930956,0.108969,0,1.039925
30/12/2023,09:00:00,0.913218,0.108937,0,1.022155
30/12/2023,10:00:00,1.17223,0.111005,0,1.283235
30/12/2023,11:00:00,1.153605,0.111016,0,1.264621
30/12/2023,12:00:00,1.122001,0.110923,0,1.232924
30/12/2023,13:00:00,1.091263,0.110831,0,1.202094
30/12/2023,14:00:00,1.061368,0.110738,0,1.172106
30/12/2023,15:00:00,1.032291,0.110646,0,1.142937
30/12/2023,16:00:00,1.004011,0.110554,0,1.114565
30/12/2023,17:00:00,0.976505,0.110462,0,1.086967
30/12/2023,18:00:00,0.949754,0.11037,0,1.060124
30/12/2023,19:00:00,0.923735,0.110278,0,1.034013
30/12/2023,20:00:00,0.898428,0.110186,0,1.008614
30/12/2023,21:00:00,0.873815,0.110094,0,0.983909
30/12/2023,22:00:00,0.849877,0.110003,0,0.95988
30/12/2023,23:00:00,0.826594,0.109911,0,0.936505
31/12/2023,00:00:00,0.803949,0.109819,0,0.913768
31/12/2023,01:00:00,0.781924,0.109728,0,0.891652
31/12/2023,02:00:00,0.760503,0.109637,0,0.87014
31/12/2023,03:00:00,0.739669,0.109545,0,0.849214
31/12/2023,04:00:00,0.719405,0.109454,0,0.828859
31/12/2023,05:00:00,0.699697,0.109363,0,0.80906
31/12/2023,06:00:00,0.680528,0.109272,0.038058,0.7898
31/12/2023,07:00:00,0.661885,0.109181,0.039995,0.771066
31/12/2023,08:00:00,0.643752,0.10909,1.695722,0.752842
31/12/2023,09:00:00,0.626116,0.108999,0.086218,0.735115
31/12/2023,10:00:00,0.608963,0.108908,0.494808,0.717871
31/12/2023,11:00:00,0.592281,0.108817,0.025183,0.701098
31/12/2023,12:00:00,0.576055,0.108727,0,0.684782
31/12/2023,13:00:00,0.560273,0.108636,0,0.668909
31/12/2023,14:00:00,0.544924,0.108546,0,0.65347
31/12/2023,15:00:00,0.529996,0.108455,0,0.638451
31/12/2023,16:00:00,0.515476,0.108365,0,0.623841
31/12/2023,17:00:00,0.501355,0.108275,0,0.60963
31/12/2023,18:00:00,0.48762,0.108184,0.209361,0.595804
31/12/2023,19:00:00,0.474261,0.108094,0.010639,0.582355
31/12/2023,20:00:00,0.461269,0.108004,0,0.569273
31/12/2023,21:00:00,0.448632,0.107914,0,0.556546
31/12/2023,22:00:00,0.440078,0.107853,0,0.547931
31/12/2023,23:00:00,0.432073,0.107794,0.923038,0.539867
01/01/2024,00:00:00,0.643575,0.109402,0.046968,0.752977
01/01/2024,01:00:00,0.636263,0.109389,0.266433,0.745652
01/01/2024,02:00:00,0.683509,0.109789,0.965148,0.793298
01/01/2024,03:00:00,0.66712,0.109716,0.666946,0.776836
01/01/2024,04:00:00,0.648844,0.109624,0.031471,0.758468
01/01/2024,05:00:00,0.631069,0.109533,0.038058,0.740602
01/01/2024,06:00:00,0.61378,0.109442,0.14469,0.723222
01/01/2024,07:00:00,0.596965,0.109351,0.425935,0.706316
01/01/2024,08:00:00,0.580611,0.10926,0.240177,0.689871
01/01/2024,09:00:00,0.564705,0.109169,0.981748,0.673874
01/01/2024,10:00:00,0.576466,0.109285,0.049382,0.685751
01/01/2024,11:00:00,0.561537,0.1092,0,0.670737
01/01/2024,12:00:00,0.546154,0.109109,0,0.655263
01/01/2024,13:00:00,0.531192,0.109018,0,0.64021
01/01/2024,14:00:00,0.516639,0.108927,0,0.625566
01/01/2024,15:00:00,0.625128,0.109769,0,0.734897
01/01/2024,16:00:00,0.613966,0.109723,0,0.723689
01/01/2024,17:00:00,0.632391,0.109899,0,0.74229
01/01/2024,18:00:00,0.743794,0.110786,0,0.85458
01/01/2024,19:00:00,0.812475,0.111371,0.266463,0.923846
01/01/2024,20:00:00,0.794077,0.111308,0.01356,0.905385
01/01/2024,21:00:00,0.777052,0.111251,0.142723,0.888303
01/01/2024,22:00:00,0.774791,0.111303,0.625789,0.886094
01/01/2024,23:00:00,0.810386,0.111642,1.89656,0.922028
02/01/2024,00:00:00,0.820061,0.111791,2.626091,0.931852
02/01/2024,01:00:00,0.92943,0.1127,2.888381,1.04213
02/01/2024,02:00:00,0.910179,0.112654,3.508985,1.022833
02/01/2024,03:00:00,0.885244,0.11256,1.494139,0.997804
02/01/2024,04:00:00,0.860993,0.112466,0.819057,0.973459
02/01/2024,05:00:00,0.837405,0.112372,0.447422,0.949777
02/01/2024,06:00:00,0.814464,0.112279,0.077933,0.926743
02/01/2024,07:00:00,0.792152,0.112185,0.002921,0.904337
02/01/2024,08:00:00,0.77045,0.112092,0,0.882542
02/01/2024,09:00:00,0.749343,0.111998,0,0.861341
02/01/2024,10:00:00,0.728815,0.111905,0.770748,0.84072
02/01/2024,11:00:00,0.744227,0.112081,2.123177,0.856308
02/01/2024,12:00:00,0.725068,0.111997,2.789497,0.837065
02/01/2024,13:00:00,0.723867,0.112045,0.383973,0.835912
02/01/2024,14:00:00,0.788026,0.112591,1.868159,0.900617
02/01/2024,15:00:00,1.023217,0.114449,1.302928,1.137666
02/01/2024,16:00:00,1.35339,0.117076,0.327945,1.470466
02/01/2024,17:00:00,1.713599,0.119999,0.01356,1.833598
02/01/2024,18:00:00,2.154018,0.123603,0,2.277621
02/01/2024,19:00:00,2.303697,0.125087,0,2.428784
02/01/2024,20:00:00,2.355112,0.125853,0,2.480965
02/01/2024,21:00:00,2.353017,0.126223,0,2.47924
02/01/2024,22:00:00,2.298976,0.126197,0,2.425173
02/01/2024,23:00:00,2.235994,0.126092,0,2.362086
03/01/2024,00:00:00,2.174738,0.125987,0,2.300725
03/01/2024,01:00:00,2.11516,0.125882,0,2.241042
03/01/2024,02:00:00,2.165478,0.1266,0,2.292078
03/01/2024,03:00:00,2.406494,0.128777,0,2.535271
03/01/2024,04:00:00,2.738132,0.131692,0.352085,2.869824
03/01/2024,05:00:00,2.717728,0.131997,4.024029,2.849725
03/01/2024,06:00:00,2.911492,0.133926,3.172785,3.045418
03/01/2024,07:00:00,3.019539,0.135242,0.722051,3.154781
03/01/2024,08:00:00,2.983924,0.135488,0.029057,3.119412
03/01/2024,09:00:00,2.903789,0.135387,0,3.039176
03/01/2024,10:00:00,2.824239,0.135274,0.380605,2.959513
03/01/2024,11:00:00,2.746867,0.135162,1.446754,2.882029
03/01/2024,12:00:00,2.671615,0.135049,0.072628,2.806664
03/01/2024,13:00:00,2.598425,0.134937,0,2.733362
03/01/2024,14:00:00,2.52724,0.134824,0,2.662064
03/01/2024,15:00:00,2.458004,0.134712,0.903994,2.592716
03/01/2024,16:00:00,2.390666,0.1346,0.873864,2.525266
03/01/2024,17:00:00,2.325173,0.134488,0.04214,2.459661
03/01/2024,18:00:00,2.261473,0.134376,0.466287,2.395849
03/01/2024,19:00:00,2.199519,0.134264,1.812667,2.333783
03/01/2024,20:00:00,2.189939,0.134537,3.64992,2.324476
03/01/2024,21:00:00,2.716338,0.138882,0.523686,2.85522
03/01/2024,22:00:00,3.108873,0.142316,0.017434,3.251189
03/01/2024,23:00:00,3.130205,0.143007,0,3.273212
04/01/2024,00:00:00,3.048293,0.142917,0,3.19121
04/01/2024,01:00:00,2.964784,0.142798,0,3.107582
04/01/2024,02:00:00,2.939502,0.143104,0,3.082606
04/01/2024,03:00:00,3.073575,0.144616,0.161767,3.218191
04/01/2024,04:00:00,2.999616,0.144574,0.931263,3.14419
04/01/2024,05:00:00,2.917441,0.144453,0.83679,3.061894
04/01/2024,06:00:00,2.837516,0.144333,0.344694,2.981849
04/01/2024,07:00:00,2.894013,0.145233,1.033664,3.039246
04/01/2024,08:00:00,2.944758,0.146101,3.030241,3.090859
04/01/2024,09:00:00,2.869667,0.146021,0.37998,3.015688
04/01/2024,10:00:00,2.86018,0.146425,0.60159,3.006605
04/01/2024,11:00:00,3.053591,0.148369,0.030011,3.20196
04/01/2024,12:00:00,3.522071,0.152442,0,3.674513
04/01/2024,13:00:00,3.504514,0.152915,0,3.657429
04/01/2024,14:00:00,3.410273,0.152801,0,3.563074
04/01/2024,15:00:00,3.316847,0.152674,0,3.469521
04/01/2024,16:00:00,3.22598,0.152547,0,3.378527
04/01/2024,17:00:00,3.137603,0.15242,0,3.290023
04/01/2024,18:00:00,3.051646,0.152293,0,3.203939
04/01/2024,19:00:00,2.991839,0.152347,0,3.144186
04/01/2024,20:00:00,3.051241,0.153295,0.256926,3.204536
04/01/2024,21:00:00,3.09491,0.154134,1.497537,3.249044
04/01/2024,22:00:00,3.06215,0.154401,0.227809,3.216551
04/01/2024,23:00:00,3.136243,0.155474,0.007749,3.291717
05/01/2024,00:00:00,3.517619,0.158896,0,3.676515
05/01/2024,01:00:00,3.479429,0.159206,0,3.638635
05/01/2024,02:00:00,3.476817,0.159778,0,3.636595
05/01/2024,03:00:00,3.385481,0.159675,0,3.545156
05/01/2024,04:00:00,3.292735,0.159542,0,3.452277
05/01/2024,05:00:00,3.202528,0.159409,0,3.361937
05/01/2024,06:00:00,3.114793,0.159276,0,3.274069
05/01/2024,07:00:00,3.029462,0.159144,0.066608,3.188606
05/01/2024,08:00:00,2.946468,0.159011,0.184178,3.105479
05/01/2024,09:00:00,2.865748,0.158879,0.266135,3.024627
05/01/2024,10:00:00,2.78724,0.158746,0.013083,2.945986
05/01/2024,11:00:00,2.710882,0.158614,0,2.869496
05/01/2024,12:00:00,2.675983,0.158781,1.198977,2.834764
05/01/2024,13:00:00,2.835597,0.160419,0.213265,2.996016
05/01/2024,14:00:00,2.792949,0.160552,0.074357,2.953501
05/01/2024,15:00:00,2.717096,0.160423,0.003397,2.877519
05/01/2024,16:00:00,2.642659,0.16029,0.057101,2.802949
05/01/2024,17:00:00,2.570263,0.160156,0.002891,2.730419
05/01/2024,18:00:00,2.499849,0.160023,0,2.659872
05/01/2024,19:00:00,2.431364,0.159889,0.123709,2.591253
05/01/2024,20:00:00,2.364756,0.159756,0.006288,2.524512
05/01/2024,21:00:00,2.299972,0.159623,0,2.459595
05/01/2024,22:00:00,2.236963,0.15949,0,2.396453
05/01/2024,23:00:00,2.185722,0.159434,0,2.345156
06/01/2024,00:00:00,2.154298,0.159517,0,2.313815
06/01/2024,01:00:00,2.136598,0.159698,0,2.296296
06/01/2024,02:00:00,2.079806,0.159579,0,2.239385
06/01/2024,03:00:00,2.022829,0.159446,0,2.182275
06/01/2024,04:00:00,2.15515,0.16074,0,2.31589
06/01/2024,05:00:00,2.129375,0.160859,0,2.290234
06/01/2024,06:00:00,2.08251,0.160812,0,2.243322
06/01/2024,07:00:00,2.025798,0.160681,0,2.186479
06/01/2024,08:00:00,1.979104,0.160614,0,2.139718
06/01/2024,09:00:00,1.925195,0.160482,0,2.085677
06/01/2024,10:00:00,1.872453,0.160349,0,2.032802
06/01/2024,11:00:00,1.840503,0.160362,0,2.000865
06/01/2024,12:00:00,1.790993,0.160236,0,1.951229
06/01/2024,13:00:00,1.741927,0.160102,0,1.902029
06/01/2024,14:00:00,1.694206,0.159969,0,1.854175
06/01/2024,15:00:00,1.647793,0.159835,0,1.807628
06/01/2024,16:00:00,1.602651,0.159702,0,1.762353
06/01/2024,17:00:00,1.558745,0.159569,0,1.718314
06/01/2024,18:00:00,1.516043,0.159436,0,1.675479
06/01/2024,19:00:00,1.47451,0.159304,0,1.633814
06/01/2024,20:00:00,1.434115,0.159171,0,1.593286
06/01/2024,21:00:00,1.394826,0.159038,0,1.553864
06/01/2024,22:00:00,1.356614,0.158906,0,1.51552
06/01/2024,23:00:00,1.319449,0.158773,0,1.478222
07/01/2024,00:00:00,1.283302,0.158641,0,1.441943
07/01/2024,01:00:00,1.248146,0.158509,0,1.406655
07/01/2024,02:00:00,1.213952,0.158377,0,1.372329
07/01/2024,03:00:00,1.180695,0.158245,0,1.33894
07/01/2024,04:00:00,1.148349,0.158113,0,1.306462
07/01/2024,05:00:00,1.11689,0.157982,0,1.274872
07/01/2024,06:00:00,1.086292,0.15785,0,1.244142
07/01/2024,07:00:00,1.056532,0.157718,0,1.21425
07/01/2024,08:00:00,1.027588,0.157587,0,1.185175
07/01/2024,09:00:00,0.999437,0.157456,0,1.156893
07/01/2024,10:00:00,0.972057,0.157325,0,1.129382
07/01/2024,11:00:00,0.945427,0.157194,0,1.102621
07/01/2024,12:00:00,0.919526,0.157063,0,1.076589
07/01/2024,13:00:00,0.894335,0.156932,0,1.051267
07/01/2024,14:00:00,0.869835,0.156801,0,1.026636
07/01/2024,15:00:00,0.846005,0.156671,0,1.002676
07/01/2024,16:00:00,0.822828,0.15654,0,0.979368
07/01/2024,17:00:00,0.800286,0.15641,0,0.956696
07/01/2024,18:00:00,0.778362,0.156279,0,0.934641
07/01/2024,19:00:00,0.757038,0.156149,0,0.913187
07/01/2024,20:00:00,0.736299,0.156019,0,0.892318
07/01/2024,21:00:00,0.716128,0.155889,0,0.872017
07/01/2024,22:00:00,0.696509,0.155759,0,0.852268
07/01/2024,23:00:00,0.677428,0.15563,0,0.833058
08/01/2024,00:00:00,0.658869,0.1555,0,0.814369
08/01/2024,01:00:00,0.640819,0.15537,0,0.796189
08/01/2024,02:00:00,0.623264,0.155241,0,0.778505
08/01/2024,03:00:00,0.606189,0.155112,0,0.761301
08/01/2024,04:00:00,0.589582,0.154982,0,0.744564
08/01/2024,05:00:00,0.57343,0.154853,0,0.728283
08/01/2024,06:00:00,0.557721,0.154724,0,0.712445
08/01/2024,07:00:00,0.542442,0.154595,0,0.697037
08/01/2024,08:00:00,0.527581,0.154467,0,0.682048
08/01/2024,09:00:00,0.513128,0.154338,0,0.667466
08/01/2024,10:00:00,0.499071,0.154209,0,0.65328
08/01/2024,11:00:00,0.485398,0.154081,0,0.639479
08/01/2024,12:00:00,0.472101,0.153953,0,0.626054
08/01/2024,13:00:00,0.459167,0.153824,0,0.612991
08/01/2024,14:00:00,0.446588,0.153696,0,0.600284
08/01/2024,15:00:00,0.434353,0.153568,0,0.587921
08/01/2024,16:00:00,0.422454,0.15344,0,0.575894
08/01/2024,17:00:00,0.410881,0.153313,0,0.564194
08/01/2024,18:00:00,0.399624,0.153185,0,0.552809
08/01/2024,19:00:00,0.388677,0.153057,0,0.541734
08/01/2024,20:00:00,0.378029,0.15293,0,0.530959
08/01/2024,21:00:00,0.367672,0.152802,0,0.520474
08/01/2024,22:00:00,0.3576,0.152675,0,0.510275
08/01/2024,23:00:00,0.347803,0.152548,0,0.500351
09/01/2024,00:00:00,0.338275,0.152421,0,0.490696
09/01/2024,01:00:00,0.329008,0.152294,0,0.481302
09/01/2024,02:00:00,0.319994,0.152167,0,0.472161
09/01/2024,03:00:00,0.311228,0.15204,0,0.463268
09/01/2024,04:00:00,0.302702,0.151914,0,0.454616
09/01/2024,05:00:00,0.294409,0.151787,0,0.446196
09/01/2024,06:00:00,0.286343,0.151661,0,0.438004
09/01/2024,07:00:00,0.278499,0.151534,0,0.430033
09/01/2024,08:00:00,0.270869,0.151408,0,0.422277
09/01/2024,09:00:00,0.263449,0.151282,0,0.414731
09/01/2024,10:00:00,0.256231,0.151156,0,0.407387
09/01/2024,11:00:00,0.249212,0.15103,0,0.400242
09/01/2024,12:00:00,0.242385,0.150904,0,0.393289
09/01/2024,13:00:00,0.235744,0.150778,0,0.386522
09/01/2024,14:00:00,0.229286,0.150653,0,0.379939
09/01/2024,15:00:00,0.223005,0.150527,0,0.373532
09/01/2024,16:00:00,0.216895,0.150402,0,0.367297
09/01/2024,17:00:00,0.210953,0.150277,0,0.36123
09/01/2024,18:00:00,0.205174,0.150152,0,0.355326
09/01/2024,19:00:00,0.199553,0.150026,0,0.349579
09/01/2024,20:00:00,0.194086,0.149901,0,0.343987
09/01/2024,21:00:00,0.188769,0.149777,0,0.338546
09/01/2024,22:00:00,0.183598,0.149652,0,0.33325
09/01/2024,23:00:00,0.178568,0.149527,0,0.328095
10/01/2024,00:00:00,0.173676,0.149403,0,0.323079
10/01/2024,01:00:00,0.168918,0.149278,0,0.318196
10/01/2024,02:00:00,0.164291,0.149154,0,0.313445
10/01/2024,03:00:00,0.15979,0.14903,0,0.30882
10/01/2024,04:00:00,0.155412,0.148905,0,0.304317
10/01/2024,05:00:00,0.151155,0.148781,0,0.299936
10/01/2024,06:00:00,0.147014,0.148658,0,0.295672
10/01/2024,07:00:00,0.142986,0.148534,0,0.29152
10/01/2024,08:00:00,0.139069,0.14841,0,0.287479
10/01/2024,09:00:00,0.135259,0.148286,0,0.283545
10/01/2024,10:00:00,0.131554,0.148163,0,0.279717
10/01/2024,11:00:00,0.12795,0.148039,0,0.275989
10/01/2024,12:00:00,0.124444,0.147916,0,0.27236
10/01/2024,13:00:00,0.121035,0.147793,0,0.268828
10/01/2024,14:00:00,0.117719,0.14767,0,0.265389
10/01/2024,15:00:00,0.114494,0.147547,0,0.262041
10/01/2024,16:00:00,0.111358,0.147424,0,0.258782
10/01/2024,17:00:00,0.108307,0.147301,0,0.255608
10/01/2024,18:00:00,0.10534,0.147178,0,0.252518
10/01/2024,19:00:00,0.102454,0.147056,0,0.24951
10/01/2024,20:00:00,0.099647,0.146933,0,0.24658
10/01/2024,21:00:00,0.096917,0.146811,0,0.243728
10/01/2024,22:00:00,0.094262,0.146689,0,0.240951
10/01/2024,23:00:00,0.09168,0.146566,0,0.238246
11/01/2024,00:00:00,0.089168,0.146444,0,0.235612
11/01/2024,01:00:00,0.086725,0.146322,0,0.233047
11/01/2024,02:00:00,0.08435,0.1462,0,0.23055
11/01/2024,03:00:00,0.082039,0.146079,0,0.228118
11/01/2024,04:00:00,0.079791,0.145957,0,0.225748
11/01/2024,05:00:00,0.077605,0.145835,0,0.22344
11/01/2024,06:00:00,0.075479,0.145714,0,0.221193
11/01/2024,07:00:00,0.073412,0.145593,0,0.219005
11/01/2024,08:00:00,0.0714,0.145471,0,0.216871
11/01/2024,09:00:00,0.069444,0.14535,0,0.214794
11/01/2024,10:00:00,0.067542,0.145229,0,0.212771
11/01/2024,11:00:00,0.065692,0.145108,0,0.2108
11/01/2024,12:00:00,0.063892,0.144987,0,0.208879
11/01/2024,13:00:00,0.062142,0.144866,0,0.207008
11/01/2024,14:00:00,0.060439,0.144746,0,0.205185
11/01/2024,15:00:00,0.058783,0.144625,0,0.203408
11/01/2024,16:00:00,0.057173,0.144505,0,0.201678
11/01/2024,17:00:00,0.055607,0.144384,0,0.199991
11/01/2024,18:00:00,0.054083,0.144264,0,0.198347
11/01/2024,19:00:00,0.052602,0.144144,0,0.196746
11/01/2024,20:00:00,0.051161,0.144024,0,0.195185
11/01/2024,21:00:00,0.049759,0.143904,0,0.193663
11/01/2024,22:00:00,0.048396,0.143784,0,0.19218
11/01/2024,23:00:00,0.04707,0.143664,0,0.190734
12/01/2024,00:00:00,0.045781,0.143544,0,0.189325
12/01/2024,01:00:00,0.044526,0.143425,0,0.187951
12/01/2024,02:00:00,0.043307,0.143305,0,0.186612
12/01/2024,03:00:00,0.04212,0.143186,0,0.185306
12/01/2024,04:00:00,0.040966,0.143067,0,0.184033
12/01/2024,05:00:00,0.039844,0.142948,0,0.182792
12/01/2024,06:00:00,0.038752,0.142829,0,0.181581
12/01/2024,07:00:00,0.037691,0.14271,0,0.180401
12/01/2024,08:00:00,0.036658,0.142591,0,0.179249
12/01/2024,09:00:00,0.035654,0.142472,0,0.178126
12/01/2024,10:00:00,0.034677,0.142353,0,0.17703
12/01/2024,11:00:00,0.033727,0.142235,0,0.175962
12/01/2024,12:00:00,0.032803,0.142116,0,0.174919
12/01/2024,13:00:00,0.031905,0.141998,0,0.173903
12/01/2024,14:00:00,0.03103,0.14188,0,0.17291
12/01/2024,15:00:00,0.03018,0.141761,0,0.171941
12/01/2024,16:00:00,0.029354,0.141643,0,0.170997
12/01/2024,17:00:00,0.028549,0.141525,0,0.170074
12/01/2024,18:00:00,0.027767,0.141407,0,0.169174
12/01/2024,19:00:00,0.027007,0.14129,0,0.168297
12/01/2024,20:00:00,0.026267,0.141172,0,0.167439
12/01/2024,21:00:00,0.025547,0.141054,0,0.166601
12/01/2024,22:00:00,0.024847,0.140937,0,0.165784
12/01/2024,23:00:00,0.024167,0.140819,0,0.164986
13/01/2024,00:00:00,0.023505,0.140702,0,0.164207
13/01/2024,01:00:00,0.022861,0.140585,0,0.163446
13/01/2024,02:00:00,0.022234,0.140468,0,0.162702
13/01/2024,03:00:00,0.021625,0.140351,0,0.161976
13/01/2024,04:00:00,0.021033,0.140234,0,0.161267
13/01/2024,05:00:00,0.020457,0.140117,0.028551,0.160574
13/01/2024,06:00:00,0.019896,0.14,0.00146,0.159896
13/01/2024,07:00:00,0.019351,0.139884,0,0.159235
13/01/2024,08:00:00,0.018821,0.139767,0,0.158588
13/01/2024,09:00:00,0.018305,0.139651,0,0.157956
13/01/2024,10:00:00,0.017804,0.139534,0,0.157338
13/01/2024,11:00:00,0.017316,0.139418,0,0.156734
13/01/2024,12:00:00,0.016842,0.139302,0,0.156144
13/01/2024,13:00:00,0.01638,0.139186,0,0.155566
13/01/2024,14:00:00,0.015932,0.13907,0,0.155002
13/01/2024,15:00:00,0.015495,0.138954,0,0.154449
13/01/2024,16:00:00,0.015071,0.138839,0,0.15391
13/01/2024,17:00:00,0.014658,0.138723,0.095159,0.153381
13/01/2024,18:00:00,0.014256,0.138607,0.109494,0.152863
13/01/2024,19:00:00,0.013866,0.138492,0.005335,0.152358
13/01/2024,20:00:00,0.013486,0.138377,0.028551,0.151863
13/01/2024,21:00:00,0.017586,0.138295,0.00146,0.155881
13/01/2024,22:00:00,0.017332,0.138182,0,0.155514
13/01/2024,23:00:00,0.016857,0.138067,0,0.154924
14/01/2024,00:00:00,0.016395,0.137952,0,0.154347
14/01/2024,01:00:00,0.015946,0.137837,0.171274,0.153783
14/01/2024,02:00:00,0.015509,0.137722,0.008732,0.153231
14/01/2024,03:00:00,0.015084,0.137607,0,0.152691
14/01/2024,04:00:00,0.014671,0.137493,0,0.152164
14/01/2024,05:00:00,0.014269,0.137378,0,0.151647
14/01/2024,06:00:00,0.013878,0.137264,0.30449,0.151142
14/01/2024,07:00:00,0.013498,0.137149,0.015497,0.150647
14/01/2024,08:00:00,0.013128,0.137035,0,0.150163
14/01/2024,09:00:00,0.027671,0.137034,0,0.164705
14/01/2024,10:00:00,0.044069,0.13705,0.038058,0.181119
14/01/2024,11:00:00,0.043696,0.136943,0.001937,0.180639
14/01/2024,12:00:00,0.046972,0.136863,0,0.183835
14/01/2024,13:00:00,0.045913,0.13675,0,0.182663
14/01/2024,14:00:00,0.044655,0.136636,0,0.181291
14/01/2024,15:00:00,0.043431,0.136523,0,0.179954
14/01/2024,16:00:00,0.042242,0.136409,0.114202,0.178651
14/01/2024,17:00:00,0.067913,0.136499,0.348359,0.204412
14/01/2024,18:00:00,0.067394,0.136396,1.149803,0.20379
14/01/2024,19:00:00,0.065548,0.136282,0.057638,0.20183
14/01/2024,20:00:00,0.063752,0.136168,0.038058,0.19992
14/01/2024,21:00:00,0.062006,0.136055,0.135154,0.198061
14/01/2024,22:00:00,0.107996,0.136304,0.273228,0.2443
14/01/2024,23:00:00,0.107393,0.136209,0.31808,0.243602
15/01/2024,00:00:00,0.104451,0.136095,1.242995,0.240546
15/01/2024,01:00:00,0.101589,0.135982,0.062495,0.237571
15/01/2024,02:00:00,0.104672,0.135913,0,0.240585
15/01/2024,03:00:00,0.101993,0.135801,0,0.237794
15/01/2024,04:00:00,0.099199,0.135688,0.237882,0.234887
15/01/2024,05:00:00,0.096481,0.135575,0.573546,0.232056
15/01/2024,06:00:00,0.093838,0.135462,1.34173,0.2293
15/01/2024,07:00:00,0.091267,0.135349,0.970811,0.226616
15/01/2024,08:00:00,0.10652,0.135372,0.074565,0.241892
15/01/2024,09:00:00,0.158132,0.135673,0.00146,0.293805
15/01/2024,10:00:00,0.334534,0.136934,1.884103,0.471468
15/01/2024,11:00:00,0.334254,0.136888,0.438452,0.471142
15/01/2024,12:00:00,0.330889,0.136818,1.225948,0.467707
15/01/2024,13:00:00,0.342914,0.136864,0.09957,0.479778
15/01/2024,14:00:00,0.37639,0.137076,0.363529,0.513466
15/01/2024,15:00:00,0.416052,0.137342,0.018388,0.553394
15/01/2024,16:00:00,0.601034,0.13872,0,0.739754
15/01/2024,17:00:00,0.594162,0.138677,0.761241,0.732839
15/01/2024,18:00:00,0.577885,0.138562,0.971317,0.716447
15/01/2024,19:00:00,0.562054,0.138446,0.161648,0.7005
15/01/2024,20:00:00,0.58394,0.138614,0.158072,0.722554
15/01/2024,21:00:00,0.658494,0.139187,0.397861,0.797681
15/01/2024,22:00:00,0.853424,0.14069,0.314832,0.994114
15/01/2024,23:00:00,0.984429,0.141747,0.804842,1.126176
16/01/2024,00:00:00,0.968777,0.141715,0.087798,1.110492
16/01/2024,01:00:00,0.942236,0.141597,0.164151,1.083833
16/01/2024,02:00:00,1.217632,0.143768,0.05585,1.3614
16/01/2024,03:00:00,1.254017,0.144179,0.002384,1.398196
16/01/2024,04:00:00,1.416356,0.145554,0,1.56191
16/01/2024,05:00:00,1.392806,0.145548,0,1.538354
16/01/2024,06:00:00,1.412485,0.145867,0,1.558352
16/01/2024,07:00:00,1.375863,0.145761,0,1.521624
16/01/2024,08:00:00,1.338171,0.14564,0,1.483811
16/01/2024,09:00:00,1.423613,0.146446,0,1.570059
16/01/2024,10:00:00,1.540986,0.147513,0,1.688499
16/01/2024,11:00:00,1.523932,0.147581,0,1.671513
16/01/2024,12:00:00,1.506731,0.147645,0,1.654376
16/01/2024,13:00:00,1.528943,0.148005,0,1.676948
16/01/2024,14:00:00,1.537056,0.148262,0,1.685318
16/01/2024,15:00:00,1.624774,0.149125,0,1.773899
16/01/2024,16:00:00,1.593334,0.1491,0,1.742434
16/01/2024,17:00:00,1.575274,0.14917,0,1.724444
16/01/2024,18:00:00,1.540088,0.149107,0,1.689195
16/01/2024,19:00:00,1.497897,0.148982,0,1.646879
16/01/2024,20:00:00,1.456861,0.148858,0,1.605719
16/01/2024,21:00:00,1.41695,0.148734,0,1.565684
16/01/2024,22:00:00,1.378132,0.14861,0,1.526742
16/01/2024,23:00:00,1.340377,0.148487,0,1.488864
17/01/2024,00:00:00,1.303657,0.148363,0,1.45202
17/01/2024,01:00:00,1.267942,0.148239,0,1.416181
17/01/2024,02:00:00,1.233206,0.148116,0,1.381322
17/01/2024,03:00:00,1.199422,0.147993,0,1.347415
17/01/2024,04:00:00,1.166563,0.147869,0,1.314432
17/01/2024,05:00:00,1.134605,0.147746,0,1.282351
17/01/2024,06:00:00,1.103522,0.147623,0,1.251145
17/01/2024,07:00:00,1.07329,0.1475,0,1.22079
17/01/2024,08:00:00,1.043887,0.147377,0,1.191264
17/01/2024,09:00:00,1.015289,0.147254,0,1.162543
17/01/2024,10:00:00,0.987474,0.147132,0,1.134606
17/01/2024,11:00:00,0.960422,0.147009,0,1.107431
17/01/2024,12:00:00,0.934111,0.146887,0,1.080998
17/01/2024,13:00:00,0.90852,0.146764,0,1.055284
17/01/2024,14:00:00,0.883631,0.146642,0,1.030273
17/01/2024,15:00:00,0.859423,0.14652,0,1.005943
17/01/2024,16:00:00,0.835879,0.146398,0,0.982277
17/01/2024,17:00:00,0.81298,0.146276,0,0.959256
17/01/2024,18:00:00,0.790708,0.146154,0,0.936862
17/01/2024,19:00:00,0.769046,0.146032,0,0.915078
17/01/2024,20:00:00,0.747977,0.145911,0,0.893888
17/01/2024,21:00:00,0.727486,0.145789,0,0.873275
17/01/2024,22:00:00,0.707556,0.145668,0,0.853224
17/01/2024,23:00:00,0.688172,0.145546,0,0.833718
18/01/2024,00:00:00,0.66932,0.145425,0,0.814745
18/01/2024,01:00:00,0.650983,0.145304,0,0.796287
18/01/2024,02:00:00,0.633149,0.145183,0,0.778332
18/01/2024,03:00:00,0.615804,0.145062,0,0.760866
18/01/2024,04:00:00,0.598934,0.144941,0,0.743875
18/01/2024,05:00:00,0.582525,0.144821,0,0.727346
18/01/2024,06:00:00,0.566567,0.1447,0,0.711267
18/01/2024,07:00:00,0.551045,0.144579,0,0.695624
18/01/2024,08:00:00,0.535949,0.144459,0,0.680408
18/01/2024,09:00:00,0.521267,0.144339,0,0.665606
18/01/2024,10:00:00,0.506986,0.144218,0,0.651204
18/01/2024,11:00:00,0.493097,0.144098,0,0.637195
18/01/2024,12:00:00,0.479588,0.143978,0,0.623566
18/01/2024,13:00:00,0.46645,0.143858,0,0.610308
18/01/2024,14:00:00,0.453671,0.143738,0,0.597409
18/01/2024,15:00:00,0.441243,0.143619,0,0.584862
18/01/2024,16:00:00,0.429155,0.143499,0,0.572654
18/01/2024,17:00:00,0.417398,0.14338,0,0.560778
18/01/2024,18:00:00,0.405963,0.14326,0,0.549223
18/01/2024,19:00:00,0.394841,0.143141,0,0.537982
18/01/2024,20:00:00,0.384024,0.143022,0,0.527046
18/01/2024,21:00:00,0.373504,0.142902,0,0.516406
18/01/2024,22:00:00,0.363272,0.142783,0,0.506055
18/01/2024,23:00:00,0.35332,0.142664,0,0.495984
19/01/2024,00:00:00,0.34364,0.142546,0.209332,0.486186
19/01/2024,01:00:00,0.334226,0.142427,0.010669,0.476653
19/01/2024,02:00:00,0.32507,0.142308,0,0.467378
19/01/2024,03:00:00,0.316164,0.14219,0,0.458354
19/01/2024,04:00:00,0.307503,0.142071,0,0.449574
19/01/2024,05:00:00,0.299079,0.141953,0,0.441032
19/01/2024,06:00:00,0.290885,0.141835,0,0.43272
19/01/2024,07:00:00,0.282916,0.141717,0,0.424633
19/01/2024,08:00:00,0.275165,0.141598,0,0.416763
19/01/2024,09:00:00,0.267627,0.141481,0,0.409108
19/01/2024,10:00:00,0.260295,0.141363,0,0.401658
19/01/2024,11:00:00,0.253164,0.141245,0,0.394409
19/01/2024,12:00:00,0.246229,0.141127,0,0.387356
19/01/2024,13:00:00,0.239483,0.14101,0,0.380493
19/01/2024,14:00:00,0.232923,0.140892,0,0.373815
19/01/2024,15:00:00,0.226542,0.140775,0,0.367317
19/01/2024,16:00:00,0.253384,0.140909,0,0.394293
19/01/2024,17:00:00,0.247099,0.140796,0,0.387895
19/01/2024,18:00:00,0.240329,0.140679,0,0.381008
19/01/2024,19:00:00,0.233745,0.140562,0,0.374307
19/01/2024,20:00:00,0.227342,0.140445,0,0.367787
19/01/2024,21:00:00,0.221113,0.140328,0,0.361441
19/01/2024,22:00:00,0.215056,0.140211,0,0.355267
19/01/2024,23:00:00,0.209164,0.140094,0,0.349258
20/01/2024,00:00:00,0.203434,0.139978,0,0.343412
20/01/2024,01:00:00,0.197861,0.139861,0,0.337722
20/01/2024,02:00:00,0.192441,0.139744,0,0.332185
20/01/2024,03:00:00,0.187169,0.139628,0,0.326797
20/01/2024,04:00:00,0.182041,0.139512,0,0.321553
20/01/2024,05:00:00,0.177054,0.139396,0,0.31645
20/01/2024,06:00:00,0.172203,0.139279,0,0.311482
20/01/2024,07:00:00,0.167486,0.139163,0,0.306649
20/01/2024,08:00:00,0.162897,0.139047,0,0.301944
20/01/2024,09:00:00,0.158435,0.138932,0,0.297367
20/01/2024,10:00:00,0.154094,0.138816,0,0.29291
20/01/2024,11:00:00,0.149873,0.1387,0,0.288573
20/01/2024,12:00:00,0.145767,0.138585,0,0.284352
20/01/2024,13:00:00,0.141774,0.138469,0,0.280243
20/01/2024,14:00:00,0.13789,0.138354,0,0.276244
20/01/2024,15:00:00,0.134112,0.138239,0,0.272351
20/01/2024,16:00:00,0.130438,0.138124,0,0.268562
20/01/2024,17:00:00,0.126865,0.138009,0,0.264874
20/01/2024,18:00:00,0.123389,0.137894,0,0.261283
20/01/2024,19:00:00,0.120009,0.137779,0,0.257788
20/01/2024,20:00:00,0.116721,0.137664,0,0.254385
20/01/2024,21:00:00,0.113523,0.137549,0,0.251072
20/01/2024,22:00:00,0.110413,0.137435,0,0.247848
20/01/2024,23:00:00,0.107389,0.13732,0,0.244709
21/01/2024,00:00:00,0.104447,0.137206,0,0.241653
21/01/2024,01:00:00,0.101585,0.137092,0,0.238677
21/01/2024,02:00:00,0.098802,0.136977,0,0.235779
21/01/2024,03:00:00,0.096096,0.136863,0,0.232959
21/01/2024,04:00:00,0.093463,0.136749,0,0.230212
21/01/2024,05:00:00,0.090902,0.136635,0,0.227537
21/01/2024,06:00:00,0.088412,0.136521,0,0.224933
21/01/2024,07:00:00,0.08599,0.136408,0,0.222398
21/01/2024,08:00:00,0.083634,0.136294,0,0.219928
21/01/2024,09:00:00,0.081343,0.136181,0,0.217524
21/01/2024,10:00:00,0.079115,0.136067,0,0.215182
21/01/2024,11:00:00,0.076947,0.135954,0,0.212901
21/01/2024,12:00:00,0.074839,0.135841,0,0.21068
21/01/2024,13:00:00,0.072789,0.135727,0,0.208516
21/01/2024,14:00:00,0.070795,0.135614,0,0.206409
21/01/2024,15:00:00,0.068855,0.135501,0,0.204356
21/01/2024,16:00:00,0.066969,0.135389,0,0.202358
21/01/2024,17:00:00,0.065134,0.135276,0,0.20041
21/01/2024,18:00:00,0.06335,0.135163,0,0.198513
21/01/2024,19:00:00,0.061615,0.13505,0,0.196665
21/01/2024,20:00:00,0.059927,0.134938,0,0.194865
21/01/2024,21:00:00,0.058285,0.134826,0.095189,0.193111
21/01/2024,22:00:00,0.056688,0.134713,0.004828,0.191401
21/01/2024,23:00:00,0.055135,0.134601,0,0.189736
22/01/2024,00:00:00,0.053625,0.134489,0,0.188114
22/01/2024,01:00:00,0.052156,0.134377,0,0.186533
22/01/2024,02:00:00,0.050727,0.134265,0.228345,0.184992
22/01/2024,03:00:00,0.049337,0.134153,0.059247,0.18349
22/01/2024,04:00:00,0.047985,0.134041,0.002384,0.182026
22/01/2024,05:00:00,0.046671,0.13393,0.542402,0.180601
22/01/2024,06:00:00,0.045392,0.133818,0.113249,0.17921
22/01/2024,07:00:00,0.044149,0.133707,2.468944,0.177856
22/01/2024,08:00:00,0.042939,0.133595,2.361596,0.176534
22/01/2024,09:00:00,0.041763,0.133484,1.826644,0.175247
22/01/2024,10:00:00,0.040619,0.133373,4.083753,0.173992
22/01/2024,11:00:00,0.039506,0.133262,0.203431,0.172768
22/01/2024,12:00:00,0.038424,0.133151,0,0.171575
22/01/2024,13:00:00,0.05108,0.133144,0,0.184224
22/01/2024,14:00:00,0.049681,0.133033,0,0.182714
22/01/2024,15:00:00,0.04832,0.132922,0,0.181242
22/01/2024,16:00:00,0.046996,0.132812,0,0.179808
22/01/2024,17:00:00,0.045708,0.132701,0,0.178409
22/01/2024,18:00:00,0.079972,0.13286,0,0.212832
22/01/2024,19:00:00,0.085781,0.132811,0,0.218592
22/01/2024,20:00:00,0.083431,0.1327,0,0.216131
22/01/2024,21:00:00,0.167848,0.133248,0,0.301096
22/01/2024,22:00:00,0.180078,0.133265,0,0.313343
22/01/2024,23:00:00,0.57729,0.136211,0,0.713501
23/01/2024,00:00:00,0.948493,0.13904,0,1.087533
23/01/2024,01:00:00,1.223104,0.141209,0,1.364313
23/01/2024,02:00:00,1.868838,0.146254,0,2.015092
23/01/2024,03:00:00,1.85007,0.146379,0,1.996449
23/01/2024,04:00:00,1.799387,0.146257,0,1.945644
23/01/2024,05:00:00,1.750092,0.146135,0,1.896227
23/01/2024,06:00:00,1.702147,0.146013,0,1.84816
23/01/2024,07:00:00,1.655516,0.145892,0,1.801408
23/01/2024,08:00:00,1.610162,0.14577,0,1.755932
23/01/2024,09:00:00,1.566051,0.145649,0,1.7117
23/01/2024,10:00:00,1.523148,0.145528,0,1.668676
23/01/2024,11:00:00,1.481421,0.145406,0,1.626827
23/01/2024,12:00:00,1.440836,0.145285,0,1.586121
23/01/2024,13:00:00,1.401364,0.145164,0,1.546528
23/01/2024,14:00:00,1.362973,0.145043,0.4282,1.508016
23/01/2024,15:00:00,1.325633,0.144922,0.22161,1.470555
23/01/2024,16:00:00,1.289317,0.144802,1.370907,1.434119
23/01/2024,17:00:00,1.253995,0.144681,1.001835,1.398676
23/01/2024,18:00:00,1.219642,0.144561,0.12356,1.364203
23/01/2024,19:00:00,1.186229,0.14444,0.079989,1.330669
23/01/2024,20:00:00,1.153731,0.14432,0.003874,1.298051
23/01/2024,21:00:00,1.122124,0.1442,0,1.266324
23/01/2024,22:00:00,1.091383,0.14408,0,1.235463
23/01/2024,23:00:00,1.061484,0.14396,0,1.205444
24/01/2024,00:00:00,1.032404,0.14384,0,1.176244
24/01/2024,01:00:00,1.004121,0.14372,0.30452,1.147841
24/01/2024,02:00:00,0.976613,0.1436,0.89097,1.120213
24/01/2024,03:00:00,0.949858,0.14348,0.044525,1.093338
24/01/2024,04:00:00,0.923836,0.143361,0,1.067197
24/01/2024,05:00:00,0.898527,0.143242,0,1.041769
24/01/2024,06:00:00,0.942049,0.14364,0,1.085689
24/01/2024,07:00:00,0.94965,0.143774,0,1.093424
24/01/2024,08:00:00,1.150097,0.145376,0,1.295473
24/01/2024,09:00:00,1.283377,0.146508,0,1.429885
24/01/2024,10:00:00,1.264877,0.146512,0,1.411389
24/01/2024,11:00:00,1.239391,0.14646,0,1.385851
24/01/2024,12:00:00,1.205437,0.146338,0,1.351775
24/01/2024,13:00:00,1.172413,0.146216,0,1.318629
24/01/2024,14:00:00,1.140295,0.146094,0,1.286389
24/01/2024,15:00:00,1.109056,0.145973,0,1.255029
24/01/2024,16:00:00,1.078673,0.145851,0,1.224524
24/01/2024,17:00:00,1.095811,0.146084,0,1.241895
24/01/2024,18:00:00,1.211841,0.147073,0,1.358914
24/01/2024,19:00:00,1.181785,0.146974,0,1.328759
24/01/2024,20:00:00,1.149409,0.146852,0,1.296261
24/01/2024,21:00:00,1.11792,0.146729,0,1.264649
24/01/2024,22:00:00,1.087294,0.146607,0,1.233901
24/01/2024,23:00:00,1.057507,0.146485,0,1.203992
25/01/2024,00:00:00,1.028536,0.146363,0,1.174899
25/01/2024,01:00:00,1.000359,0.146241,0,1.1466
25/01/2024,02:00:00,0.972954,0.146119,0,1.119073
25/01/2024,03:00:00,0.946299,0.145998,0,1.092297
25/01/2024,04:00:00,0.920375,0.145876,0,1.066251
25/01/2024,05:00:00,0.895161,0.145755,0,1.040916
25/01/2024,06:00:00,0.870637,0.145633,0,1.01627
25/01/2024,07:00:00,0.846786,0.145512,0,0.992298
25/01/2024,08:00:00,0.823588,0.145391,0,0.968979
25/01/2024,09:00:00,0.801025,0.145269,0,0.946294
25/01/2024,10:00:00,0.77908,0.145148,0,0.924228
25/01/2024,11:00:00,0.757737,0.145028,0,0.902765
25/01/2024,12:00:00,0.736979,0.144907,0,0.881886
25/01/2024,13:00:00,0.716789,0.144786,0,0.861575
25/01/2024,14:00:00,0.697152,0.144665,0.171304,0.841817
25/01/2024,15:00:00,0.678053,0.144545,0.008702,0.822598
25/01/2024,16:00:00,0.659477,0.144425,0.076115,0.803902
25/01/2024,17:00:00,0.641411,0.144304,0.56529,0.785715
25/01/2024,18:00:00,0.623839,0.144184,0.066638,0.768023
25/01/2024,19:00:00,0.606748,0.144064,0.097096,0.750812
25/01/2024,20:00:00,0.590126,0.143944,0.004888,0.73407
25/01/2024,21:00:00,0.573959,0.143824,0,0.717783
25/01/2024,22:00:00,0.558236,0.143704,0,0.70194
25/01/2024,23:00:00,0.542942,0.143585,0,0.686527
26/01/2024,00:00:00,0.528068,0.143465,0,0.671533
26/01/2024,01:00:00,0.513601,0.143345,0,0.656946
26/01/2024,02:00:00,0.499531,0.143226,0,0.642757
26/01/2024,03:00:00,0.485846,0.143107,0,0.628953
26/01/2024,04:00:00,0.472536,0.142987,0.8564,0.615523
26/01/2024,05:00:00,0.459591,0.142868,1.413822,0.602459
26/01/2024,06:00:00,0.473525,0.142951,1.154542,0.616476
26/01/2024,07:00:00,0.460553,0.142832,0.055194,0.603385
26/01/2024,08:00:00,0.458196,0.142791,0.818372,0.600987
26/01/2024,09:00:00,0.538566,0.143378,0.707746,0.681944
26/01/2024,10:00:00,0.532293,0.143323,0.033915,0.675616
26/01/2024,11:00:00,0.531256,0.143307,0,0.674563
26/01/2024,12:00:00,0.516702,0.143188,0,0.65989
26/01/2024,13:00:00,0.502546,0.143068,0,0.645614
26/01/2024,14:00:00,0.488779,0.142949,0,0.631728
26/01/2024,15:00:00,0.475389,0.14283,0,0.618219
26/01/2024,16:00:00,0.462365,0.142711,0,0.605076
26/01/2024,17:00:00,0.449698,0.142592,0,0.59229
26/01/2024,18:00:00,0.437379,0.142473,0,0.579852
26/01/2024,19:00:00,0.425396,0.142355,0,0.567751
26/01/2024,20:00:00,0.555536,0.143314,0,0.69885
26/01/2024,21:00:00,0.777229,0.144995,0,0.922224
26/01/2024,22:00:00,0.949411,0.146345,0,1.095756
26/01/2024,23:00:00,0.929499,0.14627,0,1.075769
27/01/2024,00:00:00,1.040556,0.147186,0,1.187742
27/01/2024,01:00:00,1.129894,0.147959,0,1.277853
27/01/2024,02:00:00,1.101415,0.147855,0,1.24927
27/01/2024,03:00:00,1.071241,0.147731,0,1.218972
27/01/2024,04:00:00,1.041894,0.147608,0,1.189502
27/01/2024,05:00:00,1.013351,0.147485,0,1.160836
27/01/2024,06:00:00,0.98559,0.147363,0,1.132953
27/01/2024,07:00:00,0.958589,0.14724,0,1.105829
27/01/2024,08:00:00,0.932328,0.147117,0,1.079445
27/01/2024,09:00:00,0.906786,0.146995,0,1.053781
27/01/2024,10:00:00,0.881944,0.146872,0,1.028816
27/01/2024,11:00:00,0.857783,0.14675,0,1.004533
27/01/2024,12:00:00,0.834284,0.146628,0,0.980912
27/01/2024,13:00:00,0.811428,0.146505,0,0.957933
27/01/2024,14:00:00,0.789199,0.146383,0,0.935582
27/01/2024,15:00:00,0.767578,0.146261,0,0.913839
27/01/2024,16:00:00,0.74655,0.14614,0,0.89269
27/01/2024,17:00:00,0.726098,0.146018,0,0.872116
27/01/2024,18:00:00,0.706206,0.145896,0,0.852102
27/01/2024,19:00:00,0.686859,0.145775,0,0.832634
27/01/2024,20:00:00,0.668042,0.145653,0,0.813695
27/01/2024,21:00:00,0.649741,0.145532,0,0.795273
27/01/2024,22:00:00,0.631941,0.145411,0,0.777352
27/01/2024,23:00:00,0.614628,0.14529,0,0.759918
28/01/2024,00:00:00,0.59779,0.145169,0,0.742959
28/01/2024,01:00:00,0.581414,0.145048,0,0.726462
28/01/2024,02:00:00,0.565485,0.144927,0,0.710412
28/01/2024,03:00:00,0.549994,0.144806,0,0.6948
28/01/2024,04:00:00,0.534926,0.144685,0,0.679611
28/01/2024,05:00:00,0.520272,0.144565,0,0.664837
28/01/2024,06:00:00,0.506019,0.144445,0,0.650464
28/01/2024,07:00:00,0.492156,0.144324,0,0.63648
28/01/2024,08:00:00,0.478673,0.144204,0,0.622877
28/01/2024,09:00:00,0.46556,0.144084,0,0.609644
28/01/2024,10:00:00,0.452805,0.143964,0,0.596769
28/01/2024,11:00:00,0.440401,0.143844,0,0.584245
28/01/2024,12:00:00,0.428335,0.143724,0,0.572059
28/01/2024,13:00:00,0.416601,0.143604,0,0.560205
28/01/2024,14:00:00,0.405188,0.143485,0,0.548673
28/01/2024,15:00:00,0.394088,0.143365,0,0.537453
28/01/2024,16:00:00,0.383291,0.143246,0,0.526537
28/01/2024,17:00:00,0.372791,0.143127,0,0.515918
28/01/2024,18:00:00,0.362578,0.143007,0,0.505585
28/01/2024,19:00:00,0.352645,0.142888,0,0.495533
28/01/2024,20:00:00,0.342984,0.142769,0,0.485753
28/01/2024,21:00:00,0.333588,0.14265,0,0.476238
28/01/2024,22:00:00,0.324449,0.142531,0,0.46698
28/01/2024,23:00:00,0.315561,0.142413,0,0.457974
29/01/2024,00:00:00,0.306916,0.142294,0,0.44921
29/01/2024,01:00:00,0.298508,0.142175,0,0.440683
29/01/2024,02:00:00,0.29033,0.142057,0,0.432387
29/01/2024,03:00:00,0.282376,0.141939,0,0.424315
29/01/2024,04:00:00,0.27464,0.141821,0,0.416461
29/01/2024,05:00:00,0.267116,0.141702,0,0.408818
29/01/2024,06:00:00,0.259799,0.141584,0,0.401383
29/01/2024,07:00:00,0.252681,0.141466,0,0.394147
29/01/2024,08:00:00,0.245759,0.141349,0,0.387108
29/01/2024,09:00:00,0.239026,0.141231,0,0.380257
29/01/2024,10:00:00,0.232478,0.141113,0,0.373591
29/01/2024,11:00:00,0.226109,0.140996,0,0.367105
29/01/2024,12:00:00,0.219915,0.140878,0,0.360793
29/01/2024,13:00:00,0.21389,0.140761,0,0.354651
29/01/2024,14:00:00,0.20803,0.140644,0,0.348674
29/01/2024,15:00:00,0.202331,0.140526,0,0.342857
29/01/2024,16:00:00,0.196788,0.140409,0,0.337197
29/01/2024,17:00:00,0.191397,0.140292,0,0.331689
29/01/2024,18:00:00,0.186154,0.140176,0,0.32633
29/01/2024,19:00:00,0.181054,0.140059,0,0.321113
29/01/2024,20:00:00,0.176094,0.139942,0,0.316036
29/01/2024,21:00:00,0.17127,0.139826,0,0.311096
29/01/2024,22:00:00,0.166578,0.139709,0,0.306287
29/01/2024,23:00:00,0.162014,0.139593,0,0.301607
30/01/2024,00:00:00,0.157576,0.139476,0,0.297052
30/01/2024,01:00:00,0.153259,0.13936,0,0.292619
30/01/2024,02:00:00,0.14906,0.139244,0,0.288304
30/01/2024,03:00:00,0.144977,0.139128,0,0.284105
30/01/2024,04:00:00,0.141005,0.139012,0,0.280017
30/01/2024,05:00:00,0.137142,0.138896,0,0.276038
30/01/2024,06:00:00,0.133385,0.138781,0,0.272166
30/01/2024,07:00:00,0.129731,0.138665,0,0.268396
30/01/2024,08:00:00,0.126177,0.13855,0,0.264727
30/01/2024,09:00:00,0.12272,0.138434,0,0.261154
30/01/2024,10:00:00,0.119358,0.138319,0,0.257677
30/01/2024,11:00:00,0.116088,0.138204,0,0.254292
30/01/2024,12:00:00,0.112908,0.138089,0,0.250997
30/01/2024,13:00:00,0.109815,0.137974,0,0.247789
30/01/2024,14:00:00,0.106806,0.137859,0,0.244665
30/01/2024,15:00:00,0.10388,0.137744,0.028551,0.241624
30/01/2024,16:00:00,0.101035,0.137629,0.001431,0.238664
30/01/2024,17:00:00,0.098267,0.137514,0,0.235781
30/01/2024,18:00:00,0.095575,0.1374,0.15223,0.232975
30/01/2024,19:00:00,0.092956,0.137285,0.502586,0.230241
30/01/2024,20:00:00,0.09041,0.137171,0.053763,0.227581
30/01/2024,21:00:00,0.087933,0.137057,0.001431,0.22499
30/01/2024,22:00:00,0.085524,0.136943,0,0.222467
30/01/2024,23:00:00,0.083181,0.136829,0,0.22001
31/01/2024,00:00:00,0.080902,0.136715,0,0.217617
31/01/2024,01:00:00,0.078686,0.136601,0,0.215287
31/01/2024,02:00:00,0.07653,0.136487,0,0.213017
31/01/2024,03:00:00,0.074434,0.136373,0,0.210807
31/01/2024,04:00:00,0.072394,0.13626,0,0.208654
31/01/2024,05:00:00,0.070411,0.136146,0,0.206557
31/01/2024,06:00:00,0.068482,0.136033,0,0.204515
31/01/2024,07:00:00,0.068547,0.135934,0,0.204481
31/01/2024,08:00:00,0.066669,0.135821,0,0.20249
31/01/2024,09:00:00,0.064842,0.135708,0,0.20055
31/01/2024,10:00:00,0.086052,0.135769,0,0.221821
31/01/2024,11:00:00,0.166302,0.136284,0,0.302586
31/01/2024,12:00:00,0.168004,0.136218,0,0.304222
31/01/2024,13:00:00,0.163401,0.136105,0,0.299506
31/01/2024,14:00:00,0.158925,0.135992,0,0.294917
31/01/2024,15:00:00,0.154571,0.135878,0,0.290449
31/01/2024,16:00:00,0.150336,0.135765,0,0.286101
31/01/2024,17:00:00,0.146218,0.135652,0,0.28187
31/01/2024,18:00:00,0.142212,0.135539,0,0.277751
31/01/2024,19:00:00,0.138316,0.135426,0,0.273742
31/01/2024,20:00:00,0.134527,0.135313,0,0.26984
31/01/2024,21:00:00,0.130841,0.135201,0,0.266042
31/01/2024,22:00:00,0.127257,0.135088,0,0.262345
31/01/2024,23:00:00,0.123771,0.134975,0.313997,0.258746
01/02/2024,00:00:00,0.12038,0.134863,1.76686,0.255243
01/02/2024,01:00:00,0.117082,0.134751,1.107335,0.251833
01/02/2024,02:00:00,0.113875,0.134638,0.584662,0.248513
01/02/2024,03:00:00,0.110755,0.134526,0.02712,0.245281
01/02/2024,04:00:00,0.107721,0.134414,0,0.242135
01/02/2024,05:00:00,0.10477,0.134302,0,0.239072
01/02/2024,06:00:00,0.101899,0.13419,0,0.236089
01/02/2024,07:00:00,0.099108,0.134079,0,0.233187
01/02/2024,08:00:00,0.096393,0.133967,0,0.23036
01/02/2024,09:00:00,0.093752,0.133855,0,0.227607
01/02/2024,10:00:00,0.091184,0.133744,0,0.224928
01/02/2024,11:00:00,0.088686,0.133632,0,0.222318
01/02/2024,12:00:00,0.086256,0.133521,0,0.219777
01/02/2024,13:00:00,0.083893,0.13341,0,0.217303
01/02/2024,14:00:00,0.081595,0.133299,0,0.214894
01/02/2024,15:00:00,0.127973,0.133557,0,0.26153
01/02/2024,16:00:00,0.42082,0.135699,0,0.556519
01/02/2024,17:00:00,0.594072,0.13699,0,0.731062
01/02/2024,18:00:00,0.67357,0.137604,0,0.811174
01/02/2024,19:00:00,0.655502,0.137492,0,0.792994
01/02/2024,20:00:00,0.637545,0.137378,0,0.774923
01/02/2024,21:00:00,0.620079,0.137263,0,0.757342
01/02/2024,22:00:00,0.603091,0.137149,0,0.74024
01/02/2024,23:00:00,0.586569,0.137035,0,0.723604
02/02/2024,00:00:00,0.5705,0.136921,0,0.707421
02/02/2024,01:00:00,0.554871,0.136807,0,0.691678
02/02/2024,02:00:00,0.53967,0.136693,0,0.676363
02/02/2024,03:00:00,0.524885,0.136579,0,0.661464
02/02/2024,04:00:00,0.510506,0.136465,0,0.646971
02/02/2024,05:00:00,0.49652,0.136351,0,0.632871
02/02/2024,06:00:00,0.482918,0.136238,0,0.619156
02/02/2024,07:00:00,0.469688,0.136124,0,0.605812
02/02/2024,08:00:00,0.456821,0.136011,0,0.592832
02/02/2024,09:00:00,0.444306,0.135898,0,0.580204
02/02/2024,10:00:00,0.432134,0.135784,0,0.567918
02/02/2024,11:00:00,0.420295,0.135671,0,0.555966
02/02/2024,12:00:00,0.408781,0.135558,0,0.544339
02/02/2024,13:00:00,0.397582,0.135445,0,0.533027
02/02/2024,14:00:00,0.38669,0.135333,0,0.522023
02/02/2024,15:00:00,0.376097,0.13522,0,0.511317
02/02/2024,16:00:00,0.365793,0.135107,0,0.5009
02/02/2024,17:00:00,0.355772,0.134995,0,0.490767
02/02/2024,18:00:00,0.346026,0.134882,0,0.480908
02/02/2024,19:00:00,0.336546,0.13477,0,0.471316
02/02/2024,20:00:00,0.327326,0.134658,0,0.461984
02/02/2024,21:00:00,0.318359,0.134545,0,0.452904
02/02/2024,22:00:00,0.309637,0.134433,0,0.44407
02/02/2024,23:00:00,0.301155,0.134321,0,0.435476
03/02/2024,00:00:00,0.292904,0.13421,0,0.427114
03/02/2024,01:00:00,0.28488,0.134098,0,0.418978
03/02/2024,02:00:00,0.277076,0.133986,0,0.411062
03/02/2024,03:00:00,0.269485,0.133874,0,0.403359
03/02/2024,04:00:00,0.262102,0.133763,0,0.395865
03/02/2024,05:00:00,0.254922,0.133651,0.028551,0.388573
03/02/2024,06:00:00,0.247938,0.13354,0.00149,0.381478
03/02/2024,07:00:00,0.241146,0.133429,0,0.374575
03/02/2024,08:00:00,0.23454,0.133318,0,0.367858
03/02/2024,09:00:00,0.228114,0.133207,0.637531,0.361321
03/02/2024,10:00:00,0.221865,0.133096,0.099063,0.354961
03/02/2024,11:00:00,0.215787,0.132985,0.003397,0.348772
03/02/2024,12:00:00,0.209875,0.132874,0,0.342749
03/02/2024,13:00:00,0.204126,0.132763,0,0.336889
03/02/2024,14:00:00,0.198533,0.132653,0.038028,0.331186
03/02/2024,15:00:00,0.193095,0.132542,0.001967,0.325637
03/02/2024,16:00:00,0.187805,0.132432,0,0.320237
03/02/2024,17:00:00,0.18266,0.132322,0,0.314982
03/02/2024,18:00:00,0.177656,0.132211,0,0.309867
03/02/2024,19:00:00,0.172789,0.132101,0,0.30489
03/02/2024,20:00:00,0.168055,0.131991,0.27597,0.300046
03/02/2024,21:00:00,0.167643,0.131913,0.803828,0.299556
03/02/2024,22:00:00,0.16305,0.131803,0.677764,0.294853
03/02/2024,23:00:00,0.158583,0.131693,0.622392,0.290276
04/02/2024,00:00:00,0.154239,0.131584,0.12517,0.285823
04/02/2024,01:00:00,0.258368,0.132298,0.004888,0.390666
04/02/2024,02:00:00,0.267318,0.132309,0,0.399627
04/02/2024,03:00:00,0.259994,0.132199,0,0.392193
04/02/2024,04:00:00,0.252872,0.132089,0,0.384961
04/02/2024,05:00:00,0.245944,0.131979,0.161767,0.377923
04/02/2024,06:00:00,0.244558,0.13191,0.436425,0.376468
04/02/2024,07:00:00,0.237858,0.1318,0.021815,0.369658
04/02/2024,08:00:00,0.231342,0.13169,0,0.363032
04/02/2024,09:00:00,0.225004,0.13158,0,0.356584
04/02/2024,10:00:00,0.21884,0.131471,0,0.350311
04/02/2024,11:00:00,0.212845,0.131361,0,0.344206
04/02/2024,12:00:00,0.252869,0.1316,0,0.384469
04/02/2024,13:00:00,0.382513,0.132529,0,0.515042
04/02/2024,14:00:00,0.487096,0.133293,0,0.620389
04/02/2024,15:00:00,0.579406,0.133985,0,0.713391
04/02/2024,16:00:00,0.58342,0.134025,0,0.717445
04/02/2024,17:00:00,0.567437,0.133913,0,0.70135
04/02/2024,18:00:00,0.551892,0.133802,0.038028,0.685694
04/02/2024,19:00:00,0.536772,0.13369,0.001967,0.670462
04/02/2024,20:00:00,0.522067,0.133579,0,0.655646
04/02/2024,21:00:00,0.533759,0.133665,0,0.667424
04/02/2024,22:00:00,0.592555,0.134112,0,0.726667
04/02/2024,23:00:00,0.57807,0.134014,0,0.712084
05/02/2024,00:00:00,0.562233,0.133902,0,0.696135
05/02/2024,01:00:00,0.546831,0.13379,0,0.680621
05/02/2024,02:00:00,0.53185,0.133679,0,0.665529
05/02/2024,03:00:00,0.51728,0.133568,0,0.650848
05/02/2024,04:00:00,0.503109,0.133456,0,0.636565
05/02/2024,05:00:00,0.489326,0.133345,0,0.622671
05/02/2024,06:00:00,0.47592,0.133234,0,0.609154
05/02/2024,07:00:00,0.462882,0.133123,0,0.596005
05/02/2024,08:00:00,0.450201,0.133012,0,0.583213
05/02/2024,09:00:00,0.437868,0.132901,0,0.570769
05/02/2024,10:00:00,0.429964,0.132822,0,0.562786
05/02/2024,11:00:00,0.418185,0.132711,0,0.550896
05/02/2024,12:00:00,0.406729,0.132601,0,0.53933
05/02/2024,13:00:00,0.395586,0.13249,0,0.528076
05/02/2024,14:00:00,0.384749,0.13238,0,0.517129
05/02/2024,15:00:00,0.374208,0.13227,0,0.506478
05/02/2024,16:00:00,0.363957,0.132159,0,0.496116
05/02/2024,17:00:00,0.353986,0.132049,0,0.486035
05/02/2024,18:00:00,0.344288,0.131939,0,0.476227
05/02/2024,19:00:00,0.334856,0.131829,0,0.466685
05/02/2024,20:00:00,0.325683,0.13172,0,0.457403
05/02/2024,21:00:00,0.316761,0.13161,0,0.448371
05/02/2024,22:00:00,0.308083,0.1315,0,0.439583
05/02/2024,23:00:00,0.299643,0.131391,0,0.431034
06/02/2024,00:00:00,0.291434,0.131281,0,0.422715
06/02/2024,01:00:00,0.28345,0.131172,0,0.414622
06/02/2024,02:00:00,0.275685,0.131063,0,0.406748
06/02/2024,03:00:00,0.268132,0.130953,0,0.399085
06/02/2024,04:00:00,0.260786,0.130844,0,0.39163
06/02/2024,05:00:00,0.253642,0.130735,0,0.384377
06/02/2024,06:00:00,0.246693,0.130626,0,0.377319
06/02/2024,07:00:00,0.239935,0.130518,0,0.370453
06/02/2024,08:00:00,0.233362,0.130409,0.142694,0.363771
06/02/2024,09:00:00,0.226969,0.1303,0.283241,0.357269
06/02/2024,10:00:00,0.220751,0.130192,0.204384,0.350943
06/02/2024,11:00:00,0.214703,0.130083,0.076294,0.344786
06/02/2024,12:00:00,0.208821,0.129975,0.003397,0.338796
06/02/2024,13:00:00,0.203101,0.129867,0,0.332968
06/02/2024,14:00:00,0.197537,0.129759,0,0.327296
06/02/2024,15:00:00,0.192125,0.12965,0,0.321775
06/02/2024,16:00:00,0.186862,0.129542,0,0.316404
06/02/2024,17:00:00,0.181742,0.129435,0,0.311177
06/02/2024,18:00:00,0.176764,0.129327,0,0.306091
06/02/2024,19:00:00,0.171921,0.129219,0,0.30114
06/02/2024,20:00:00,0.167211,0.129111,0.171244,0.296322
06/02/2024,21:00:00,0.16263,0.129004,1.264811,0.291634
06/02/2024,22:00:00,0.158175,0.128896,1.919448,0.287071
06/02/2024,23:00:00,0.153842,0.128789,1.531363,0.282631
07/02/2024,00:00:00,0.17335,0.128862,2.366364,0.302212
07/02/2024,01:00:00,0.216581,0.129119,2.134085,0.3457
07/02/2024,02:00:00,0.245021,0.129273,6.154656,0.374294
07/02/2024,03:00:00,0.250549,0.129259,3.552854,0.379808
07/02/2024,04:00:00,0.243685,0.129151,2.277613,0.372836
07/02/2024,05:00:00,0.237009,0.129043,0.497699,0.366052
07/02/2024,06:00:00,0.230516,0.128936,0.057876,0.359452
07/02/2024,07:00:00,0.224201,0.128828,0.097096,0.353029
07/02/2024,08:00:00,0.218059,0.128721,0.042915,0.34678
07/02/2024,09:00:00,0.212085,0.128614,0.001967,0.340699
07/02/2024,10:00:00,0.206275,0.128507,0,0.334782
07/02/2024,11:00:00,0.200624,0.1284,0,0.329024
07/02/2024,12:00:00,0.223686,0.12851,0,0.352196
07/02/2024,13:00:00,0.435515,0.13006,0,0.565575
07/02/2024,14:00:00,0.756225,0.13248,0,0.888705
07/02/2024,15:00:00,1.001793,0.134394,0,1.136187
07/02/2024,16:00:00,1.388476,0.13743,0,1.525906
07/02/2024,17:00:00,1.725934,0.140169,0,1.866103
07/02/2024,18:00:00,2.774823,0.148385,0,2.923208
07/02/2024,19:00:00,3.338792,0.153126,0,3.491918
07/02/2024,20:00:00,3.660223,0.156137,0,3.81636
07/02/2024,21:00:00,3.649785,0.15669,0,3.806475
07/02/2024,22:00:00,3.559519,0.156633,0,3.716152
07/02/2024,23:00:00,3.478925,0.156631,0,3.635556
08/02/2024,00:00:00,3.3907,0.156555,0,3.547255
08/02/2024,01:00:00,3.29781,0.156424,0,3.454234
08/02/2024,02:00:00,3.207464,0.156294,0,3.363758
08/02/2024,03:00:00,3.119594,0.156164,0,3.275758
08/02/2024,04:00:00,3.034131,0.156034,0,3.190165
08/02/2024,05:00:00,2.95101,0.155904,0,3.106914
08/02/2024,06:00:00,2.870165,0.155774,0,3.025939
08/02/2024,07:00:00,2.791536,0.155644,0.409126,2.94718
08/02/2024,08:00:00,2.71506,0.155514,0.639379,2.870574
08/02/2024,09:00:00,2.64068,0.155385,1.496911,2.796065
08/02/2024,10:00:00,2.568337,0.155256,2.139449,2.723593
08/02/2024,11:00:00,2.497976,0.155126,1.218438,2.653102
08/02/2024,12:00:00,2.429543,0.154997,3.215909,2.58454
08/02/2024,13:00:00,2.362984,0.154868,1.083791,2.517852
08/02/2024,14:00:00,2.298249,0.154739,1.893044,2.452988
08/02/2024,15:00:00,2.235287,0.15461,0.436485,2.389897
08/02/2024,16:00:00,2.17405,0.154481,0.12213,2.328531
08/02/2024,17:00:00,2.114491,0.154353,0.090957,2.268844
08/02/2024,18:00:00,2.056563,0.154224,0.575304,2.210787
08/02/2024,19:00:00,2.000223,0.154095,1.513481,2.154318
08/02/2024,20:00:00,1.945426,0.153967,1.055717,2.099393
08/02/2024,21:00:00,1.89213,0.153839,1.020432,2.045969
08/02/2024,22:00:00,1.840294,0.153711,1.077116,1.994005
08/02/2024,23:00:00,1.863555,0.154143,1.260817,2.017698
09/02/2024,00:00:00,1.928208,0.154894,0.641942,2.083102
09/02/2024,01:00:00,2.14841,0.15684,0.552893,2.30525
09/02/2024,02:00:00,2.481926,0.159692,1.406431,2.641618
09/02/2024,03:00:00,2.63753,0.161259,0.78392,2.798789
09/02/2024,04:00:00,3.161062,0.165653,0.036299,3.326715
09/02/2024,05:00:00,3.274992,0.16704,0,3.442032
09/02/2024,06:00:00,3.538039,0.169582,0.846922,3.707621
09/02/2024,07:00:00,3.520974,0.170048,0.861466,3.691022
09/02/2024,08:00:00,3.445156,0.170063,0.17482,3.615219
09/02/2024,09:00:00,3.365422,0.170033,0.08291,3.535455
09/02/2024,10:00:00,3.378917,0.170695,0.003874,3.549612
09/02/2024,11:00:00,3.569214,0.172703,0,3.741917
09/02/2024,12:00:00,3.66835,0.174055,0,3.842405
09/02/2024,13:00:00,3.758431,0.175359,0,3.93379
09/02/2024,14:00:00,3.857136,0.176746,0,4.033882
09/02/2024,15:00:00,3.988585,0.178401,0,4.166986
09/02/2024,16:00:00,3.998584,0.179159,0,4.177743
09/02/2024,17:00:00,3.991408,0.179788,0,4.171196
09/02/2024,18:00:00,4.148396,0.181663,0,4.330059
09/02/2024,19:00:00,4.182007,0.182631,0,4.364638
09/02/2024,20:00:00,4.070892,0.182505,0,4.253397
09/02/2024,21:00:00,3.959368,0.182353,0,4.141721
09/02/2024,22:00:00,4.010521,0.183415,0,4.193936
09/02/2024,23:00:00,4.063381,0.184499,0,4.24788
10/02/2024,00:00:00,3.982245,0.184575,0,4.16682
10/02/2024,01:00:00,3.885541,0.184515,0,4.070056
10/02/2024,02:00:00,3.779095,0.184361,0,3.963456
10/02/2024,03:00:00,3.675565,0.184208,0,3.859773
10/02/2024,04:00:00,3.574871,0.184054,0,3.758925
10/02/2024,05:00:00,3.476935,0.183901,0,3.660836
10/02/2024,06:00:00,3.381683,0.183748,0,3.565431
10/02/2024,07:00:00,3.28904,0.183595,0,3.472635
10/02/2024,08:00:00,3.198935,0.183442,0,3.382377
10/02/2024,09:00:00,3.111298,0.183289,0,3.294587
10/02/2024,10:00:00,3.026062,0.183136,0,3.209198
10/02/2024,11:00:00,2.943162,0.182984,0,3.126146
10/02/2024,12:00:00,2.862533,0.182831,0,3.045364
10/02/2024,13:00:00,2.784112,0.182679,0,2.966791
10/02/2024,14:00:00,2.70784,0.182527,0,2.890367
10/02/2024,15:00:00,2.633657,0.182375,0,2.816032
10/02/2024,16:00:00,2.561507,0.182223,0,2.74373
10/02/2024,17:00:00,2.491333,0.182071,0.114202,2.673404
10/02/2024,18:00:00,2.423082,0.181919,0.205636,2.605001
10/02/2024,19:00:00,2.3567,0.181768,0.752389,2.538468
10/02/2024,20:00:00,2.292137,0.181617,0.894189,2.473754
10/02/2024,21:00:00,2.229342,0.181465,0.300527,2.410807
10/02/2024,22:00:00,2.168269,0.181314,0.117719,2.349583
10/02/2024,23:00:00,2.108868,0.181163,0.148118,2.290031
11/02/2024,00:00:00,2.051094,0.181012,0.62573,2.232106
11/02/2024,01:00:00,1.994904,0.180861,1.1639,2.175765
11/02/2024,02:00:00,1.940252,0.180711,1.475453,2.120963
11/02/2024,03:00:00,1.887098,0.18056,0.87148,2.067658
11/02/2024,04:00:00,1.8354,0.18041,0.62114,2.01581
11/02/2024,05:00:00,1.785118,0.180259,0.096142,1.965377
11/02/2024,06:00:00,1.736214,0.180109,0.003397,1.916323
11/02/2024,07:00:00,1.688649,0.179959,0,1.868608
11/02/2024,08:00:00,1.642388,0.179809,0,1.822197
11/02/2024,09:00:00,1.616867,0.179808,0,1.796675
11/02/2024,10:00:00,1.609783,0.179941,0,1.789724
11/02/2024,11:00:00,1.708693,0.180878,0,1.889571
11/02/2024,12:00:00,1.8327,0.182026,0,2.014726
11/02/2024,13:00:00,1.838487,0.1823,0,2.020787
11/02/2024,14:00:00,1.808757,0.182305,0,1.991062
11/02/2024,15:00:00,1.785804,0.182355,0.875413,1.968159
11/02/2024,16:00:00,1.856297,0.183111,0.044584,2.039408
11/02/2024,17:00:00,2.029766,0.184664,0,2.21443
11/02/2024,18:00:00,2.259939,0.186682,1.446366,2.446621
11/02/2024,19:00:00,2.366258,0.187805,0.073612,2.554063
11/02/2024,20:00:00,2.420781,0.188556,0,2.609337
11/02/2024,21:00:00,2.370791,0.188523,0,2.559314
11/02/2024,22:00:00,2.305842,0.188366,0,2.494208
11/02/2024,23:00:00,2.242673,0.188209,0,2.430882
12/02/2024,00:00:00,2.181233,0.188052,0,2.369285
12/02/2024,01:00:00,2.121477,0.187896,0,2.309373
12/02/2024,02:00:00,2.063358,0.187739,0,2.251097
12/02/2024,03:00:00,2.006832,0.187583,0.142753,2.194415
12/02/2024,04:00:00,1.951854,0.187427,0.321269,2.139281
12/02/2024,05:00:00,1.898381,0.187271,0.015974,2.085652
12/02/2024,06:00:00,1.846374,0.187115,0,2.033489
12/02/2024,07:00:00,1.964425,0.188241,0,2.152666
12/02/2024,08:00:00,1.915988,0.188125,0,2.104113
12/02/2024,09:00:00,1.863499,0.187968,0,2.051467
12/02/2024,10:00:00,2.093734,0.18995,0,2.283684
12/02/2024,11:00:00,2.047275,0.189874,0,2.237149
12/02/2024,12:00:00,1.991189,0.189716,0,2.180905
12/02/2024,13:00:00,1.93664,0.189558,0,2.126198
12/02/2024,14:00:00,1.883584,0.1894,0,2.072984
12/02/2024,15:00:00,1.831982,0.189242,0,2.021224
12/02/2024,16:00:00,1.781794,0.189085,0,1.970879
12/02/2024,17:00:00,1.732981,0.188927,0,1.921908
12/02/2024,18:00:00,1.685505,0.18877,0,1.874275
12/02/2024,19:00:00,1.663181,0.188794,0,1.851975
12/02/2024,20:00:00,1.676611,0.189085,0,1.865696
12/02/2024,21:00:00,1.630679,0.188928,0,1.819607
12/02/2024,22:00:00,1.586006,0.18877,0,1.774776
12/02/2024,23:00:00,1.542556,0.188613,0,1.731169
13/02/2024,00:00:00,1.500297,0.188456,0,1.688753
13/02/2024,01:00:00,1.459196,0.188299,0,1.647495
13/02/2024,02:00:00,1.41922,0.188142,0,1.607362
13/02/2024,03:00:00,1.38034,0.187985,0,1.568325
13/02/2024,04:00:00,1.342525,0.187829,0,1.530354
13/02/2024,05:00:00,1.305746,0.187672,0,1.493418
13/02/2024,06:00:00,1.269974,0.187516,0,1.45749
13/02/2024,07:00:00,1.235183,0.18736,0,1.422543
13/02/2024,08:00:00,1.201344,0.187204,0,1.388548
13/02/2024,09:00:00,1.168433,0.187048,0,1.355481
13/02/2024,10:00:00,1.136423,0.186892,0,1.323315
13/02/2024,11:00:00,1.10529,0.186736,0,1.292026
13/02/2024,12:00:00,1.07501,0.186581,0,1.261591
13/02/2024,13:00:00,1.04556,0.186425,0,1.231985
13/02/2024,14:00:00,1.016916,0.18627,0,1.203186
13/02/2024,15:00:00,0.989057,0.186115,0,1.175172
13/02/2024,16:00:00,0.961961,0.18596,0,1.147921
13/02/2024,17:00:00,0.935608,0.185805,0,1.121413
13/02/2024,18:00:00,0.909976,0.18565,0,1.095626
13/02/2024,19:00:00,0.885047,0.185495,0,1.070542
13/02/2024,20:00:00,0.860801,0.185341,0,1.046142
13/02/2024,21:00:00,0.837219,0.185187,0.380635,1.022406
13/02/2024,22:00:00,0.814283,0.185032,0.133574,0.999315
13/02/2024,23:00:00,0.791975,0.184878,0.005841,0.976853
14/02/2024,00:00:00,0.770278,0.184724,0,0.955002
14/02/2024,01:00:00,0.749176,0.18457,0,0.933746
14/02/2024,02:00:00,0.728652,0.184417,0,0.913069
14/02/2024,03:00:00,0.70869,0.184263,0,0.892953
14/02/2024,04:00:00,0.689275,0.184109,0.076115,0.873384
14/02/2024,05:00:00,0.670392,0.183956,0.118017,0.854348
14/02/2024,06:00:00,0.652027,0.183803,0.034392,0.83583
14/02/2024,07:00:00,0.634164,0.18365,0.001431,0.817814
14/02/2024,08:00:00,0.616791,0.183497,0,0.800288
14/02/2024,09:00:00,0.599893,0.183344,0,0.783237
14/02/2024,10:00:00,0.583459,0.183191,0.066638,0.76665
14/02/2024,11:00:00,0.567475,0.183039,0.193715,0.750514
14/02/2024,12:00:00,0.551929,0.182886,0.009656,0.734815
14/02/2024,13:00:00,0.611085,0.183298,1.03724,0.794383
14/02/2024,14:00:00,0.620264,0.183343,1.099467,0.803607
14/02/2024,15:00:00,0.60429,0.183198,0.291169,0.787488
14/02/2024,16:00:00,0.587735,0.183045,0.078738,0.77078
14/02/2024,17:00:00,0.571634,0.182893,0.003397,0.754527
14/02/2024,18:00:00,0.555974,0.18274,0.104666,0.738714
14/02/2024,19:00:00,0.540742,0.182588,0.033855,0.72333
14/02/2024,20:00:00,0.539719,0.182541,0.00149,0.72226
14/02/2024,21:00:00,0.546723,0.182554,0.028551,0.729277
14/02/2024,22:00:00,0.536776,0.182441,0.001431,0.719217
14/02/2024,23:00:00,0.522071,0.182289,0,0.70436
15/02/2024,00:00:00,0.507768,0.182137,0,0.689905
15/02/2024,01:00:00,0.493858,0.181985,0,0.675843
15/02/2024,02:00:00,0.490646,0.181912,0.076115,0.672558
15/02/2024,03:00:00,0.51231,0.182027,0.793695,0.694337
15/02/2024,04:00:00,0.498275,0.181876,0.221014,0.680151
15/02/2024,05:00:00,0.685741,0.183253,2.41667,0.868994
15/02/2024,06:00:00,0.880622,0.184724,1.207292,1.065346
15/02/2024,07:00:00,0.910029,0.184977,0.236034,1.095006
15/02/2024,08:00:00,0.896263,0.184908,0.256598,1.081171
15/02/2024,09:00:00,0.871709,0.184754,0.18388,1.056463
15/02/2024,10:00:00,0.863601,0.18472,0.008702,1.048321
15/02/2024,11:00:00,0.84141,0.184578,0,1.025988
15/02/2024,12:00:00,0.818359,0.184424,0,1.002783
15/02/2024,13:00:00,0.795939,0.18427,0,0.980209
15/02/2024,14:00:00,0.774134,0.184117,0,0.958251
15/02/2024,15:00:00,0.752926,0.183963,0,0.936889
15/02/2024,16:00:00,0.7323,0.18381,0,0.91611
15/02/2024,17:00:00,0.712238,0.183657,0,0.895895
15/02/2024,18:00:00,0.701946,0.183574,0,0.88552
15/02/2024,19:00:00,0.834528,0.184575,0,1.019103
15/02/2024,20:00:00,0.850141,0.184714,0,1.034855
15/02/2024,21:00:00,1.303059,0.18818,0,1.491239
15/02/2024,22:00:00,1.503867,0.189821,0,1.693688
15/02/2024,23:00:00,1.505188,0.189986,0,1.695174
16/02/2024,00:00:00,1.510858,0.190184,0,1.701042
16/02/2024,01:00:00,1.502043,0.190273,0,1.692316
16/02/2024,02:00:00,1.460894,0.190115,0,1.651009
16/02/2024,03:00:00,1.420872,0.189957,0,1.610829
16/02/2024,04:00:00,1.381947,0.189798,0,1.571745
16/02/2024,05:00:00,1.344087,0.18964,0,1.533727
16/02/2024,06:00:00,1.307265,0.189482,0,1.496747
16/02/2024,07:00:00,1.271452,0.189324,0,1.460776
16/02/2024,08:00:00,1.23662,0.189167,0,1.425787
16/02/2024,09:00:00,1.202742,0.189009,0,1.391751
16/02/2024,10:00:00,1.169793,0.188852,0.323534,1.358645
16/02/2024,11:00:00,1.137745,0.188694,0.739634,1.326439
16/02/2024,12:00:00,1.106576,0.188537,0.81712,1.295113
16/02/2024,13:00:00,1.076261,0.18838,0.068247,1.264641
16/02/2024,14:00:00,1.046776,0.188223,0.00149,1.234999
16/02/2024,15:00:00,1.018099,0.188066,0,1.206165
16/02/2024,16:00:00,0.990208,0.18791,0,1.178118
16/02/2024,17:00:00,0.963081,0.187753,0,1.150834
16/02/2024,18:00:00,0.936697,0.187597,0,1.124294
16/02/2024,19:00:00,0.911035,0.187441,0,1.098476
16/02/2024,20:00:00,0.886077,0.187284,0,1.073361
16/02/2024,21:00:00,0.861802,0.187128,0,1.04893
16/02/2024,22:00:00,0.838193,0.186973,0,1.025166
16/02/2024,23:00:00,0.81523,0.186817,0,1.002047
17/02/2024,00:00:00,0.792897,0.186661,0,0.979558
17/02/2024,01:00:00,0.771175,0.186506,0,0.957681
17/02/2024,02:00:00,0.812038,0.186822,0,0.99886
17/02/2024,03:00:00,0.935185,0.187771,0,1.122956
17/02/2024,04:00:00,1.070593,0.188839,0,1.259432
17/02/2024,05:00:00,1.051554,0.18876,0,1.240314
17/02/2024,06:00:00,1.022746,0.188603,0,1.211349
17/02/2024,07:00:00,0.994727,0.188445,0,1.183172
17/02/2024,08:00:00,0.967476,0.188288,0,1.155764
17/02/2024,09:00:00,0.940972,0.188132,0,1.129104
17/02/2024,10:00:00,0.915193,0.187975,0,1.103168
17/02/2024,11:00:00,0.890121,0.187818,0,1.077939
17/02/2024,12:00:00,0.865736,0.187662,0,1.053398
17/02/2024,13:00:00,0.842018,0.187506,0,1.029524
17/02/2024,14:00:00,0.818951,0.187349,0,1.0063
17/02/2024,15:00:00,0.796515,0.187193,0,0.983708
17/02/2024,16:00:00,0.774694,0.187037,0,0.961731
17/02/2024,17:00:00,0.753471,0.186882,0,0.940353
17/02/2024,18:00:00,0.732829,0.186726,0,0.919555
17/02/2024,19:00:00,0.712753,0.18657,0,0.899323
17/02/2024,20:00:00,0.693227,0.186415,0,0.879642
17/02/2024,21:00:00,0.674236,0.18626,0,0.860496
17/02/2024,22:00:00,0.655765,0.186105,0,0.84187
17/02/2024,23:00:00,0.6378,0.185949,0,0.823749
18/02/2024,00:00:00,0.620327,0.185795,0,0.806122
18/02/2024,01:00:00,0.603333,0.18564,0,0.788973
18/02/2024,02:00:00,0.586804,0.185485,0,0.772289
18/02/2024,03:00:00,0.570728,0.185331,0.209332,0.756059
18/02/2024,04:00:00,0.555093,0.185176,0.010669,0.740269
18/02/2024,05:00:00,0.539886,0.185022,0.104666,0.724908
18/02/2024,06:00:00,0.525095,0.184868,0.338376,0.709963
18/02/2024,07:00:00,0.51071,0.184714,0.692546,0.695424
18/02/2024,08:00:00,0.496719,0.18456,0.177145,0.681279
18/02/2024,09:00:00,0.483111,0.184406,0.473499,0.667517
18/02/2024,10:00:00,0.469876,0.184253,0.299692,0.654129
18/02/2024,11:00:00,0.457003,0.184099,0.718236,0.641102
18/02/2024,12:00:00,0.444483,0.183946,0.254691,0.628429
18/02/2024,13:00:00,0.432307,0.183793,0.677228,0.6161
18/02/2024,14:00:00,0.420463,0.18364,0.937879,0.604103
18/02/2024,15:00:00,0.408945,0.183487,0.046015,0.592432
18/02/2024,16:00:00,0.397741,0.183334,0.028551,0.581075
18/02/2024,17:00:00,0.386845,0.183181,0.001431,0.570026
18/02/2024,18:00:00,0.376247,0.183028,0.504375,0.559275
18/02/2024,19:00:00,0.407533,0.183192,0.273049,0.590725
18/02/2024,20:00:00,0.398003,0.183052,0.012577,0.581055
18/02/2024,21:00:00,0.40759,0.183055,0,0.590645
18/02/2024,22:00:00,0.463877,0.183416,0,0.647293
18/02/2024,23:00:00,0.589968,0.184318,0,0.774286
19/02/2024,00:00:00,0.608829,0.184431,0,0.79326
19/02/2024,01:00:00,0.686935,0.184997,0,0.871932
19/02/2024,02:00:00,0.727854,0.185297,0,0.913151
19/02/2024,03:00:00,0.852256,0.18624,0,1.038496
19/02/2024,04:00:00,0.879599,0.18647,0,1.066069
19/02/2024,05:00:00,0.991778,0.187351,0,1.179129
19/02/2024,06:00:00,1.153978,0.188634,0,1.342612
19/02/2024,07:00:00,1.130747,0.188541,0,1.319288
19/02/2024,08:00:00,1.104564,0.18842,0,1.292984
19/02/2024,09:00:00,1.074304,0.188264,0,1.262568
19/02/2024,10:00:00,1.146294,0.188878,0,1.335172
19/02/2024,11:00:00,1.169314,0.189134,0,1.358448
19/02/2024,12:00:00,1.138672,0.188987,0,1.327659
19/02/2024,13:00:00,1.107477,0.18883,0.028551,1.296307
19/02/2024,14:00:00,1.077137,0.188672,0.134706,1.265809
19/02/2024,15:00:00,1.047629,0.188515,0.292242,1.236144
19/02/2024,16:00:00,1.018928,0.188358,0.109673,1.207286
19/02/2024,17:00:00,0.991014,0.188201,0.004828,1.179215
19/02/2024,18:00:00,0.963865,0.188044,0,1.151909
19/02/2024,19:00:00,0.937459,0.187888,0,1.125347
19/02/2024,20:00:00,0.911777,0.187731,0,1.099508
19/02/2024,21:00:00,0.886799,0.187575,0,1.074374
19/02/2024,22:00:00,0.862504,0.187419,0,1.049923
19/02/2024,23:00:00,0.838876,0.187263,0,1.026139
20/02/2024,00:00:00,0.815894,0.187107,0,1.003001
20/02/2024,01:00:00,0.793542,0.186951,0,0.980493
20/02/2024,02:00:00,0.771803,0.186795,0,0.958598
20/02/2024,03:00:00,0.750659,0.186639,0,0.937298
20/02/2024,04:00:00,0.730094,0.186484,0,0.916578
20/02/2024,05:00:00,0.712276,0.186345,0,0.898621
20/02/2024,06:00:00,0.716362,0.186369,0,0.902731
20/02/2024,07:00:00,0.752242,0.186636,0,0.938878
20/02/2024,08:00:00,0.749824,0.186619,0,0.936443
20/02/2024,09:00:00,0.729282,0.186463,0,0.915745
20/02/2024,10:00:00,0.709303,0.186308,0,0.895611
20/02/2024,11:00:00,0.689871,0.186153,0,0.876024
20/02/2024,12:00:00,0.670972,0.185998,0,0.85697
20/02/2024,13:00:00,0.65259,0.185843,0,0.838433
20/02/2024,14:00:00,0.634712,0.185688,0,0.8204
20/02/2024,15:00:00,0.617324,0.185533,0,0.802857
20/02/2024,16:00:00,0.600412,0.185379,0,0.785791
20/02/2024,17:00:00,0.583963,0.185224,0,0.769187
20/02/2024,18:00:00,0.567965,0.18507,0,0.753035
20/02/2024,19:00:00,0.552406,0.184916,0,0.737322
20/02/2024,20:00:00,0.537272,0.184762,0,0.722034
20/02/2024,21:00:00,0.522553,0.184608,0,0.707161
20/02/2024,22:00:00,0.508238,0.184454,0,0.692692
20/02/2024,23:00:00,0.494314,0.184301,0,0.678615
21/02/2024,00:00:00,0.480772,0.184147,0,0.664919
21/02/2024,01:00:00,0.467601,0.183994,0,0.651595
21/02/2024,02:00:00,0.454791,0.18384,0,0.638631
21/02/2024,03:00:00,0.442332,0.183687,0,0.626019
21/02/2024,04:00:00,0.430214,0.183534,0,0.613748
21/02/2024,05:00:00,0.418428,0.183381,0,0.601809
21/02/2024,06:00:00,0.406965,0.183229,0,0.590194
21/02/2024,07:00:00,0.395816,0.183076,0,0.578892
21/02/2024,08:00:00,0.384972,0.182924,0,0.567896
21/02/2024,09:00:00,0.374426,0.182771,0,0.557197
21/02/2024,10:00:00,0.364168,0.182619,0,0.546787
21/02/2024,11:00:00,0.354192,0.182467,0,0.536659
21/02/2024,12:00:00,0.344488,0.182315,0,0.526803
21/02/2024,13:00:00,0.335051,0.182163,0,0.517214
21/02/2024,14:00:00,0.325872,0.182011,0.256956,0.507883
21/02/2024,15:00:00,0.316945,0.18186,1.173973,0.498805
21/02/2024,16:00:00,0.308262,0.181708,1.562595,0.48997
21/02/2024,17:00:00,0.299817,0.181557,1.779795,0.481374
21/02/2024,18:00:00,0.291603,0.181406,0.809908,0.473009
21/02/2024,19:00:00,0.283614,0.181254,0.493526,0.464868
21/02/2024,20:00:00,0.275845,0.181103,0.746489,0.456948
21/02/2024,21:00:00,0.268288,0.180953,0.074863,0.449241
21/02/2024,22:00:00,0.260938,0.180802,0.097096,0.44174
21/02/2024,23:00:00,0.253789,0.180651,0.195146,0.43444
22/02/2024,00:00:00,0.246837,0.180501,0.494957,0.427338
22/02/2024,01:00:00,0.240074,0.18035,0.091314,0.420424
22/02/2024,02:00:00,0.233497,0.1802,0.003397,0.413697
22/02/2024,03:00:00,0.227101,0.18005,0,0.407151
22/02/2024,04:00:00,0.220879,0.1799,0,0.400779
22/02/2024,05:00:00,0.214828,0.17975,0,0.394578
22/02/2024,06:00:00,0.258692,0.179979,0,0.438671
22/02/2024,07:00:00,0.487978,0.181626,0,0.669604
22/02/2024,08:00:00,0.791022,0.183879,0,0.974901
22/02/2024,09:00:00,1.131488,0.186479,0,1.317967
22/02/2024,10:00:00,1.264502,0.18757,0,1.452072
22/02/2024,11:00:00,1.329078,0.188168,0.352085,1.517246
22/02/2024,12:00:00,1.444139,0.189163,0.170171,1.633302
22/02/2024,13:00:00,1.417768,0.189106,0.21708,1.606874
22/02/2024,14:00:00,1.396735,0.189084,0.143886,1.585819
22/02/2024,15:00:00,1.396541,0.189215,0.006795,1.585756
22/02/2024,16:00:00,1.458222,0.189818,0,1.64804
22/02/2024,17:00:00,1.434778,0.189785,1.988769,1.624563
22/02/2024,18:00:00,1.395471,0.189627,0.101209,1.585098
22/02/2024,19:00:00,1.357242,0.189469,0,1.546711
22/02/2024,20:00:00,1.320059,0.189311,0,1.50937
22/02/2024,21:00:00,1.283896,0.189153,1.941204,1.473049
22/02/2024,22:00:00,1.248723,0.188996,1.202643,1.437719
22/02/2024,23:00:00,1.214513,0.188838,0.056148,1.403351
23/02/2024,00:00:00,1.181241,0.188681,0,1.369922
23/02/2024,01:00:00,1.14888,0.188524,0,1.337404
23/02/2024,02:00:00,1.117406,0.188367,0,1.305773
23/02/2024,03:00:00,1.155944,0.188736,0,1.34468
23/02/2024,04:00:00,1.155748,0.188818,0,1.344566
23/02/2024,05:00:00,1.165149,0.188972,0,1.354121
23/02/2024,06:00:00,1.159042,0.189011,0,1.348053
23/02/2024,07:00:00,1.12729,0.188854,0,1.316144
23/02/2024,08:00:00,1.096407,0.188696,0.114202,1.285103
23/02/2024,09:00:00,1.474303,0.19164,0.005841,1.665943
23/02/2024,10:00:00,1.45049,0.191607,0,1.642097
23/02/2024,11:00:00,1.410753,0.191447,0,1.6022
23/02/2024,12:00:00,1.372105,0.191287,0,1.563392
23/02/2024,13:00:00,1.733853,0.194164,0,1.928017
23/02/2024,14:00:00,1.932648,0.195874,0,2.128522
23/02/2024,15:00:00,1.88635,0.195761,0,2.082111
23/02/2024,16:00:00,1.834673,0.195598,0.361562,2.030271
23/02/2024,17:00:00,1.784411,0.195435,0.322938,1.979846
23/02/2024,18:00:00,1.735526,0.195273,0.015497,1.930799
23/02/2024,19:00:00,1.68798,0.19511,1.065731,1.88309
23/02/2024,20:00:00,1.641737,0.194947,0.05424,1.836684
23/02/2024,21:00:00,1.596761,0.194785,0,1.791546
23/02/2024,22:00:00,1.553017,0.194623,0,1.74764
23/02/2024,23:00:00,1.510471,0.194461,0,1.704932
24/02/2024,00:00:00,1.488467,0.194446,0,1.682913
24/02/2024,01:00:00,1.447689,0.194284,0,1.641973
24/02/2024,02:00:00,1.408029,0.194122,0,1.602151
24/02/2024,03:00:00,1.369455,0.193961,0,1.563416
24/02/2024,04:00:00,1.331939,0.193799,0,1.525738
24/02/2024,05:00:00,1.295449,0.193638,0,1.489087
24/02/2024,06:00:00,1.25996,0.193476,1.360774,1.453436
24/02/2024,07:00:00,1.225443,0.193315,0.154853,1.418758
24/02/2024,08:00:00,1.263604,0.193699,0.004411,1.457303
24/02/2024,09:00:00,1.292753,0.194023,0,1.486776
24/02/2024,10:00:00,1.257337,0.193861,0,1.451198
24/02/2024,11:00:00,1.442598,0.19537,0.038028,1.637968
24/02/2024,12:00:00,1.410875,0.195266,0.001967,1.606141
24/02/2024,13:00:00,1.372223,0.195104,0,1.567327
24/02/2024,14:00:00,1.33463,0.194941,0,1.529571
24/02/2024,15:00:00,1.298068,0.194779,0,1.492847
24/02/2024,16:00:00,1.262506,0.194616,0,1.457122
24/02/2024,17:00:00,1.227919,0.194454,0,1.422373
24/02/2024,18:00:00,1.19428,0.194292,0,1.388572
24/02/2024,19:00:00,1.161562,0.19413,0,1.355692
24/02/2024,20:00:00,1.12974,0.193969,0,1.323709
24/02/2024,21:00:00,1.09879,0.193807,0.15223,1.292597
24/02/2024,22:00:00,1.350456,0.195788,0.007749,1.546244
24/02/2024,23:00:00,1.341873,0.19584,0,1.537713
25/02/2024,00:00:00,1.305111,0.195677,0,1.500788
25/02/2024,01:00:00,1.269357,0.195514,0,1.464871
25/02/2024,02:00:00,1.234582,0.195351,0.342548,1.429933
25/02/2024,03:00:00,1.204137,0.195214,0.017464,1.399351
25/02/2024,04:00:00,1.171149,0.195052,0.333011,1.366201
25/02/2024,05:00:00,1.139064,0.194889,0.549853,1.333953
25/02/2024,06:00:00,1.107859,0.194727,0.312567,1.302586
25/02/2024,07:00:00,1.077509,0.194565,0.043094,1.272074
25/02/2024,08:00:00,1.04799,0.194403,0.001431,1.242393
25/02/2024,09:00:00,1.01928,0.194241,0,1.213521
25/02/2024,10:00:00,0.991356,0.194079,0,1.185435
25/02/2024,11:00:00,0.964197,0.193917,0,1.158114
25/02/2024,12:00:00,0.937782,0.193756,0.30452,1.131538
25/02/2024,13:00:00,0.938339,0.193794,0.015497,1.132133
25/02/2024,14:00:00,0.912633,0.193632,0,1.106265
25/02/2024,15:00:00,0.887631,0.193471,0,1.081102
25/02/2024,16:00:00,0.863314,0.19331,0,1.056624
25/02/2024,17:00:00,0.839663,0.193149,0,1.032812
25/02/2024,18:00:00,0.883283,0.193495,0,1.076778
25/02/2024,19:00:00,0.859085,0.193333,0,1.052418
25/02/2024,20:00:00,0.900719,0.193668,0,1.094387
25/02/2024,21:00:00,0.987186,0.194351,0,1.181537
25/02/2024,22:00:00,1.021624,0.194657,0,1.216281
25/02/2024,23:00:00,0.998554,0.194532,0,1.193086
26/02/2024,00:00:00,0.971198,0.19437,0.095189,1.165568
26/02/2024,01:00:00,0.944592,0.194208,0.632882,1.1388
26/02/2024,02:00:00,0.918714,0.194046,1.43075,1.11276
26/02/2024,03:00:00,0.893545,0.193885,1.19406,1.08743
26/02/2024,04:00:00,0.930388,0.194189,0.989676,1.124577
26/02/2024,05:00:00,0.905518,0.194032,0.494719,1.09955
26/02/2024,06:00:00,0.880711,0.193871,0.536561,1.074582
26/02/2024,07:00:00,0.856583,0.193709,0.62567,1.050292
26/02/2024,08:00:00,0.833117,0.193548,0.449181,1.026665
26/02/2024,09:00:00,0.810293,0.193386,1.058519,1.003679
26/02/2024,10:00:00,0.788095,0.193225,1.404047,0.98132
26/02/2024,11:00:00,0.766505,0.193064,1.591265,0.959569
26/02/2024,12:00:00,0.745506,0.192904,1.933038,0.93841
26/02/2024,13:00:00,0.725082,0.192743,1.883388,0.917825
26/02/2024,14:00:00,0.705218,0.192582,1.366198,0.8978
26/02/2024,15:00:00,0.685898,0.192422,1.216292,0.87832
26/02/2024,16:00:00,0.686968,0.192413,0.172794,0.879381
26/02/2024,17:00:00,0.80114,0.193263,0.005782,0.994403
26/02/2024,18:00:00,1.080927,0.195396,0,1.276323
26/02/2024,19:00:00,1.303269,0.197148,0,1.500417
26/02/2024,20:00:00,1.476231,0.19857,0,1.674801
26/02/2024,21:00:00,1.538888,0.199189,0,1.738077
26/02/2024,22:00:00,1.608464,0.199872,0,1.808336
26/02/2024,23:00:00,1.694871,0.200697,0,1.895568
27/02/2024,00:00:00,1.740905,0.201233,0,1.942138
27/02/2024,01:00:00,1.915931,0.202758,0,2.118689
27/02/2024,02:00:00,2.160549,0.204848,0,2.365397
27/02/2024,03:00:00,2.439369,0.207247,0,2.646616
27/02/2024,04:00:00,2.785362,0.210212,0,2.995574
27/02/2024,05:00:00,3.112378,0.213103,0,3.325481
27/02/2024,06:00:00,3.318666,0.215142,0,3.533808
27/02/2024,07:00:00,3.486918,0.216932,0,3.70385
27/02/2024,08:00:00,3.42205,0.216985,0,3.639035
27/02/2024,09:00:00,3.328301,0.216804,0,3.545105
27/02/2024,10:00:00,3.23712,0.216623,0,3.453743
27/02/2024,11:00:00,3.148438,0.216443,0,3.364881
27/02/2024,12:00:00,3.062185,0.216263,0,3.278448
27/02/2024,13:00:00,2.978294,0.216082,0,3.194376
27/02/2024,14:00:00,2.896702,0.215902,0,3.112604
27/02/2024,15:00:00,2.817346,0.215723,0,3.033069
27/02/2024,16:00:00,2.740163,0.215543,0,2.955706
27/02/2024,17:00:00,2.665095,0.215363,0,2.880458
27/02/2024,18:00:00,2.592083,0.215184,0,2.807267
27/02/2024,19:00:00,2.521072,0.215005,0,2.736077
27/02/2024,20:00:00,2.452006,0.214826,0,2.666832
27/02/2024,21:00:00,2.384832,0.214647,0,2.599479
27/02/2024,22:00:00,2.319498,0.214468,0,2.533966
27/02/2024,23:00:00,2.255954,0.214289,0,2.470243
28/02/2024,00:00:00,2.194151,0.214111,0,2.408262
28/02/2024,01:00:00,2.134041,0.213932,0,2.347973
28/02/2024,02:00:00,2.075578,0.213754,0,2.289332
28/02/2024,03:00:00,2.018716,0.213576,0,2.232292
28/02/2024,04:00:00,1.963413,0.213398,0,2.176811
28/02/2024,05:00:00,1.909624,0.21322,0,2.122844
28/02/2024,06:00:00,1.857309,0.213043,0,2.070352
28/02/2024,07:00:00,1.806427,0.212865,0,2.019292
28/02/2024,08:00:00,1.756939,0.212688,0,1.969627
28/02/2024,09:00:00,1.708807,0.212511,0,1.921318
28/02/2024,10:00:00,1.661993,0.212334,0,1.874327
28/02/2024,11:00:00,1.616462,0.212157,0,1.828619
28/02/2024,12:00:00,1.572178,0.21198,0,1.784158
28/02/2024,13:00:00,1.529107,0.211804,0,1.740911
28/02/2024,14:00:00,1.487217,0.211627,0,1.698844
28/02/2024,15:00:00,1.446473,0.211451,0,1.657924
28/02/2024,16:00:00,1.406847,0.211275,0,1.618122
28/02/2024,17:00:00,1.368305,0.211099,0,1.579404
28/02/2024,18:00:00,1.33082,0.210923,0,1.541743
28/02/2024,19:00:00,1.294361,0.210747,0,1.505108
28/02/2024,20:00:00,1.258902,0.210572,0,1.469474
28/02/2024,21:00:00,1.224414,0.210396,0,1.43481
28/02/2024,22:00:00,1.19087,0.210221,0,1.401091
28/02/2024,23:00:00,1.158245,0.210046,0,1.368291
29/02/2024,00:00:00,1.126515,0.209871,0,1.336386
29/02/2024,01:00:00,1.095653,0.209696,0,1.305349
29/02/2024,02:00:00,1.065637,0.209522,0.028551,1.275159
29/02/2024,03:00:00,1.036444,0.209347,0.001431,1.245791
29/02/2024,04:00:00,1.00805,0.209173,0,1.217223
29/02/2024,05:00:00,0.980434,0.208998,0,1.189432
29/02/2024,06:00:00,0.953574,0.208824,0,1.162398
29/02/2024,07:00:00,0.927451,0.20865,0,1.136101
29/02/2024,08:00:00,0.902043,0.208477,0,1.11052
29/02/2024,09:00:00,0.877331,0.208303,0,1.085634
29/02/2024,10:00:00,0.853296,0.208129,0.038087,1.061425
29/02/2024,11:00:00,0.829919,0.207956,0.154197,1.037875
29/02/2024,12:00:00,0.807183,0.207783,0.188529,1.014966
29/02/2024,13:00:00,0.78507,0.20761,0.104368,0.99268
29/02/2024,14:00:00,0.763562,0.207437,0.604331,0.970999
29/02/2024,15:00:00,0.742644,0.207264,0.87738,0.949908
29/02/2024,16:00:00,0.722299,0.207091,0.72825,0.92939
29/02/2024,17:00:00,0.702511,0.206919,0.158608,0.90943
29/02/2024,18:00:00,0.687961,0.206782,0.482082,0.894743
29/02/2024,19:00:00,0.669114,0.20661,1.603782,0.875724
29/02/2024,20:00:00,0.650783,0.206438,0.889242,0.857221
29/02/2024,21:00:00,0.632955,0.206266,0.30762,0.839221
29/02/2024,22:00:00,0.615614,0.206094,0.042081,0.821708
29/02/2024,23:00:00,0.598749,0.205922,0.00149,0.804671
01/03/2024,00:00:00,0.582346,0.205751,0,0.788097
01/03/2024,01:00:00,0.566393,0.20558,0.066578,0.771973
01/03/2024,02:00:00,0.555044,0.20544,0.954986,0.760484
01/03/2024,03:00:00,0.568989,0.20549,0.048399,0.774479
01/03/2024,04:00:00,0.589727,0.205595,0,0.795322
01/03/2024,05:00:00,0.591223,0.205558,0,0.796781
01/03/2024,06:00:00,0.70147,0.206348,0,0.907818
01/03/2024,07:00:00,0.868254,0.20759,0,1.075844
01/03/2024,08:00:00,0.997799,0.208583,0,1.206382
01/03/2024,09:00:00,0.998774,0.208624,0,1.207398
01/03/2024,10:00:00,1.07035,0.209203,0,1.279553
01/03/2024,11:00:00,1.386379,0.211654,0,1.598033
01/03/2024,12:00:00,1.536878,0.21291,0,1.749788
01/03/2024,13:00:00,1.554834,0.213189,0,1.768023
01/03/2024,14:00:00,1.513393,0.21302,0,1.726413
01/03/2024,15:00:00,1.471933,0.212843,0,1.684776
01/03/2024,16:00:00,1.431609,0.212666,0,1.644275
01/03/2024,17:00:00,1.398251,0.212533,0,1.610784
01/03/2024,18:00:00,1.561882,0.213891,0,1.775773
01/03/2024,19:00:00,1.520669,0.213725,0,1.734394
01/03/2024,20:00:00,1.47901,0.213547,0,1.692557
01/03/2024,21:00:00,1.438491,0.213369,0,1.65186
01/03/2024,22:00:00,1.399083,0.213191,0.323534,1.612274
01/03/2024,23:00:00,1.360754,0.213014,0.787258,1.573768
02/03/2024,00:00:00,1.323476,0.212836,0.172436,1.536312
02/03/2024,01:00:00,1.287219,0.212659,0.092447,1.499878
02/03/2024,02:00:00,1.251955,0.212482,0.004351,1.464437
02/03/2024,03:00:00,1.217657,0.212305,0,1.429962
02/03/2024,04:00:00,1.184298,0.212128,0,1.396426
02/03/2024,05:00:00,1.151854,0.211951,0,1.363805
02/03/2024,06:00:00,1.120298,0.211775,0,1.332073
02/03/2024,07:00:00,1.089607,0.211598,0,1.301205
02/03/2024,08:00:00,1.059757,0.211422,0,1.271179
02/03/2024,09:00:00,1.030724,0.211246,0,1.24197
02/03/2024,10:00:00,1.002487,0.21107,0,1.213557
02/03/2024,11:00:00,0.975023,0.210894,0,1.185917
02/03/2024,12:00:00,0.948312,0.210718,0,1.15903
02/03/2024,13:00:00,0.922332,0.210543,0,1.132875
02/03/2024,14:00:00,0.956664,0.210821,0,1.167485
02/03/2024,15:00:00,1.092335,0.211875,0,1.30421
02/03/2024,16:00:00,1.088649,0.211898,0,1.300547
02/03/2024,17:00:00,1.067591,0.211789,0,1.27938
02/03/2024,18:00:00,1.038344,0.211612,0,1.249956
02/03/2024,19:00:00,1.009898,0.211436,0,1.221334
02/03/2024,20:00:00,0.982231,0.21126,0,1.193491
02/03/2024,21:00:00,0.955323,0.211084,0,1.166407
02/03/2024,22:00:00,0.929151,0.210908,0,1.140059
02/03/2024,23:00:00,0.903697,0.210732,0,1.114429
03/03/2024,00:00:00,0.878939,0.210557,0,1.089496
03/03/2024,01:00:00,0.85486,0.210381,0,1.065241
03/03/2024,02:00:00,0.831441,0.210206,0,1.041647
03/03/2024,03:00:00,0.808663,0.210031,0,1.018694
03/03/2024,04:00:00,0.786509,0.209856,0,0.996365
03/03/2024,05:00:00,0.764963,0.209681,0,0.974644
03/03/2024,06:00:00,0.744006,0.209507,0,0.953513
03/03/2024,07:00:00,0.723624,0.209332,0,0.932956
03/03/2024,08:00:00,0.7038,0.209158,0,0.912958
03/03/2024,09:00:00,0.684519,0.208983,0,0.893502
03/03/2024,10:00:00,0.665766,0.208809,0,0.874575
03/03/2024,11:00:00,0.647527,0.208635,0,0.856162
03/03/2024,12:00:00,0.629788,0.208462,0,0.83825
03/03/2024,13:00:00,0.612534,0.208288,0,0.820822
03/03/2024,14:00:00,0.595753,0.208114,0,0.803867
03/03/2024,15:00:00,0.579432,0.207941,0,0.787373
03/03/2024,16:00:00,0.563559,0.207768,0,0.771327
03/03/2024,17:00:00,0.54812,0.207595,0,0.755715
03/03/2024,18:00:00,0.533104,0.207422,0,0.740526
03/03/2024,19:00:00,0.518499,0.207249,0,0.725748
03/03/2024,20:00:00,0.504294,0.207077,0,0.711371
03/03/2024,21:00:00,0.490479,0.206904,0,0.697383
03/03/2024,22:00:00,0.477042,0.206732,0,0.683774
03/03/2024,23:00:00,0.463973,0.206559,0,0.670532
04/03/2024,00:00:00,0.451262,0.206387,0,0.657649
04/03/2024,01:00:00,0.4389,0.206215,0,0.645115
04/03/2024,02:00:00,0.426876,0.206044,0,0.63292
04/03/2024,03:00:00,0.415182,0.205872,0,0.621054
04/03/2024,04:00:00,0.403807,0.205701,0,0.609508
04/03/2024,05:00:00,0.392745,0.205529,0,0.598274
04/03/2024,06:00:00,0.381985,0.205358,0,0.587343
04/03/2024,07:00:00,0.371521,0.205187,0,0.576708
04/03/2024,08:00:00,0.361343,0.205016,0,0.566359
04/03/2024,09:00:00,0.351444,0.204845,0,0.556289
04/03/2024,10:00:00,0.341816,0.204675,0,0.546491
04/03/2024,11:00:00,0.332451,0.204504,0,0.536955
04/03/2024,12:00:00,0.323344,0.204334,0,0.527678
04/03/2024,13:00:00,0.314486,0.204164,0,0.51865
04/03/2024,14:00:00,0.30587,0.203994,0,0.509864
04/03/2024,15:00:00,0.297491,0.203824,0,0.501315
04/03/2024,16:00:00,0.289341,0.203654,0,0.492995
04/03/2024,17:00:00,0.281414,0.203484,0,0.484898
04/03/2024,18:00:00,0.273705,0.203315,0,0.47702
04/03/2024,19:00:00,0.266206,0.203145,0,0.469351
04/03/2024,20:00:00,0.258913,0.202976,0,0.461889
04/03/2024,21:00:00,0.25182,0.202807,0,0.454627
04/03/2024,22:00:00,0.244922,0.202638,0,0.44756
04/03/2024,23:00:00,0.238212,0.202469,0,0.440681
05/03/2024,00:00:00,0.231686,0.202301,0,0.433987
05/03/2024,01:00:00,0.225339,0.202132,0,0.427471
05/03/2024,02:00:00,0.219165,0.201964,0,0.421129
05/03/2024,03:00:00,0.213161,0.201796,0,0.414957
05/03/2024,04:00:00,0.207322,0.201627,0,0.408949
05/03/2024,05:00:00,0.201642,0.201459,0,0.403101
05/03/2024,06:00:00,0.196118,0.201292,0,0.39741
05/03/2024,07:00:00,0.190745,0.201124,0,0.391869
05/03/2024,08:00:00,0.18552,0.200956,0,0.386476
05/03/2024,09:00:00,0.180437,0.200789,0,0.381226
05/03/2024,10:00:00,0.175494,0.200622,0,0.376116
05/03/2024,11:00:00,0.170686,0.200455,0.038028,0.371141
05/03/2024,12:00:00,0.16601,0.200288,0.030518,0.366298
05/03/2024,13:00:00,0.161462,0.200121,0.001431,0.361583
05/03/2024,14:00:00,0.157039,0.199954,0,0.356993
05/03/2024,15:00:00,0.152737,0.199788,0.114202,0.352525
05/03/2024,16:00:00,0.148552,0.199621,0.005782,0.348173
05/03/2024,17:00:00,0.144483,0.199455,0,0.343938
05/03/2024,18:00:00,0.140525,0.199289,0,0.339814
05/03/2024,19:00:00,0.136675,0.199123,0,0.335798
05/03/2024,20:00:00,0.132931,0.198957,0,0.331888
05/03/2024,21:00:00,0.129289,0.198791,0,0.32808
05/03/2024,22:00:00,0.125747,0.198626,0,0.324373
05/03/2024,23:00:00,0.122302,0.19846,0,0.320762
06/03/2024,00:00:00,0.118952,0.198295,0,0.317247
06/03/2024,01:00:00,0.115693,0.19813,0,0.313823
06/03/2024,02:00:00,0.112523,0.197965,0,0.310488
06/03/2024,03:00:00,0.109561,0.197801,0,0.307362
06/03/2024,04:00:00,0.106559,0.197636,0,0.304195
06/03/2024,05:00:00,0.10364,0.197471,0,0.301111
06/03/2024,06:00:00,0.100801,0.197307,0,0.298108
06/03/2024,07:00:00,0.113843,0.197263,0,0.311106
06/03/2024,08:00:00,0.110724,0.197098,0,0.307822
06/03/2024,09:00:00,0.107691,0.196934,0,0.304625
06/03/2024,10:00:00,0.104741,0.19677,0,0.301511
06/03/2024,11:00:00,0.101871,0.196606,0,0.298477
06/03/2024,12:00:00,0.09908,0.196442,0,0.295522
06/03/2024,13:00:00,0.096366,0.196279,0,0.292645
06/03/2024,14:00:00,0.093726,0.196115,0,0.289841
06/03/2024,15:00:00,0.091158,0.195952,0,0.28711
06/03/2024,16:00:00,0.088661,0.195789,0,0.28445
06/03/2024,17:00:00,0.086232,0.195626,0,0.281858
06/03/2024,18:00:00,0.08387,0.195463,0,0.279333
06/03/2024,19:00:00,0.081572,0.1953,0,0.276872
06/03/2024,20:00:00,0.079337,0.195137,0,0.274474
06/03/2024,21:00:00,0.077164,0.194974,0,0.272138
06/03/2024,22:00:00,0.07505,0.194812,0,0.269862
06/03/2024,23:00:00,0.072994,0.19465,0,0.267644
07/03/2024,00:00:00,0.070994,0.194488,0,0.265482
07/03/2024,01:00:00,0.069049,0.194326,0,0.263375
07/03/2024,02:00:00,0.067158,0.194164,0,0.261322
07/03/2024,03:00:00,0.065318,0.194002,0,0.25932
07/03/2024,04:00:00,0.063528,0.19384,0,0.257368
07/03/2024,05:00:00,0.061788,0.193679,0,0.255467
07/03/2024,06:00:00,0.060095,0.193518,0,0.253613
07/03/2024,07:00:00,0.058449,0.193356,0,0.251805
07/03/2024,08:00:00,0.056848,0.193195,0,0.250043
07/03/2024,09:00:00,0.05529,0.193034,0,0.248324
07/03/2024,10:00:00,0.053776,0.192874,0,0.24665
07/03/2024,11:00:00,0.052302,0.192713,0,0.245015
07/03/2024,12:00:00,0.05087,0.192552,0,0.243422
07/03/2024,13:00:00,0.049476,0.192392,0,0.241868
07/03/2024,14:00:00,0.04812,0.192232,0,0.240352
07/03/2024,15:00:00,0.046802,0.192072,0,0.238874
07/03/2024,16:00:00,0.04552,0.191912,0,0.237432
07/03/2024,17:00:00,0.044273,0.191752,0,0.236025
07/03/2024,18:00:00,0.04306,0.191592,0,0.234652
07/03/2024,19:00:00,0.04188,0.191433,0,0.233313
07/03/2024,20:00:00,0.040733,0.191273,0,0.232006
07/03/2024,21:00:00,0.039617,0.191114,0,0.230731
07/03/2024,22:00:00,0.038532,0.190955,0,0.229487
07/03/2024,23:00:00,0.037476,0.190795,0,0.228271
08/03/2024,00:00:00,0.03645,0.190637,0,0.227087
08/03/2024,01:00:00,0.035451,0.190478,0,0.225929
08/03/2024,02:00:00,0.03448,0.190319,0,0.224799
08/03/2024,03:00:00,0.033535,0.190161,0,0.223696
08/03/2024,04:00:00,0.032617,0.190002,0,0.222619
08/03/2024,05:00:00,0.031723,0.189844,0,0.221567
08/03/2024,06:00:00,0.030854,0.189686,0,0.22054
08/03/2024,07:00:00,0.030009,0.189528,0,0.219537
08/03/2024,08:00:00,0.029187,0.18937,0,0.218557
08/03/2024,09:00:00,0.028387,0.189212,0,0.217599
08/03/2024,10:00:00,0.027609,0.189055,0,0.216664
08/03/2024,11:00:00,0.026853,0.188897,0,0.21575
08/03/2024,12:00:00,0.026117,0.18874,0,0.214857
08/03/2024,13:00:00,0.025402,0.188582,0,0.213984
08/03/2024,14:00:00,0.024706,0.188425,0,0.213131
08/03/2024,15:00:00,0.024029,0.188268,0,0.212297
08/03/2024,16:00:00,0.023371,0.188112,0,0.211483
08/03/2024,17:00:00,0.022731,0.187955,0,0.210686
08/03/2024,18:00:00,0.022108,0.187798,0,0.209906
08/03/2024,19:00:00,0.021502,0.187642,0,0.209144
08/03/2024,20:00:00,0.020913,0.187486,0,0.208399
08/03/2024,21:00:00,0.02034,0.187329,0,0.207669
08/03/2024,22:00:00,0.019783,0.187173,0,0.206956
08/03/2024,23:00:00,0.019241,0.187017,0,0.206258
09/03/2024,00:00:00,0.018714,0.186862,0,0.205576
09/03/2024,01:00:00,0.018201,0.186706,0,0.204907
09/03/2024,02:00:00,0.017703,0.186551,0,0.204254
09/03/2024,03:00:00,0.017218,0.186395,0,0.203613
09/03/2024,04:00:00,0.016746,0.18624,0,0.202986
09/03/2024,05:00:00,0.016287,0.186085,0,0.202372
09/03/2024,06:00:00,0.015841,0.18593,0,0.201771
09/03/2024,07:00:00,0.015407,0.185775,0,0.201182
09/03/2024,08:00:00,0.014985,0.18562,0,0.200605
09/03/2024,09:00:00,0.014574,0.185465,0,0.200039
09/03/2024,10:00:00,0.014175,0.185311,0,0.199486
09/03/2024,11:00:00,0.013787,0.185157,0,0.198944
09/03/2024,12:00:00,0.013409,0.185002,0,0.198411
09/03/2024,13:00:00,0.013042,0.184848,0,0.19789
09/03/2024,14:00:00,0.012684,0.184694,0,0.197378
09/03/2024,15:00:00,0.012337,0.18454,0,0.196877
09/03/2024,16:00:00,0.011999,0.184387,0,0.196386
09/03/2024,17:00:00,0.01167,0.184233,0,0.195903
09/03/2024,18:00:00,0.011351,0.18408,0,0.195431
09/03/2024,19:00:00,0.01104,0.183926,0,0.194966
09/03/2024,20:00:00,0.010737,0.183773,0,0.19451
09/03/2024,21:00:00,0.010443,0.18362,0,0.194063
09/03/2024,22:00:00,0.010157,0.183467,0,0.193624
09/03/2024,23:00:00,0.009879,0.183314,0,0.193193
10/03/2024,00:00:00,0.009608,0.183162,0,0.19277
10/03/2024,01:00:00,0.009345,0.183009,0,0.192354
10/03/2024,02:00:00,0.009089,0.182857,0,0.191946
10/03/2024,03:00:00,0.00884,0.182704,0,0.191544
10/03/2024,04:00:00,0.008598,0.182552,0,0.19115
10/03/2024,05:00:00,0.008362,0.1824,0,0.190762
10/03/2024,06:00:00,0.008133,0.182248,0,0.190381
10/03/2024,07:00:00,0.00791,0.182096,0,0.190006
10/03/2024,08:00:00,0.007693,0.181945,0,0.189638
10/03/2024,09:00:00,0.007483,0.181793,0,0.189276
10/03/2024,10:00:00,0.007278,0.181642,0,0.18892
10/03/2024,11:00:00,0.007078,0.18149,0,0.188568
10/03/2024,12:00:00,0.006884,0.181339,0,0.188223
10/03/2024,13:00:00,0.006696,0.181188,0,0.187884
10/03/2024,14:00:00,0.006512,0.181037,0,0.187549
10/03/2024,15:00:00,0.006334,0.180886,0,0.18722
10/03/2024,16:00:00,0.00616,0.180736,0,0.186896
10/03/2024,17:00:00,0.005992,0.180585,0,0.186577
10/03/2024,18:00:00,0.005828,0.180435,0,0.186263
10/03/2024,19:00:00,0.005668,0.180284,0,0.185952
10/03/2024,20:00:00,0.005513,0.180134,0,0.185647
10/03/2024,21:00:00,0.005362,0.179984,0,0.185346
10/03/2024,22:00:00,0.005215,0.179834,0,0.185049
10/03/2024,23:00:00,0.005072,0.179684,0,0.184756
11/03/2024,00:00:00,0.004933,0.179535,0,0.184468
11/03/2024,01:00:00,0.004798,0.179385,0,0.184183
11/03/2024,02:00:00,0.004666,0.179236,0.15229,0.183902
11/03/2024,03:00:00,0.004539,0.179086,0.378847,0.183625
11/03/2024,04:00:00,0.004414,0.178937,0.770628,0.183351
11/03/2024,05:00:00,0.004293,0.178788,0.742435,0.183081
11/03/2024,06:00:00,0.004176,0.178639,1.634479,0.182815
11/03/2024,07:00:00,0.004061,0.178491,1.584828,0.182552
11/03/2024,08:00:00,0.00395,0.178342,1.42777,0.182292
11/03/2024,09:00:00,0.003842,0.178193,1.305759,0.182035
11/03/2024,10:00:00,0.003737,0.178045,1.537919,0.181782
11/03/2024,11:00:00,0.003634,0.177897,1.483381,0.181531
11/03/2024,12:00:00,0.003535,0.177748,0.623584,0.181283
11/03/2024,13:00:00,0.003438,0.1776,0.58955,0.181038
11/03/2024,14:00:00,0.003344,0.177452,0.780284,0.180796
11/03/2024,15:00:00,0.003252,0.177305,1.294315,0.180557
11/03/2024,16:00:00,0.003163,0.177157,0.425577,0.18032
11/03/2024,17:00:00,0.003076,0.177009,1.636028,0.180085
11/03/2024,18:00:00,0.035062,0.177106,0.36782,0.212168
11/03/2024,19:00:00,0.114576,0.17757,0.014544,0.292146
11/03/2024,20:00:00,0.275836,0.178672,0,0.454508
11/03/2024,21:00:00,0.426816,0.179728,0.161767,0.606544
11/03/2024,22:00:00,0.765875,0.182244,0.969291,0.948119
11/03/2024,23:00:00,1.086097,0.184686,0.82922,1.270783
12/03/2024,00:00:00,1.364569,0.186875,0.211,1.551444
12/03/2024,01:00:00,1.609763,0.188868,0.008702,1.798631
12/03/2024,02:00:00,1.899613,0.191249,0.409186,2.090862
12/03/2024,03:00:00,2.170627,0.193545,0.429988,2.364172
12/03/2024,04:00:00,2.246441,0.194412,0.020862,2.440853
12/03/2024,05:00:00,2.31279,0.195222,0,2.508012
12/03/2024,06:00:00,2.419355,0.196352,0,2.615707
12/03/2024,07:00:00,2.636519,0.198343,0,2.834862
12/03/2024,08:00:00,2.656443,0.198878,0,2.855321
12/03/2024,09:00:00,2.943686,0.201449,0,3.145135
12/03/2024,10:00:00,2.942627,0.201886,0,3.144513
12/03/2024,11:00:00,2.8632,0.201727,0,3.064927
12/03/2024,12:00:00,2.784761,0.201559,0,2.98632
12/03/2024,13:00:00,2.742132,0.201647,0,2.943779
12/03/2024,14:00:00,2.879938,0.203097,0.057042,3.083035
12/03/2024,15:00:00,2.983118,0.204312,0.364542,3.18743
12/03/2024,16:00:00,2.945901,0.20448,0.855744,3.150381
12/03/2024,17:00:00,2.865196,0.20431,1.22261,3.069506
12/03/2024,18:00:00,2.875262,0.204813,0.621438,3.080075
12/03/2024,19:00:00,2.889704,0.205351,0.742257,3.095055
12/03/2024,20:00:00,2.812405,0.205194,0.683427,3.017599
12/03/2024,21:00:00,2.735358,0.205023,0.765622,2.940381
12/03/2024,22:00:00,2.660421,0.204852,0.218093,2.865273
12/03/2024,23:00:00,2.587538,0.204682,0.21857,2.79222
13/03/2024,00:00:00,2.516651,0.204511,0.381768,2.721162
13/03/2024,01:00:00,2.447706,0.204341,0.12356,2.652047
13/03/2024,02:00:00,2.38065,0.204171,0.157535,2.584821
13/03/2024,03:00:00,2.315431,0.204001,0.007749,2.519432
13/03/2024,04:00:00,2.251998,0.203831,0,2.455829
13/03/2024,05:00:00,2.190304,0.203661,0,2.393965
13/03/2024,06:00:00,2.139535,0.203561,0,2.343096
13/03/2024,07:00:00,2.158697,0.203983,0,2.36268
13/03/2024,08:00:00,2.287148,0.205239,0,2.492387
13/03/2024,09:00:00,2.494573,0.207121,0,2.701694
13/03/2024,10:00:00,2.561885,0.20798,0,2.769865
13/03/2024,11:00:00,2.654619,0.209045,0,2.863664
13/03/2024,12:00:00,2.731736,0.21001,0,2.941746
13/03/2024,13:00:00,2.825439,0.211116,0,3.036555
13/03/2024,14:00:00,2.793119,0.211283,0,3.004402
13/03/2024,15:00:00,2.761734,0.21145,0,2.973184
13/03/2024,16:00:00,2.767777,0.211895,0,2.979672
13/03/2024,17:00:00,2.714771,0.211892,0,2.926663
13/03/2024,18:00:00,2.670344,0.211943,0,2.882287
13/03/2024,19:00:00,2.597188,0.211767,0,2.808955
13/03/2024,20:00:00,2.526037,0.21159,0,2.737627
13/03/2024,21:00:00,2.456835,0.211414,0,2.668249
13/03/2024,22:00:00,2.389529,0.211238,0,2.600767
13/03/2024,23:00:00,2.324066,0.211062,0,2.535128
14/03/2024,00:00:00,2.260397,0.210886,0,2.471283
14/03/2024,01:00:00,2.198473,0.21071,0,2.409183
14/03/2024,02:00:00,2.138244,0.210535,0,2.348779
14/03/2024,03:00:00,2.079666,0.210359,0,2.290025
14/03/2024,04:00:00,2.022692,0.210184,0,2.232876
14/03/2024,05:00:00,1.96728,0.210009,0,2.177289
14/03/2024,06:00:00,1.913385,0.209834,0,2.123219
14/03/2024,07:00:00,1.860967,0.209659,0,2.070626
14/03/2024,08:00:00,1.809985,0.209485,0,2.01947
14/03/2024,09:00:00,1.760399,0.20931,0,1.969709
14/03/2024,10:00:00,1.712172,0.209136,0,1.921308
14/03/2024,11:00:00,1.665266,0.208962,0,1.874228
14/03/2024,12:00:00,1.619646,0.208788,0,1.828434
14/03/2024,13:00:00,1.575274,0.208614,0,1.783888
14/03/2024,14:00:00,1.532119,0.20844,0,1.740559
14/03/2024,15:00:00,1.490146,0.208266,0,1.698412
14/03/2024,16:00:00,1.449323,0.208093,0,1.657416
14/03/2024,17:00:00,1.409618,0.20792,0,1.617538
14/03/2024,18:00:00,1.371,0.207746,0,1.578746
14/03/2024,19:00:00,1.333441,0.207573,0,1.541014
14/03/2024,20:00:00,1.296911,0.2074,0,1.504311
14/03/2024,21:00:00,1.261381,0.207228,0,1.468609
14/03/2024,22:00:00,1.226825,0.207055,0,1.43388
14/03/2024,23:00:00,1.193215,0.206883,0,1.400098
15/03/2024,00:00:00,1.160527,0.20671,0,1.367237
15/03/2024,01:00:00,1.128734,0.206538,0,1.335272
15/03/2024,02:00:00,1.097811,0.206366,0,1.304177
15/03/2024,03:00:00,1.067736,0.206194,0,1.27393
15/03/2024,04:00:00,1.038485,0.206022,0,1.244507
15/03/2024,05:00:00,1.010035,0.205851,0,1.215886
15/03/2024,06:00:00,0.982365,0.205679,0,1.188044
15/03/2024,07:00:00,0.955452,0.205508,0,1.16096
15/03/2024,08:00:00,0.929277,0.205337,0.18084,1.134614
15/03/2024,09:00:00,0.903819,0.205166,0.009179,1.108985
15/03/2024,10:00:00,0.879059,0.204995,0.371099,1.084054
15/03/2024,11:00:00,0.854976,0.204824,0.190198,1.0598
15/03/2024,12:00:00,0.831554,0.204653,0.008702,1.036207
15/03/2024,13:00:00,0.808773,0.204483,0,1.013256
15/03/2024,14:00:00,0.786616,0.204313,0.865936,0.990929
15/03/2024,15:00:00,0.765066,0.204142,0.196338,0.969208
15/03/2024,16:00:00,0.744107,0.203972,0.007749,0.948079
15/03/2024,17:00:00,0.723722,0.203802,0,0.927524
15/03/2024,18:00:00,0.703895,0.203633,0,0.907528
15/03/2024,19:00:00,0.684611,0.203463,0,0.888074
15/03/2024,20:00:00,0.665856,0.203294,0,0.86915
15/03/2024,21:00:00,0.647615,0.203124,0,0.850739
15/03/2024,22:00:00,0.629873,0.202955,0,0.832828
15/03/2024,23:00:00,0.612617,0.202786,0,0.815403
16/03/2024,00:00:00,0.63063,0.202882,0.133216,0.833512
16/03/2024,01:00:00,0.613354,0.202713,0.66334,0.816067
16/03/2024,02:00:00,0.673952,0.203132,0.185668,0.877084
16/03/2024,03:00:00,0.692308,0.203243,0.131428,0.895551
16/03/2024,04:00:00,0.673342,0.203073,0.187099,0.876415
16/03/2024,05:00:00,0.654896,0.202904,0.009239,0.8578
16/03/2024,06:00:00,0.825412,0.204168,0,1.02958
16/03/2024,07:00:00,0.840923,0.204288,0,1.045211
16/03/2024,08:00:00,0.817886,0.204117,0,1.022003
16/03/2024,09:00:00,0.795479,0.203947,0,0.999426
16/03/2024,10:00:00,0.773687,0.203778,0,0.977465
16/03/2024,11:00:00,0.752491,0.203608,0,0.956099
16/03/2024,12:00:00,0.731876,0.203438,0,0.935314
16/03/2024,13:00:00,0.711826,0.203269,0,0.915095
16/03/2024,14:00:00,0.692325,0.203099,0,0.895424
16/03/2024,15:00:00,0.673359,0.20293,0,0.876289
16/03/2024,16:00:00,0.678472,0.20294,0,0.881412
16/03/2024,17:00:00,0.802572,0.203856,0,1.006428
16/03/2024,18:00:00,0.81581,0.203954,0,1.019764
16/03/2024,19:00:00,0.816404,0.203958,0,1.020362
16/03/2024,20:00:00,0.829427,0.204057,0,1.033484
16/03/2024,21:00:00,0.806704,0.203887,0,1.010591
16/03/2024,22:00:00,0.784604,0.203718,0,0.988322
16/03/2024,23:00:00,0.76311,0.203548,0,0.966658
17/03/2024,00:00:00,0.742204,0.203378,0,0.945582
17/03/2024,01:00:00,0.721871,0.203209,0,0.92508
17/03/2024,02:00:00,0.702095,0.20304,0,0.905135
17/03/2024,03:00:00,0.682861,0.202871,0,0.885732
17/03/2024,04:00:00,0.664153,0.202702,0,0.866855
17/03/2024,05:00:00,0.645958,0.202533,0,0.848491
17/03/2024,06:00:00,0.628262,0.202364,0,0.830626
17/03/2024,07:00:00,0.61105,0.202195,0,0.813245
17/03/2024,08:00:00,0.59431,0.202027,0,0.796337
17/03/2024,09:00:00,0.578029,0.201859,0,0.779888
17/03/2024,10:00:00,0.562194,0.201691,0,0.763885
17/03/2024,11:00:00,0.546792,0.201523,0,0.748315
17/03/2024,12:00:00,0.531812,0.201355,0,0.733167
17/03/2024,13:00:00,0.517243,0.201187,0,0.71843
17/03/2024,14:00:00,0.503073,0.201019,0,0.704092
17/03/2024,15:00:00,0.489291,0.200852,0,0.690143
17/03/2024,16:00:00,0.475887,0.200685,0,0.676572
17/03/2024,17:00:00,0.462849,0.200517,0,0.663366
17/03/2024,18:00:00,0.450169,0.20035,0,0.650519
17/03/2024,19:00:00,0.437837,0.200184,0.104666,0.638021
17/03/2024,20:00:00,0.425842,0.200017,0.205159,0.625859
17/03/2024,21:00:00,0.414176,0.19985,0.086308,0.614026
17/03/2024,22:00:00,0.402829,0.199684,0.003874,0.602513
17/03/2024,23:00:00,0.391794,0.199517,0,0.591311
18/03/2024,00:00:00,0.38106,0.199351,0,0.580411
18/03/2024,01:00:00,0.370621,0.199185,0,0.569806
18/03/2024,02:00:00,0.360468,0.199019,0,0.559487
18/03/2024,03:00:00,0.350592,0.198853,0,0.549445
18/03/2024,04:00:00,0.340988,0.198688,0,0.539676
18/03/2024,05:00:00,0.331646,0.198522,0,0.530168
18/03/2024,06:00:00,0.32256,0.198357,0,0.520917
18/03/2024,07:00:00,0.313724,0.198192,0,0.511916
18/03/2024,08:00:00,0.305129,0.198027,0,0.503156
18/03/2024,09:00:00,0.29677,0.197862,0,0.494632
18/03/2024,10:00:00,0.28864,0.197697,0,0.486337
18/03/2024,11:00:00,0.292656,0.197623,0,0.490279
18/03/2024,12:00:00,0.318919,0.197719,0,0.516638
18/03/2024,13:00:00,0.317672,0.197611,0,0.515283
18/03/2024,14:00:00,0.308969,0.197446,0,0.506415
18/03/2024,15:00:00,0.300505,0.197282,0,0.497787
18/03/2024,16:00:00,0.292272,0.197118,0,0.48939
18/03/2024,17:00:00,0.284265,0.196953,0,0.481218
18/03/2024,18:00:00,0.276478,0.196789,0,0.473267
18/03/2024,19:00:00,0.268903,0.196625,0,0.465528
18/03/2024,20:00:00,0.261537,0.196462,0,0.457999
18/03/2024,21:00:00,0.254372,0.196298,0,0.45067
18/03/2024,22:00:00,0.247403,0.196134,0,0.443537
18/03/2024,23:00:00,0.240625,0.195971,0,0.436596
19/03/2024,00:00:00,0.234033,0.195808,0,0.429841
19/03/2024,01:00:00,0.227622,0.195645,0,0.423267
19/03/2024,02:00:00,0.221386,0.195482,0,0.416868
19/03/2024,03:00:00,0.215321,0.195319,0,0.41064
19/03/2024,04:00:00,0.209422,0.195156,0,0.404578
19/03/2024,05:00:00,0.203685,0.194994,0,0.398679
19/03/2024,06:00:00,0.198105,0.194831,0,0.392936
19/03/2024,07:00:00,0.192678,0.194669,0,0.387347
19/03/2024,08:00:00,0.187399,0.194507,0,0.381906
19/03/2024,09:00:00,0.182265,0.194345,0,0.37661
19/03/2024,10:00:00,0.177272,0.194183,0,0.371455
19/03/2024,11:00:00,0.172416,0.194021,0,0.366437
19/03/2024,12:00:00,0.167692,0.19386,0,0.361552
19/03/2024,13:00:00,0.163098,0.193698,0,0.356796
19/03/2024,14:00:00,0.15863,0.193537,0,0.352167
19/03/2024,15:00:00,0.154284,0.193375,0,0.347659
19/03/2024,16:00:00,0.150057,0.193214,0,0.343271
19/03/2024,17:00:00,0.145947,0.193053,0,0.339
19/03/2024,18:00:00,0.141948,0.192893,0,0.334841
19/03/2024,19:00:00,0.13806,0.192732,0,0.330792
19/03/2024,20:00:00,0.134277,0.192571,0,0.326848
19/03/2024,21:00:00,0.130599,0.192411,0,0.32301
19/03/2024,22:00:00,0.127021,0.192251,0,0.319272
19/03/2024,23:00:00,0.123541,0.192091,0,0.315632
20/03/2024,00:00:00,0.120157,0.191931,0,0.312088
20/03/2024,01:00:00,0.116865,0.191771,0,0.308636
20/03/2024,02:00:00,0.113663,0.191611,0,0.305274
20/03/2024,03:00:00,0.110549,0.191451,0,0.302
20/03/2024,04:00:00,0.107521,0.191292,0,0.298813
20/03/2024,05:00:00,0.104575,0.191133,0,0.295708
20/03/2024,06:00:00,0.10171,0.190973,0,0.292683
20/03/2024,07:00:00,0.098924,0.190814,0,0.289738
20/03/2024,08:00:00,0.096214,0.190655,0,0.286869
20/03/2024,09:00:00,0.093578,0.190497,0,0.284075
20/03/2024,10:00:00,0.091014,0.190338,0,0.281352
20/03/2024,11:00:00,0.088521,0.190179,0,0.2787
20/03/2024,12:00:00,0.086096,0.190021,0,0.276117
20/03/2024,13:00:00,0.083737,0.189863,0,0.2736
20/03/2024,14:00:00,0.081443,0.189704,0,0.271147
20/03/2024,15:00:00,0.079212,0.189546,0,0.268758
20/03/2024,16:00:00,0.077042,0.189389,0,0.266431
20/03/2024,17:00:00,0.074931,0.189231,0,0.264162
20/03/2024,18:00:00,0.072879,0.189073,0,0.261952
20/03/2024,19:00:00,0.070882,0.188916,0,0.259798
20/03/2024,20:00:00,0.06894,0.188758,0,0.257698
20/03/2024,21:00:00,0.067052,0.188601,0,0.255653
20/03/2024,22:00:00,0.065215,0.188444,0,0.253659
20/03/2024,23:00:00,0.063428,0.188287,0,0.251715
21/03/2024,00:00:00,0.06169,0.18813,0,0.24982
21/03/2024,01:00:00,0.06,0.187973,0,0.247973
21/03/2024,02:00:00,0.058357,0.187817,0,0.246174
21/03/2024,03:00:00,0.056758,0.18766,0,0.244418
21/03/2024,04:00:00,0.055203,0.187504,0,0.242707
21/03/2024,05:00:00,0.053691,0.187348,0,0.241039
21/03/2024,06:00:00,0.05222,0.187192,0,0.239412
21/03/2024,07:00:00,0.050789,0.187036,0,0.237825
21/03/2024,08:00:00,0.049398,0.18688,0,0.236278
21/03/2024,09:00:00,0.048045,0.186724,0,0.234769
21/03/2024,10:00:00,0.046728,0.186569,0,0.233297
21/03/2024,11:00:00,0.045448,0.186413,0,0.231861
21/03/2024,12:00:00,0.044203,0.186258,0,0.230461
21/03/2024,13:00:00,0.042992,0.186103,0,0.229095
21/03/2024,14:00:00,0.041814,0.185948,0,0.227762
21/03/2024,15:00:00,0.040669,0.185793,0,0.226462
21/03/2024,16:00:00,0.039555,0.185638,0,0.225193
21/03/2024,17:00:00,0.038471,0.185484,0,0.223955
21/03/2024,18:00:00,0.037417,0.185329,0,0.222746
21/03/2024,19:00:00,0.036392,0.185175,0,0.221567
21/03/2024,20:00:00,0.035395,0.185021,0,0.220416
21/03/2024,21:00:00,0.034425,0.184866,0,0.219291
21/03/2024,22:00:00,0.033482,0.184712,0,0.218194
21/03/2024,23:00:00,0.032565,0.184559,0,0.217124
22/03/2024,00:00:00,0.031673,0.184405,0,0.216078
22/03/2024,01:00:00,0.030805,0.184251,0,0.215056
22/03/2024,02:00:00,0.029961,0.184098,0,0.214059
22/03/2024,03:00:00,0.029141,0.183944,0,0.213085
22/03/2024,04:00:00,0.028342,0.183791,0,0.212133
22/03/2024,05:00:00,0.027566,0.183638,0,0.211204
22/03/2024,06:00:00,0.026811,0.183485,0,0.210296
22/03/2024,07:00:00,0.026076,0.183332,0,0.209408
22/03/2024,08:00:00,0.025362,0.18318,0,0.208542
22/03/2024,09:00:00,0.024667,0.183027,0,0.207694
22/03/2024,10:00:00,0.023991,0.182875,0,0.206866
22/03/2024,11:00:00,0.023334,0.182722,0,0.206056
22/03/2024,12:00:00,0.022695,0.18257,0.095129,0.205265
22/03/2024,13:00:00,0.022073,0.182418,0.880301,0.204491
22/03/2024,14:00:00,0.021468,0.182266,0.777245,0.203734
22/03/2024,15:00:00,0.02088,0.182114,1.065016,0.202994
22/03/2024,16:00:00,0.020308,0.181962,1.108527,0.20227
22/03/2024,17:00:00,0.019752,0.181811,2.042532,0.201563
22/03/2024,18:00:00,0.019211,0.181659,0.719726,0.20087
22/03/2024,19:00:00,0.018684,0.181508,1.5921,0.200192
22/03/2024,20:00:00,0.018172,0.181357,1.088083,0.199529
22/03/2024,21:00:00,0.017675,0.181206,1.107574,0.198881
22/03/2024,22:00:00,0.01719,0.181055,0.776947,0.198245
22/03/2024,23:00:00,0.016719,0.180904,0.036776,0.197623
23/03/2024,00:00:00,0.016261,0.180753,0.028551,0.197014
23/03/2024,01:00:00,0.015816,0.180603,0.00149,0.196419
23/03/2024,02:00:00,0.015383,0.180452,0,0.195835
23/03/2024,03:00:00,0.014961,0.180302,0,0.195263
23/03/2024,04:00:00,0.030065,0.18027,0,0.210335
23/03/2024,05:00:00,0.216952,0.181547,0,0.398499
23/03/2024,06:00:00,0.376222,0.182651,0,0.558873
23/03/2024,07:00:00,0.594678,0.184238,0,0.778916
23/03/2024,08:00:00,0.817129,0.185899,0,1.003028
23/03/2024,09:00:00,1.241099,0.189137,0.047565,1.430236
23/03/2024,10:00:00,1.360594,0.190147,0.13566,1.550741
23/03/2024,11:00:00,1.671378,0.192634,0.054359,1.864012
23/03/2024,12:00:00,1.861857,0.19427,0.078499,2.056127
23/03/2024,13:00:00,2.051857,0.19594,0.003874,2.247797
23/03/2024,14:00:00,2.162756,0.197047,0,2.359803
23/03/2024,15:00:00,2.104345,0.196889,0,2.301234
23/03/2024,16:00:00,2.046695,0.196725,0,2.24342
23/03/2024,17:00:00,1.990625,0.196561,0,2.187186
23/03/2024,18:00:00,1.936091,0.196397,0,2.132488
23/03/2024,19:00:00,1.883051,0.196234,0,2.079285
23/03/2024,20:00:00,1.831464,0.19607,0,2.027534
23/03/2024,21:00:00,1.78129,0.195907,0,1.977197
23/03/2024,22:00:00,1.73249,0.195744,0,1.928234
23/03/2024,23:00:00,1.685028,0.195581,0,1.880609
24/03/2024,00:00:00,1.638866,0.195418,0.142753,1.834284
24/03/2024,01:00:00,1.597211,0.19528,0.054836,1.792491
24/03/2024,02:00:00,1.576468,0.195292,1.02061,1.77176
24/03/2024,03:00:00,1.538061,0.195166,0.051796,1.733227
24/03/2024,04:00:00,1.506144,0.195081,1.417875,1.701225
24/03/2024,05:00:00,1.464882,0.194918,0.148296,1.6598
24/03/2024,06:00:00,1.424751,0.194756,0.041902,1.619507
24/03/2024,07:00:00,1.385719,0.194594,0.001967,1.580313
24/03/2024,08:00:00,1.347756,0.194432,0,1.542188
24/03/2024,09:00:00,1.310834,0.19427,0,1.505104
24/03/2024,10:00:00,1.274923,0.194108,0,1.469031
24/03/2024,11:00:00,1.239996,0.193946,0,1.433942
24/03/2024,12:00:00,1.206025,0.193785,0,1.39981
24/03/2024,13:00:00,1.172986,0.193623,0,1.366609
24/03/2024,14:00:00,1.140851,0.193462,0.237882,1.334313
24/03/2024,15:00:00,1.109597,0.193301,0.516415,1.302898
24/03/2024,16:00:00,1.103594,0.193325,0.02569,1.296919
24/03/2024,17:00:00,1.077487,0.193195,0,1.270682
24/03/2024,18:00:00,1.268327,0.19471,0,1.463037
24/03/2024,19:00:00,1.235904,0.194565,0,1.430469
24/03/2024,20:00:00,1.511243,0.196753,0,1.707996
24/03/2024,21:00:00,1.492781,0.196764,0,1.689545
24/03/2024,22:00:00,1.451886,0.1966,0,1.648486
24/03/2024,23:00:00,1.412111,0.196436,0,1.608547
25/03/2024,00:00:00,1.373425,0.196273,0,1.569698
25/03/2024,01:00:00,1.335799,0.196109,0,1.531908
25/03/2024,02:00:00,1.299204,0.195946,0,1.49515
25/03/2024,03:00:00,1.263612,0.195782,0,1.459394
25/03/2024,04:00:00,1.228995,0.195619,0,1.424614
25/03/2024,05:00:00,1.195326,0.195456,0,1.390782
25/03/2024,06:00:00,1.200567,0.195582,0,1.396149
25/03/2024,07:00:00,1.267879,0.196181,0,1.46406
25/03/2024,08:00:00,1.233145,0.196018,0,1.429163
25/03/2024,09:00:00,1.199362,0.195854,0,1.395216
25/03/2024,10:00:00,1.166505,0.195691,0,1.362196
25/03/2024,11:00:00,1.134548,0.195528,0,1.330076
25/03/2024,12:00:00,1.103466,0.195365,0,1.298831
25/03/2024,13:00:00,1.073236,0.195203,0,1.268439
25/03/2024,14:00:00,1.043834,0.19504,0,1.238874
25/03/2024,15:00:00,1.015238,0.194878,0,1.210116
25/03/2024,16:00:00,0.987425,0.194715,0,1.18214
25/03/2024,17:00:00,0.960374,0.194553,0,1.154927
25/03/2024,18:00:00,0.934064,0.194391,0,1.128455
25/03/2024,19:00:00,0.908475,0.194229,0,1.102704
25/03/2024,20:00:00,0.883587,0.194067,0,1.077654
25/03/2024,21:00:00,0.85938,0.193906,0,1.053286
25/03/2024,22:00:00,0.835837,0.193744,0,1.029581
25/03/2024,23:00:00,0.812939,0.193583,0,1.006522
26/03/2024,00:00:00,0.790668,0.193422,0,0.98409
26/03/2024,01:00:00,0.769007,0.19326,0,0.962267
26/03/2024,02:00:00,0.74794,0.193099,0,0.941039
26/03/2024,03:00:00,0.72745,0.192939,0,0.920389
26/03/2024,04:00:00,0.707521,0.192778,0,0.900299
26/03/2024,05:00:00,0.688138,0.192617,0,0.880755
26/03/2024,06:00:00,0.669286,0.192457,0,0.861743
26/03/2024,07:00:00,0.650951,0.192297,0,0.843248
26/03/2024,08:00:00,0.633118,0.192136,0,0.825254
26/03/2024,09:00:00,0.615773,0.191976,0,0.807749
26/03/2024,10:00:00,0.598904,0.191816,0,0.79072
26/03/2024,11:00:00,0.582496,0.191657,0,0.774153
26/03/2024,12:00:00,0.566539,0.191497,0,0.758036
26/03/2024,13:00:00,0.551018,0.191337,0,0.742355
26/03/2024,14:00:00,0.535922,0.191178,0,0.7271
26/03/2024,15:00:00,0.521241,0.191019,0,0.71226
26/03/2024,16:00:00,0.506961,0.19086,0,0.697821
26/03/2024,17:00:00,0.493072,0.190701,0,0.683773
26/03/2024,18:00:00,0.479565,0.190542,0,0.670107
26/03/2024,19:00:00,0.466427,0.190383,0.095129,0.65681
26/03/2024,20:00:00,0.453649,0.190225,0.071466,0.643874
26/03/2024,21:00:00,0.441221,0.190066,0.003397,0.631287
26/03/2024,22:00:00,0.429133,0.189908,0,0.619041
26/03/2024,23:00:00,0.417377,0.18975,0,0.607127
27/03/2024,00:00:00,0.405943,0.189592,0,0.595535
27/03/2024,01:00:00,0.394822,0.189434,0,0.584256
27/03/2024,02:00:00,0.384005,0.189276,0,0.573281
27/03/2024,03:00:00,0.373485,0.189118,0,0.562603
27/03/2024,04:00:00,0.363253,0.188961,0.038087,0.552214
27/03/2024,05:00:00,0.353302,0.188803,0.001907,0.542105
27/03/2024,06:00:00,0.343623,0.188646,0,0.532269
27/03/2024,07:00:00,0.334209,0.188489,0,0.522698
27/03/2024,08:00:00,0.325053,0.188332,0,0.513385
27/03/2024,09:00:00,0.316148,0.188175,0,0.504323
27/03/2024,10:00:00,0.307487,0.188018,0,0.495505
27/03/2024,11:00:00,0.307807,0.187928,0,0.495735
27/03/2024,12:00:00,0.302801,0.187798,0,0.490599
27/03/2024,13:00:00,0.294506,0.187641,0,0.482147
27/03/2024,14:00:00,0.286438,0.187485,0,0.473923
27/03/2024,15:00:00,0.278591,0.187329,0,0.46592
27/03/2024,16:00:00,0.270959,0.187173,0,0.458132
27/03/2024,17:00:00,0.263535,0.187017,0,0.450552
27/03/2024,18:00:00,0.256316,0.186861,0,0.443177
27/03/2024,19:00:00,0.249294,0.186705,0,0.435999
27/03/2024,20:00:00,0.242464,0.18655,0,0.429014
27/03/2024,21:00:00,0.235822,0.186394,0,0.422216
27/03/2024,22:00:00,0.229361,0.186239,0,0.4156
27/03/2024,23:00:00,0.223078,0.186084,0,0.409162
28/03/2024,00:00:00,0.216967,0.185929,0,0.402896
28/03/2024,01:00:00,0.211023,0.185774,0,0.396797
28/03/2024,02:00:00,0.205242,0.185619,0,0.390861
28/03/2024,03:00:00,0.199619,0.185465,0,0.385084
28/03/2024,04:00:00,0.19415,0.18531,0,0.37946
28/03/2024,05:00:00,0.188831,0.185156,0,0.373987
28/03/2024,06:00:00,0.183658,0.185002,1.246572,0.36866
28/03/2024,07:00:00,0.178627,0.184847,1.271904,0.363474
28/03/2024,08:00:00,0.173733,0.184694,0.508785,0.358427
28/03/2024,09:00:00,0.168974,0.18454,0.2321,0.353514
28/03/2024,10:00:00,0.164345,0.184386,0.010669,0.348731
28/03/2024,11:00:00,0.159842,0.184232,0,0.344074
28/03/2024,12:00:00,0.155463,0.184079,0,0.339542
28/03/2024,13:00:00,0.151204,0.183926,0,0.33513
28/03/2024,14:00:00,0.147062,0.183772,0,0.330834
28/03/2024,15:00:00,0.143033,0.183619,0,0.326652
28/03/2024,16:00:00,0.139115,0.183466,0,0.322581
28/03/2024,17:00:00,0.135304,0.183313,0,0.318617
28/03/2024,18:00:00,0.131597,0.183161,0,0.314758
28/03/2024,19:00:00,0.127992,0.183008,0,0.311
28/03/2024,20:00:00,0.124485,0.182856,0,0.307341
28/03/2024,21:00:00,0.121075,0.182703,0,0.303778
28/03/2024,22:00:00,0.378138,0.184531,0,0.562669
28/03/2024,23:00:00,0.634435,0.186404,0,0.820839
29/03/2024,00:00:00,0.714494,0.186989,0,0.901483
29/03/2024,01:00:00,0.730854,0.187107,0,0.917961
29/03/2024,02:00:00,0.710831,0.186951,0,0.897782
29/03/2024,03:00:00,0.691358,0.186795,0.076115,0.878153
29/03/2024,04:00:00,0.672418,0.186639,0.165641,0.859057
29/03/2024,05:00:00,0.653996,0.186484,0.046313,0.84048
29/03/2024,06:00:00,0.63608,0.186329,0.001907,0.822409
29/03/2024,07:00:00,0.618654,0.186173,0,0.804827
29/03/2024,08:00:00,0.601706,0.186018,0,0.787724
29/03/2024,09:00:00,0.585222,0.185863,0,0.771085
29/03/2024,10:00:00,0.569189,0.185709,0,0.754898
29/03/2024,11:00:00,0.553596,0.185554,0,0.73915
29/03/2024,12:00:00,0.53843,0.185399,0,0.723829
29/03/2024,13:00:00,0.523679,0.185245,0,0.708924
29/03/2024,14:00:00,0.509333,0.185091,0,0.694424
29/03/2024,15:00:00,0.49538,0.184936,0,0.680316
29/03/2024,16:00:00,0.481808,0.184782,0,0.66659
29/03/2024,17:00:00,0.468609,0.184628,0,0.653237
29/03/2024,18:00:00,0.455771,0.184475,0,0.640246
29/03/2024,19:00:00,0.446109,0.184342,0,0.630451
29/03/2024,20:00:00,0.457121,0.184365,0,0.641486
29/03/2024,21:00:00,0.444597,0.184212,0,0.628809
29/03/2024,22:00:00,0.432418,0.184058,0,0.616476
29/03/2024,23:00:00,0.420571,0.183905,0,0.604476
30/03/2024,00:00:00,0.409049,0.183752,0,0.592801
30/03/2024,01:00:00,0.397843,0.183599,0.523388,0.581442
30/03/2024,02:00:00,0.386944,0.183446,0.978172,0.57039
30/03/2024,03:00:00,0.376344,0.183293,0.219703,0.559637
30/03/2024,04:00:00,0.366033,0.18314,0.008762,0.549173
30/03/2024,05:00:00,0.356006,0.182988,0.038028,0.538994
30/03/2024,06:00:00,0.346253,0.182835,0.506282,0.529088
30/03/2024,07:00:00,0.336767,0.182683,0.254035,0.51945
30/03/2024,08:00:00,0.327541,0.182531,0.068724,0.510072
30/03/2024,09:00:00,0.318568,0.182379,0.002921,0.500947
30/03/2024,10:00:00,0.309841,0.182227,0.038028,0.492068
30/03/2024,11:00:00,0.301352,0.182075,0.068545,0.483427
30/03/2024,12:00:00,0.293097,0.181924,0.041485,0.475021
30/03/2024,13:00:00,0.285067,0.181772,0.001907,0.466839
30/03/2024,14:00:00,0.277258,0.181621,0.91356,0.458879
30/03/2024,15:00:00,0.269662,0.181469,0.046492,0.451131
30/03/2024,16:00:00,0.262274,0.181318,0,0.443592
30/03/2024,17:00:00,0.368212,0.182027,0,0.550239
30/03/2024,18:00:00,0.571947,0.183501,0,0.755448
30/03/2024,19:00:00,0.601824,0.183694,0,0.785518
30/03/2024,20:00:00,0.585337,0.183541,0,0.768878
30/03/2024,21:00:00,0.574012,0.183424,0,0.757436
30/03/2024,22:00:00,0.666691,0.184095,0,0.850786
30/03/2024,23:00:00,0.700602,0.184339,0,0.884941
31/03/2024,00:00:00,0.692136,0.184267,0,0.876403
31/03/2024,01:00:00,0.673175,0.184113,0,0.857288
31/03/2024,02:00:00,0.658111,0.183985,0,0.842096
31/03/2024,03:00:00,0.649969,0.183907,0,0.833876
31/03/2024,04:00:00,0.635759,0.183781,0.666082,0.81954
31/03/2024,05:00:00,0.618342,0.183628,0.071943,0.80197
31/03/2024,06:00:00,0.798506,0.184974,0.001967,0.98348
31/03/2024,07:00:00,0.780549,0.184849,0,0.965398
31/03/2024,08:00:00,0.759166,0.184695,0,0.943861
31/03/2024,09:00:00,0.738368,0.184542,0,0.92291
31/03/2024,10:00:00,0.71814,0.184388,0,0.902528
31/03/2024,11:00:00,0.698466,0.184234,0,0.8827
31/03/2024,12:00:00,0.679331,0.184081,0.038028,0.863412
31/03/2024,13:00:00,0.660721,0.183927,0.392079,0.844648
31/03/2024,14:00:00,0.64262,0.183774,1.333058,0.826394
31/03/2024,15:00:00,0.625015,0.183621,1.199186,0.808636
31/03/2024,16:00:00,0.607892,0.183468,0.181317,0.79136
31/03/2024,17:00:00,0.591239,0.183315,0.006318,0.774554
31/03/2024,18:00:00,0.575042,0.183163,0,0.758205
31/03/2024,19:00:00,0.559288,0.18301,0,0.742298
31/03/2024,20:00:00,0.682602,0.183911,0,0.866513
31/03/2024,21:00:00,0.67013,0.183806,0,0.853936
31/03/2024,22:00:00,0.651771,0.183653,0,0.835424
31/03/2024,23:00:00,0.633916,0.1835,0,0.817416
01/04/2024,00:00:00,0.616549,0.183347,0,0.799896
01/04/2024,01:00:00,0.599659,0.183194,0,0.782853
01/04/2024,02:00:00,0.583231,0.183041,0,0.766272
01/04/2024,03:00:00,0.567253,0.182889,0,0.750142
01/04/2024,04:00:00,0.551713,0.182737,0,0.73445
01/04/2024,05:00:00,0.612492,0.183161,0,0.795653
01/04/2024,06:00:00,0.881321,0.18518,0,1.066501
01/04/2024,07:00:00,1.113428,0.186973,0,1.300401
01/04/2024,08:00:00,1.111487,0.187035,0,1.298522
01/04/2024,09:00:00,1.081037,0.186879,0,1.267916
01/04/2024,10:00:00,1.051421,0.186723,0,1.238144
01/04/2024,11:00:00,1.022617,0.186568,0,1.209185
01/04/2024,12:00:00,0.994602,0.186412,0,1.181014
01/04/2024,13:00:00,0.967354,0.186257,0,1.153611
01/04/2024,14:00:00,0.940853,0.186102,0,1.126955
01/04/2024,15:00:00,0.915078,0.185947,0,1.101025
01/04/2024,16:00:00,0.890009,0.185792,0,1.075801
01/04/2024,17:00:00,0.865627,0.185637,0,1.051264
01/04/2024,18:00:00,0.841912,0.185483,0,1.027395
01/04/2024,19:00:00,0.818848,0.185328,0,1.004176
01/04/2024,20:00:00,0.796415,0.185174,0,0.981589
01/04/2024,21:00:00,0.774597,0.185019,0,0.959616
01/04/2024,22:00:00,0.753376,0.184865,0,0.938241
01/04/2024,23:00:00,0.732737,0.184711,0,0.917448
02/04/2024,00:00:00,0.712663,0.184557,0,0.89722
02/04/2024,01:00:00,0.69314,0.184404,0,0.877544
02/04/2024,02:00:00,0.674151,0.18425,0,0.858401
02/04/2024,03:00:00,0.655682,0.184097,0,0.839779
02/04/2024,04:00:00,0.637719,0.183943,0,0.821662
02/04/2024,05:00:00,0.620249,0.18379,0,0.804039
02/04/2024,06:00:00,0.603257,0.183637,0,0.786894
02/04/2024,07:00:00,0.58673,0.183484,0,0.770214
02/04/2024,08:00:00,0.570656,0.183331,0.038087,0.753987
02/04/2024,09:00:00,0.555023,0.183178,0.192225,0.738201
02/04/2024,10:00:00,0.539818,0.183026,0.561595,0.722844
02/04/2024,11:00:00,0.525029,0.182873,0.056624,0.707902
02/04/2024,12:00:00,0.510646,0.182721,0.00149,0.693367
02/04/2024,13:00:00,0.496656,0.182569,0.076115,0.679225
02/04/2024,14:00:00,0.48305,0.182417,0.003874,0.665467
02/04/2024,15:00:00,0.469817,0.182265,0,0.652082
02/04/2024,16:00:00,0.456946,0.182113,0,0.639059
02/04/2024,17:00:00,0.444428,0.181961,0,0.626389
02/04/2024,18:00:00,0.432252,0.18181,0,0.614062
02/04/2024,19:00:00,0.42041,0.181658,0,0.602068
02/04/2024,20:00:00,0.408893,0.181507,0,0.5904
02/04/2024,21:00:00,0.397691,0.181356,0.294983,0.579047
02/04/2024,22:00:00,0.386796,0.181205,0.652552,0.568001
02/04/2024,23:00:00,0.3762,0.181054,0.232279,0.557254
03/04/2024,00:00:00,0.367673,0.180917,0.20051,0.54859
03/04/2024,01:00:00,0.393568,0.181039,0.257075,0.574607
03/04/2024,02:00:00,0.500925,0.181786,0.298083,0.682711
03/04/2024,03:00:00,0.492715,0.181677,0.376105,0.674392
03/04/2024,04:00:00,0.479217,0.181526,0.151634,0.660743
03/04/2024,05:00:00,0.475672,0.181447,0.434995,0.657119
03/04/2024,06:00:00,0.462641,0.181296,0.231087,0.643937
03/04/2024,07:00:00,0.449967,0.181145,0.096321,0.631112
03/04/2024,08:00:00,0.43764,0.180994,0.004351,0.618634
03/04/2024,09:00:00,0.42565,0.180843,0.028551,0.606493
03/04/2024,10:00:00,0.413989,0.180693,0.068069,0.594682
03/04/2024,11:00:00,0.402648,0.180542,0.003397,0.58319
03/04/2024,12:00:00,0.391617,0.180392,0,0.572009
03/04/2024,13:00:00,0.438136,0.180677,0,0.618813
03/04/2024,14:00:00,0.563035,0.181567,0.228345,0.744602
03/04/2024,15:00:00,0.590692,0.181743,0.011623,0.772435
03/04/2024,16:00:00,0.610412,0.181865,0,0.792277
03/04/2024,17:00:00,0.64219,0.182082,0,0.824272
03/04/2024,18:00:00,0.682217,0.182368,0,0.864585
03/04/2024,19:00:00,0.738581,0.182787,0,0.921368
03/04/2024,20:00:00,0.743146,0.182823,0,0.925969
03/04/2024,21:00:00,0.810972,0.183341,0,0.994313
03/04/2024,22:00:00,0.831273,0.183512,0,1.014785
03/04/2024,23:00:00,0.820754,0.183452,0,1.004206
04/04/2024,00:00:00,0.798269,0.183299,0,0.981568
04/04/2024,01:00:00,0.7764,0.183146,0.114202,0.959546
04/04/2024,02:00:00,0.760876,0.183038,1.575887,0.943914
04/04/2024,03:00:00,0.740031,0.182885,0.8412,0.922916
04/04/2024,04:00:00,0.719757,0.182733,0.78094,0.90249
04/04/2024,05:00:00,0.700039,0.18258,0.52309,0.882619
04/04/2024,06:00:00,0.722271,0.182743,1.375914,0.905014
04/04/2024,07:00:00,0.702484,0.182591,0.316203,0.885075
04/04/2024,08:00:00,0.683239,0.182439,0.012577,0.865678
04/04/2024,09:00:00,0.664521,0.182287,0,0.846808
04/04/2024,10:00:00,0.646316,0.182135,0,0.828451
04/04/2024,11:00:00,0.62861,0.181983,0,0.810593
04/04/2024,12:00:00,0.611389,0.181832,1.703322,0.793221
04/04/2024,13:00:00,0.59464,0.18168,0.124753,0.77632
04/04/2024,14:00:00,0.578349,0.181529,0.001907,0.759878
04/04/2024,15:00:00,0.562505,0.181378,0,0.743883
04/04/2024,16:00:00,0.547095,0.181227,0,0.728322
04/04/2024,17:00:00,0.547326,0.181191,0,0.728517
04/04/2024,18:00:00,0.875119,0.183646,0,1.058765
04/04/2024,19:00:00,1.029722,0.184851,0,1.214573
04/04/2024,20:00:00,1.166827,0.185953,0,1.35278
04/04/2024,21:00:00,1.242271,0.186615,0,1.428886
04/04/2024,22:00:00,1.508394,0.188741,0.028551,1.697135
04/04/2024,23:00:00,1.528059,0.189047,0.210822,1.717106
05/04/2024,00:00:00,1.486197,0.18889,0.010669,1.675087
05/04/2024,01:00:00,1.445482,0.188733,0,1.634215
05/04/2024,02:00:00,1.405883,0.188575,0,1.594458
05/04/2024,03:00:00,1.367368,0.188418,0.12368,1.555786
05/04/2024,04:00:00,1.705102,0.191113,0.006318,1.896215
05/04/2024,05:00:00,1.676072,0.191089,0,1.867161
05/04/2024,06:00:00,1.630155,0.190929,0,1.821084
05/04/2024,07:00:00,1.585496,0.19077,0,1.776266
05/04/2024,08:00:00,1.54206,0.190611,0.047565,1.732671
05/04/2024,09:00:00,1.499815,0.190453,0.002444,1.690268
05/04/2024,10:00:00,1.458727,0.190294,0,1.649021
05/04/2024,11:00:00,1.418764,0.190135,0.114143,1.608899
05/04/2024,12:00:00,1.379896,0.189977,0.005841,1.569873
05/04/2024,13:00:00,1.342093,0.189819,0,1.531912
05/04/2024,14:00:00,1.305326,0.189661,0,1.494987
05/04/2024,15:00:00,1.306615,0.189784,0,1.496399
05/04/2024,16:00:00,1.27082,0.189626,0,1.460446
05/04/2024,17:00:00,1.236005,0.189468,0,1.425473
05/04/2024,18:00:00,1.202144,0.18931,0,1.391454
05/04/2024,19:00:00,1.183161,0.189259,0,1.37242
05/04/2024,20:00:00,1.150748,0.189101,0,1.339849
05/04/2024,21:00:00,1.119223,0.188944,0,1.308167
05/04/2024,22:00:00,1.088561,0.188786,0,1.277347
05/04/2024,23:00:00,1.058739,0.188629,0,1.247368
06/04/2024,00:00:00,1.029735,0.188472,0,1.218207
06/04/2024,01:00:00,1.001524,0.188315,0,1.189839
06/04/2024,02:00:00,0.974087,0.188158,0,1.162245
06/04/2024,03:00:00,0.951576,0.188033,0,1.139609
06/04/2024,04:00:00,0.925507,0.187876,0,1.113383
06/04/2024,05:00:00,0.900152,0.18772,0,1.087872
06/04/2024,06:00:00,0.875492,0.187564,0,1.063056
06/04/2024,07:00:00,0.851508,0.187407,0,1.038915
06/04/2024,08:00:00,0.82818,0.187251,0,1.015431
06/04/2024,09:00:00,0.805492,0.187095,0,0.992587
06/04/2024,10:00:00,0.783425,0.186939,0,0.970364
06/04/2024,11:00:00,0.761962,0.186784,0,0.948746
06/04/2024,12:00:00,0.741088,0.186628,0,0.927716
06/04/2024,13:00:00,0.720786,0.186473,0,0.907259
06/04/2024,14:00:00,0.701039,0.186317,0,0.887356
06/04/2024,15:00:00,0.681834,0.186162,0,0.867996
06/04/2024,16:00:00,0.663155,0.186007,0,0.849162
06/04/2024,17:00:00,0.644987,0.185852,0,0.830839
06/04/2024,18:00:00,0.627318,0.185697,0,0.813015
06/04/2024,19:00:00,0.610132,0.185543,0,0.795675
06/04/2024,20:00:00,0.593417,0.185388,0,0.778805
06/04/2024,21:00:00,0.57716,0.185234,0,0.762394
06/04/2024,22:00:00,0.561348,0.185079,0,0.746427
06/04/2024,23:00:00,0.54597,0.184925,0,0.730895
07/04/2024,00:00:00,0.531013,0.184771,0,0.715784
07/04/2024,01:00:00,0.516465,0.184617,0,0.701082
07/04/2024,02:00:00,0.502317,0.184463,0.038087,0.68678
07/04/2024,03:00:00,0.488555,0.18431,0.001907,0.672865
07/04/2024,04:00:00,0.475171,0.184156,0,0.659327
07/04/2024,05:00:00,0.462154,0.184003,0,0.646157
07/04/2024,06:00:00,0.449493,0.18385,0,0.633343
07/04/2024,07:00:00,0.437179,0.183696,0,0.620875
07/04/2024,08:00:00,0.425202,0.183543,0,0.608745
07/04/2024,09:00:00,0.413553,0.183391,0,0.596944
07/04/2024,10:00:00,0.402224,0.183238,0,0.585462
07/04/2024,11:00:00,0.391205,0.183085,0,0.57429
07/04/2024,12:00:00,0.380487,0.182933,0,0.56342
07/04/2024,13:00:00,0.370064,0.18278,0,0.552844
07/04/2024,14:00:00,0.359926,0.182628,0,0.542554
07/04/2024,15:00:00,0.350065,0.182476,0,0.532541
07/04/2024,16:00:00,0.340475,0.182324,0,0.522799
07/04/2024,17:00:00,0.331148,0.182172,0,0.51332
07/04/2024,18:00:00,0.322076,0.18202,0,0.504096
07/04/2024,19:00:00,0.313252,0.181869,0.038087,0.495121
07/04/2024,20:00:00,0.30467,0.181717,0.26834,0.486387
07/04/2024,21:00:00,0.296324,0.181566,0.270486,0.47789
07/04/2024,22:00:00,0.288206,0.181415,0.051141,0.469621
07/04/2024,23:00:00,0.28031,0.181263,0.001967,0.461573
08/04/2024,00:00:00,0.272631,0.181112,0.066578,0.453743
08/04/2024,01:00:00,0.265162,0.180962,0.079513,0.446124
08/04/2024,02:00:00,0.257898,0.180811,0.679493,0.438709
08/04/2024,03:00:00,0.250833,0.18066,0.034392,0.431493
08/04/2024,04:00:00,0.243961,0.18051,0,0.424471
08/04/2024,05:00:00,0.237278,0.180359,0,0.417637
08/04/2024,06:00:00,0.230777,0.180209,0,0.410986
08/04/2024,07:00:00,0.224455,0.180059,0,0.404514
08/04/2024,08:00:00,0.218306,0.179909,0,0.398215
08/04/2024,09:00:00,0.212325,0.179759,0,0.392084
08/04/2024,10:00:00,0.206509,0.179609,0,0.386118
08/04/2024,11:00:00,0.200851,0.17946,0,0.380311
08/04/2024,12:00:00,0.232571,0.179593,0,0.412164
08/04/2024,13:00:00,0.264251,0.179733,0,0.443984
08/04/2024,14:00:00,0.257012,0.179583,0,0.436595
08/04/2024,15:00:00,0.249971,0.179434,0,0.429405
08/04/2024,16:00:00,0.243123,0.179284,0,0.422407
08/04/2024,17:00:00,0.236462,0.179135,0,0.415597
08/04/2024,18:00:00,0.359668,0.179971,0,0.539639
08/04/2024,19:00:00,0.349814,0.179821,0,0.529635
08/04/2024,20:00:00,0.340231,0.179672,0,0.519903
08/04/2024,21:00:00,0.33091,0.179522,0,0.510432
08/04/2024,22:00:00,0.321845,0.179372,0,0.501217
08/04/2024,23:00:00,0.313028,0.179223,0.570953,0.492251
09/04/2024,00:00:00,0.304452,0.179074,2.103448,0.483526
09/04/2024,01:00:00,0.296111,0.178925,0.362515,0.475036
09/04/2024,02:00:00,0.287999,0.178776,1.097858,0.466775
09/04/2024,03:00:00,0.280109,0.178627,0.093281,0.458736
09/04/2024,04:00:00,0.272436,0.178478,0.068545,0.450914
09/04/2024,05:00:00,0.264972,0.178329,0.003397,0.443301
09/04/2024,06:00:00,0.257713,0.178181,0,0.435894
09/04/2024,07:00:00,0.250653,0.178032,0,0.428685
09/04/2024,08:00:00,0.243786,0.177884,0,0.42167
09/04/2024,09:00:00,0.237107,0.177736,0,0.414843
09/04/2024,10:00:00,0.230612,0.177588,0,0.4082
09/04/2024,11:00:00,0.224294,0.17744,0,0.401734
09/04/2024,12:00:00,0.218149,0.177292,0,0.395441
09/04/2024,13:00:00,0.212173,0.177144,0,0.389317
09/04/2024,14:00:00,0.20636,0.176997,0.723183,0.383357
09/04/2024,15:00:00,0.310028,0.17768,0.465035,0.487708
09/04/2024,16:00:00,0.748506,0.18093,0.935316,0.929436
09/04/2024,17:00:00,0.790981,0.181258,0.11307,0.972239
09/04/2024,18:00:00,0.994363,0.182818,0.146151,1.177181
09/04/2024,19:00:00,0.969357,0.182682,0.007272,1.152039
09/04/2024,20:00:00,0.942801,0.18253,0,1.125331
09/04/2024,21:00:00,0.916973,0.182378,0,1.099351
09/04/2024,22:00:00,0.891852,0.182226,0,1.074078
09/04/2024,23:00:00,0.867419,0.182074,0,1.049493
10/04/2024,00:00:00,0.843656,0.181923,0.066578,1.025579
10/04/2024,01:00:00,0.820543,0.181771,0.003397,1.002314
10/04/2024,02:00:00,0.798064,0.18162,0.313997,0.979684
10/04/2024,03:00:00,0.776201,0.181469,0.016034,0.95767
10/04/2024,04:00:00,0.754936,0.181317,0,0.936253
10/04/2024,05:00:00,0.734254,0.181166,0,0.91542
10/04/2024,06:00:00,0.848386,0.182036,0,1.030422
10/04/2024,07:00:00,0.901811,0.182467,0,1.084278
10/04/2024,08:00:00,1.057312,0.183685,0,1.240997
10/04/2024,09:00:00,1.028347,0.183532,0,1.211879
10/04/2024,10:00:00,1.004417,0.183411,0,1.187828
10/04/2024,11:00:00,0.976901,0.183259,0,1.16016
10/04/2024,12:00:00,0.950138,0.183106,0,1.133244
10/04/2024,13:00:00,0.924108,0.182953,0,1.107061
10/04/2024,14:00:00,0.898792,0.182801,0,1.081593
10/04/2024,15:00:00,0.874169,0.182649,0,1.056818
10/04/2024,16:00:00,0.850221,0.182497,0,1.032718
10/04/2024,17:00:00,0.826928,0.182344,0,1.009272
10/04/2024,18:00:00,0.844656,0.1825,0,1.027156
10/04/2024,19:00:00,0.821516,0.182348,0,1.003864
10/04/2024,20:00:00,0.79901,0.182196,0,0.981206
10/04/2024,21:00:00,0.777121,0.182044,0,0.959165
10/04/2024,22:00:00,0.755831,0.181892,0,0.937723
10/04/2024,23:00:00,0.735125,0.181741,0,0.916866
11/04/2024,00:00:00,0.714985,0.181589,0,0.896574
11/04/2024,01:00:00,0.695398,0.181438,0,0.876836
11/04/2024,02:00:00,0.676347,0.181287,0,0.857634
11/04/2024,03:00:00,0.657818,0.181136,0,0.838954
11/04/2024,04:00:00,0.639797,0.180985,0,0.820782
11/04/2024,05:00:00,0.62227,0.180834,0,0.803104
11/04/2024,06:00:00,0.605222,0.180684,0,0.785906
11/04/2024,07:00:00,0.588642,0.180533,0.313997,0.769175
11/04/2024,08:00:00,0.572516,0.180383,0.044525,0.752899
11/04/2024,09:00:00,0.556831,0.180233,0.001431,0.737064
11/04/2024,10:00:00,0.541577,0.180082,0,0.721659
11/04/2024,11:00:00,0.52674,0.179932,0.038087,0.706672
11/04/2024,12:00:00,0.512309,0.179782,0.001907,0.692091
11/04/2024,13:00:00,0.498275,0.179633,0,0.677908
11/04/2024,14:00:00,0.484624,0.179483,0,0.664107
11/04/2024,15:00:00,0.471348,0.179334,0,0.650682
11/04/2024,16:00:00,0.458435,0.179184,0,0.637619
11/04/2024,17:00:00,0.445876,0.179035,0,0.624911
11/04/2024,18:00:00,0.433661,0.178886,0,0.612547
11/04/2024,19:00:00,0.42178,0.178737,0,0.600517
11/04/2024,20:00:00,0.410225,0.178588,0,0.588813
11/04/2024,21:00:00,0.398987,0.178439,0,0.577426
11/04/2024,22:00:00,0.388057,0.178291,0,0.566348
11/04/2024,23:00:00,0.433981,0.178572,0,0.612553
12/04/2024,00:00:00,0.422092,0.178423,0,0.600515
12/04/2024,01:00:00,0.410529,0.178275,0,0.588804
12/04/2024,02:00:00,0.399282,0.178126,0,0.577408
12/04/2024,03:00:00,0.388343,0.177978,0,0.566321
12/04/2024,04:00:00,0.377705,0.177829,0,0.555534
12/04/2024,05:00:00,0.367357,0.177681,0,0.545038
12/04/2024,06:00:00,0.357293,0.177533,0,0.534826
12/04/2024,07:00:00,0.347505,0.177385,0,0.52489
12/04/2024,08:00:00,0.337985,0.177238,0,0.515223
12/04/2024,09:00:00,0.328726,0.17709,0,0.505816
12/04/2024,10:00:00,0.31972,0.176943,0,0.496663
12/04/2024,11:00:00,0.310961,0.176795,0,0.487756
12/04/2024,12:00:00,0.302442,0.176648,0,0.47909
12/04/2024,13:00:00,0.294157,0.176501,0,0.470658
12/04/2024,14:00:00,0.286098,0.176354,0,0.462452
12/04/2024,15:00:00,0.27826,0.176207,0,0.454467
12/04/2024,16:00:00,0.270637,0.17606,0,0.446697
12/04/2024,17:00:00,0.263223,0.175913,0,0.439136
12/04/2024,18:00:00,0.256012,0.175767,0,0.431779
12/04/2024,19:00:00,0.248998,0.17562,0,0.424618
12/04/2024,20:00:00,0.242177,0.175474,0,0.417651
12/04/2024,21:00:00,0.235542,0.175328,0,0.41087
12/04/2024,22:00:00,0.229089,0.175182,0,0.404271
12/04/2024,23:00:00,0.222813,0.175036,0,0.397849
13/04/2024,00:00:00,0.216709,0.17489,0,0.391599
13/04/2024,01:00:00,0.210772,0.174744,0,0.385516
13/04/2024,02:00:00,0.204998,0.174599,0,0.379597
13/04/2024,03:00:00,0.199382,0.174453,0,0.373835
13/04/2024,04:00:00,0.19392,0.174308,0,0.368228
13/04/2024,05:00:00,0.188607,0.174163,0,0.36277
13/04/2024,06:00:00,0.18344,0.174018,0,0.357458
13/04/2024,07:00:00,0.178415,0.173873,0,0.352288
13/04/2024,08:00:00,0.173527,0.173728,0,0.347255
13/04/2024,09:00:00,0.168773,0.173583,0,0.342356
13/04/2024,10:00:00,0.16415,0.173439,0,0.337589
13/04/2024,11:00:00,0.159653,0.173294,0,0.332947
13/04/2024,12:00:00,0.155279,0.17315,0,0.328429
13/04/2024,13:00:00,0.151025,0.173006,0,0.324031
13/04/2024,14:00:00,0.146888,0.172862,0,0.31975
13/04/2024,15:00:00,0.142864,0.172718,0,0.315582
13/04/2024,16:00:00,0.13895,0.172574,0,0.311524
13/04/2024,17:00:00,0.135143,0.17243,0,0.307573
13/04/2024,18:00:00,0.131441,0.172286,0,0.303727
13/04/2024,19:00:00,0.12784,0.172143,0,0.299983
13/04/2024,20:00:00,0.124338,0.171999,0,0.296337
13/04/2024,21:00:00,0.120931,0.171856,0,0.292787
13/04/2024,22:00:00,0.117618,0.171713,0,0.289331
13/04/2024,23:00:00,0.114396,0.17157,0,0.285966
14/04/2024,00:00:00,0.111262,0.171427,0,0.282689
14/04/2024,01:00:00,0.108214,0.171284,0,0.279498
14/04/2024,02:00:00,0.10525,0.171142,0,0.276392
14/04/2024,03:00:00,0.102366,0.170999,0,0.273365
14/04/2024,04:00:00,0.099562,0.170857,0,0.270419
14/04/2024,05:00:00,0.096834,0.170714,0,0.267548
14/04/2024,06:00:00,0.094181,0.170572,0,0.264753
14/04/2024,07:00:00,0.091601,0.17043,0,0.262031
14/04/2024,08:00:00,0.089092,0.170288,0,0.25938
14/04/2024,09:00:00,0.086651,0.170146,0,0.256797
14/04/2024,10:00:00,0.084277,0.170005,0,0.254282
14/04/2024,11:00:00,0.081968,0.169863,0,0.251831
14/04/2024,12:00:00,0.079723,0.169721,0,0.249444
14/04/2024,13:00:00,0.077539,0.16958,0,0.247119
14/04/2024,14:00:00,0.075415,0.169439,0,0.244854
14/04/2024,15:00:00,0.073349,0.169298,0,0.242647
14/04/2024,16:00:00,0.071339,0.169157,0,0.240496
14/04/2024,17:00:00,0.069385,0.169016,0,0.238401
14/04/2024,18:00:00,0.067484,0.168875,0,0.236359
14/04/2024,19:00:00,0.065635,0.168734,0,0.234369
14/04/2024,20:00:00,0.063837,0.168594,0.561476,0.232431
14/04/2024,21:00:00,0.062088,0.168453,0.209332,0.230541
14/04/2024,22:00:00,0.060387,0.168313,0.075817,0.2287
14/04/2024,23:00:00,0.058733,0.168173,0.003397,0.226906
15/04/2024,00:00:00,0.057124,0.168033,0,0.225157
15/04/2024,01:00:00,0.055559,0.167893,0,0.223452
15/04/2024,02:00:00,0.054037,0.167753,0,0.22179
15/04/2024,03:00:00,0.052557,0.167613,0,0.22017
15/04/2024,04:00:00,0.051117,0.167473,0,0.21859
15/04/2024,05:00:00,0.049716,0.167334,0,0.21705
15/04/2024,06:00:00,0.048354,0.167195,0,0.215549
15/04/2024,07:00:00,0.04703,0.167055,0,0.214085
15/04/2024,08:00:00,0.045741,0.166916,0,0.212657
15/04/2024,09:00:00,0.044488,0.166777,0,0.211265
15/04/2024,10:00:00,0.043269,0.166638,0,0.209907
15/04/2024,11:00:00,0.042084,0.166499,0.8564,0.208583
15/04/2024,12:00:00,0.149609,0.167187,4.753888,0.316796
15/04/2024,13:00:00,0.180191,0.167311,1.505315,0.347502
15/04/2024,14:00:00,0.18228,0.167225,0.207126,0.349505
15/04/2024,15:00:00,0.177286,0.167086,0.007272,0.344372
15/04/2024,16:00:00,0.172429,0.166947,0.361621,0.339376
15/04/2024,17:00:00,0.167705,0.166808,0.018358,0.334513
15/04/2024,18:00:00,0.163111,0.166669,0.551939,0.32978
15/04/2024,19:00:00,0.158643,0.16653,0.028074,0.325173
15/04/2024,20:00:00,0.154296,0.166391,0,0.320687
15/04/2024,21:00:00,0.150069,0.166253,0,0.316322
15/04/2024,22:00:00,0.145958,0.166114,0,0.312072
15/04/2024,23:00:00,0.14196,0.165976,0,0.307936
16/04/2024,00:00:00,0.138071,0.165837,0.323534,0.303908
16/04/2024,01:00:00,0.134288,0.165699,0.977576,0.299987
16/04/2024,02:00:00,0.130609,0.165561,0.810146,0.29617
16/04/2024,03:00:00,0.301702,0.166751,0.162482,0.468453
16/04/2024,04:00:00,1.302199,0.17428,0.862658,1.476479
16/04/2024,05:00:00,1.58326,0.176543,1.394868,1.759803
16/04/2024,06:00:00,1.577406,0.176681,0.297129,1.754087
16/04/2024,07:00:00,1.534192,0.176534,0.011623,1.710726
16/04/2024,08:00:00,1.563149,0.176926,0.542402,1.740075
16/04/2024,09:00:00,1.520326,0.176779,0.465333,1.697105
16/04/2024,10:00:00,1.590949,0.177485,0.288725,1.768434
16/04/2024,11:00:00,1.547364,0.177337,0.01353,1.724701
16/04/2024,12:00:00,1.504973,0.177189,1.969755,1.682162
16/04/2024,13:00:00,1.463744,0.177042,0.309587,1.640786
16/04/2024,14:00:00,1.423643,0.176894,0.010669,1.600537
16/04/2024,15:00:00,1.384642,0.176747,1.417816,1.561389
16/04/2024,16:00:00,1.410031,0.177081,1.318753,1.587112
16/04/2024,17:00:00,1.576142,0.17849,0.063419,1.754632
16/04/2024,18:00:00,1.701709,0.179624,0,1.881333
16/04/2024,19:00:00,1.683401,0.179689,0,1.86309
16/04/2024,20:00:00,1.817557,0.18091,0,1.998467
16/04/2024,21:00:00,2.064178,0.183013,0,2.247191
16/04/2024,22:00:00,2.065113,0.183297,0,2.24841
16/04/2024,23:00:00,2.008538,0.183144,0,2.191682
17/04/2024,00:00:00,2.064328,0.183834,0,2.248162
17/04/2024,01:00:00,2.101754,0.184395,0,2.286149
17/04/2024,02:00:00,2.099502,0.184662,1.227558,2.284164
17/04/2024,03:00:00,2.041986,0.184509,0.328898,2.226495
17/04/2024,04:00:00,2.409611,0.187575,0.01353,2.597186
17/04/2024,05:00:00,2.403425,0.187873,0,2.591298
17/04/2024,06:00:00,2.337582,0.187717,0,2.525299
17/04/2024,07:00:00,2.577082,0.189868,0,2.76695
17/04/2024,08:00:00,2.788916,0.191856,0.266433,2.980772
17/04/2024,09:00:00,2.717837,0.191737,0.01359,2.909574
17/04/2024,10:00:00,2.64338,0.191577,0.218868,2.834957
17/04/2024,11:00:00,2.570964,0.191418,0.011146,2.762382
17/04/2024,12:00:00,2.500531,0.191258,0.12368,2.691789
17/04/2024,13:00:00,2.432028,0.191099,0.310779,2.623127
17/04/2024,14:00:00,2.365401,0.19094,0.015497,2.556341
17/04/2024,15:00:00,2.300599,0.190781,0,2.49138
17/04/2024,16:00:00,2.237573,0.190622,0,2.428195
17/04/2024,17:00:00,2.176274,0.190463,0,2.366737
17/04/2024,18:00:00,2.377517,0.192287,0.104725,2.569804
17/04/2024,19:00:00,2.374353,0.192598,0.005305,2.566951
17/04/2024,20:00:00,2.309306,0.192438,0,2.501744
17/04/2024,21:00:00,2.246041,0.192278,0,2.438319
17/04/2024,22:00:00,2.18451,0.192117,0,2.376627
17/04/2024,23:00:00,2.124664,0.191957,0,2.316621
18/04/2024,00:00:00,2.112634,0.192148,0,2.304782
18/04/2024,01:00:00,2.054757,0.191988,0,2.246745
18/04/2024,02:00:00,2.033339,0.192094,0,2.225433
18/04/2024,03:00:00,1.977635,0.191934,0,2.169569
18/04/2024,04:00:00,1.936483,0.191873,0,2.128356
18/04/2024,05:00:00,1.937506,0.192124,0,2.12963
18/04/2024,06:00:00,1.884427,0.191964,0,2.076391
18/04/2024,07:00:00,1.832802,0.191804,0,2.024606
18/04/2024,08:00:00,1.782591,0.191644,0,1.974235
18/04/2024,09:00:00,1.733756,0.191485,0,1.925241
18/04/2024,10:00:00,1.692726,0.191374,0,1.8841
18/04/2024,11:00:00,1.646353,0.191215,0,1.837568
18/04/2024,12:00:00,1.60125,0.191056,0,1.792306
18/04/2024,13:00:00,1.557383,0.190896,0,1.748279
18/04/2024,14:00:00,1.514718,0.190737,0,1.705455
18/04/2024,15:00:00,1.473221,0.190578,0,1.663799
18/04/2024,16:00:00,1.432862,0.19042,0,1.623282
18/04/2024,17:00:00,1.393608,0.190261,0,1.583869
18/04/2024,18:00:00,1.355429,0.190103,0,1.545532
18/04/2024,19:00:00,1.318297,0.189944,0,1.508241
18/04/2024,20:00:00,1.282181,0.189786,0,1.471967
18/04/2024,21:00:00,1.247055,0.189628,0,1.436683
18/04/2024,22:00:00,1.212891,0.18947,0,1.402361
18/04/2024,23:00:00,1.179664,0.189312,1.065731,1.368976
19/04/2024,00:00:00,1.147346,0.189154,1.186609,1.3365
19/04/2024,01:00:00,1.115914,0.188997,0.647604,1.304911
19/04/2024,02:00:00,1.085343,0.188839,0.467777,1.274182
19/04/2024,03:00:00,1.055609,0.188682,0.716925,1.244291
19/04/2024,04:00:00,1.02669,0.188525,0.81563,1.215215
19/04/2024,05:00:00,0.998564,0.188368,0.591636,1.186932
19/04/2024,06:00:00,0.971207,0.188211,2.235711,1.159418
19/04/2024,07:00:00,0.944601,0.188054,0.274122,1.132655
19/04/2024,08:00:00,0.918723,0.187898,0.702918,1.106621
19/04/2024,09:00:00,0.893554,0.187741,0.396907,1.081295
19/04/2024,10:00:00,0.869075,0.187585,0.018418,1.05666
19/04/2024,11:00:00,0.845266,0.187428,0,1.032694
19/04/2024,12:00:00,0.822109,0.187272,0,1.009381
19/04/2024,13:00:00,0.799587,0.187116,0.15229,0.986703
19/04/2024,14:00:00,0.777682,0.186961,0.055313,0.964643
19/04/2024,15:00:00,0.97895,0.188497,0.002384,1.167447
19/04/2024,16:00:00,1.201967,0.190239,0,1.392206
19/04/2024,17:00:00,1.300177,0.191077,0,1.491254
19/04/2024,18:00:00,1.355969,0.191613,0,1.547582
19/04/2024,19:00:00,1.465418,0.192568,0,1.657986
19/04/2024,20:00:00,1.593892,0.193689,0,1.787581
19/04/2024,21:00:00,1.66924,0.194432,0,1.863672
19/04/2024,22:00:00,2.108992,0.197961,0.104725,2.306953
19/04/2024,23:00:00,2.099794,0.198165,0.090957,2.297959
20/04/2024,00:00:00,2.186639,0.199097,0.004351,2.385736
20/04/2024,01:00:00,2.202703,0.199509,0,2.402212
20/04/2024,02:00:00,2.142359,0.199343,0,2.341702
20/04/2024,03:00:00,2.083668,0.199177,0,2.282845
20/04/2024,04:00:00,2.026585,0.199011,0,2.225596
20/04/2024,05:00:00,1.991895,0.199003,0,2.190898
20/04/2024,06:00:00,1.937326,0.198838,0,2.136164
20/04/2024,07:00:00,1.884252,0.198672,0.142753,2.082924
20/04/2024,08:00:00,1.832632,0.198507,0.0453,2.031139
20/04/2024,09:00:00,1.782426,0.198341,0.211298,1.980767
20/04/2024,10:00:00,1.733596,0.198176,0.01061,1.931772
20/04/2024,11:00:00,1.686103,0.198011,0,1.884114
20/04/2024,12:00:00,1.639911,0.197846,0,1.837757
20/04/2024,13:00:00,1.594985,0.197681,0,1.792666
20/04/2024,14:00:00,1.560607,0.197587,0.190318,1.758194
20/04/2024,15:00:00,1.524014,0.19747,0.257134,1.721484
20/04/2024,16:00:00,1.482262,0.197305,0.012577,1.679567
20/04/2024,17:00:00,1.441655,0.197141,0,1.638796
20/04/2024,18:00:00,1.40216,0.196976,0,1.599136
20/04/2024,19:00:00,1.363747,0.196812,0,1.560559
20/04/2024,20:00:00,1.326387,0.196648,0,1.523035
20/04/2024,21:00:00,1.29005,0.196485,0,1.486535
20/04/2024,22:00:00,1.254708,0.196321,0,1.451029
20/04/2024,23:00:00,1.236026,0.196277,0,1.432303
21/04/2024,00:00:00,1.202164,0.196113,0,1.398277
21/04/2024,01:00:00,1.199695,0.196181,0,1.395876
21/04/2024,02:00:00,1.166829,0.196018,0.371099,1.362847
21/04/2024,03:00:00,1.134863,0.195855,0.161648,1.330718
21/04/2024,04:00:00,1.103773,0.195692,1.015902,1.299465
21/04/2024,05:00:00,1.073535,0.195529,0.051379,1.269064
21/04/2024,06:00:00,1.068585,0.195552,0.12368,1.264137
21/04/2024,07:00:00,1.07841,0.195686,0.006318,1.274096
21/04/2024,08:00:00,1.048866,0.195523,0,1.244389
21/04/2024,09:00:00,1.020132,0.19536,0,1.215492
21/04/2024,10:00:00,0.992185,0.195197,0,1.187382
21/04/2024,11:00:00,0.965003,0.195035,0,1.160038
21/04/2024,12:00:00,0.938567,0.194872,0,1.133439
21/04/2024,13:00:00,0.912854,0.19471,0,1.107564
21/04/2024,14:00:00,0.887846,0.194548,0,1.082394
21/04/2024,15:00:00,0.863523,0.194386,0,1.057909
21/04/2024,16:00:00,0.839866,0.194224,0,1.03409
21/04/2024,17:00:00,0.816858,0.194062,0,1.01092
21/04/2024,18:00:00,0.85706,0.194376,0,1.051436
21/04/2024,19:00:00,0.849739,0.194337,0,1.044076
21/04/2024,20:00:00,1.033116,0.195746,0,1.228862
21/04/2024,21:00:00,1.004813,0.195583,0,1.200396
21/04/2024,22:00:00,0.985528,0.195483,0,1.181011
21/04/2024,23:00:00,0.958529,0.19532,0,1.153849
22/04/2024,00:00:00,0.93227,0.195157,0,1.127427
22/04/2024,01:00:00,0.90673,0.194995,0,1.101725
22/04/2024,02:00:00,0.881889,0.194832,0,1.076721
22/04/2024,03:00:00,0.85773,0.19467,0,1.0524
22/04/2024,04:00:00,0.834232,0.194508,0,1.02874
22/04/2024,05:00:00,0.811377,0.194346,0,1.005723
22/04/2024,06:00:00,0.789149,0.194184,0,0.983333
22/04/2024,07:00:00,0.76753,0.194022,0,0.961552
22/04/2024,08:00:00,0.746503,0.19386,0,0.940363
22/04/2024,09:00:00,0.726052,0.193699,0,0.919751
22/04/2024,10:00:00,0.706162,0.193538,0,0.8997
22/04/2024,11:00:00,0.686816,0.193376,0,0.880192
22/04/2024,12:00:00,0.668,0.193215,0.542343,0.861215
22/04/2024,13:00:00,0.6497,0.193054,0.027657,0.842754
22/04/2024,14:00:00,0.631901,0.192894,0.161767,0.824795
22/04/2024,15:00:00,0.61459,0.192733,0.093877,0.807323
22/04/2024,16:00:00,0.597753,0.192572,0.004351,0.790325
22/04/2024,17:00:00,0.581377,0.192412,0,0.773789
22/04/2024,18:00:00,0.56545,0.192252,0,0.757702
22/04/2024,19:00:00,0.549959,0.192092,0,0.742051
22/04/2024,20:00:00,0.534893,0.191932,0,0.726825
22/04/2024,21:00:00,0.520239,0.191772,0,0.712011
22/04/2024,22:00:00,0.505987,0.191612,0,0.697599
22/04/2024,23:00:00,0.492125,0.191452,0,0.683577
23/04/2024,00:00:00,0.478643,0.191293,0,0.669936
23/04/2024,01:00:00,0.465531,0.191133,0,0.656664
23/04/2024,02:00:00,0.452777,0.190974,0,0.643751
23/04/2024,03:00:00,0.440373,0.190815,0,0.631188
23/04/2024,04:00:00,0.52733,0.191409,0,0.718739
23/04/2024,05:00:00,0.512883,0.191249,0,0.704132
23/04/2024,06:00:00,0.512899,0.191197,0,0.704096
23/04/2024,07:00:00,0.498848,0.191038,0,0.689886
23/04/2024,08:00:00,0.485182,0.190879,0,0.676061
23/04/2024,09:00:00,0.47189,0.19072,0,0.66261
23/04/2024,10:00:00,0.458962,0.190561,0,0.649523
23/04/2024,11:00:00,0.446389,0.190402,0,0.636791
23/04/2024,12:00:00,0.43416,0.190244,0,0.624404
23/04/2024,13:00:00,0.422266,0.190085,0,0.612351
23/04/2024,14:00:00,0.410697,0.189927,0,0.600624
23/04/2024,15:00:00,0.399446,0.189768,0,0.589214
23/04/2024,16:00:00,0.388503,0.18961,0,0.578113
23/04/2024,17:00:00,0.37786,0.189452,0,0.567312
23/04/2024,18:00:00,0.367508,0.189295,0.095129,0.556803
23/04/2024,19:00:00,0.35744,0.189137,0.395,0.546577
23/04/2024,20:00:00,0.347648,0.188979,0.743032,0.536627
23/04/2024,21:00:00,0.338124,0.188822,0.036836,0.526946
23/04/2024,22:00:00,0.328861,0.188665,0.038028,0.517526
23/04/2024,23:00:00,0.319851,0.188508,0.211298,0.508359
24/04/2024,00:00:00,0.311089,0.188351,0.010669,0.49944
24/04/2024,01:00:00,0.302567,0.188194,0.066578,0.490761
24/04/2024,02:00:00,0.294278,0.188037,0.003397,0.482315
24/04/2024,03:00:00,0.286216,0.18788,0.142753,0.474096
24/04/2024,04:00:00,0.278375,0.187724,0.007272,0.466099
24/04/2024,05:00:00,0.270748,0.187567,0,0.458315
24/04/2024,06:00:00,0.263331,0.187411,0.647068,0.450742
24/04/2024,07:00:00,0.256117,0.187255,0.080526,0.443372
24/04/2024,08:00:00,0.249101,0.187099,0.354469,0.4362
24/04/2024,09:00:00,0.242276,0.186943,0.017941,0.429219
24/04/2024,10:00:00,0.239141,0.186814,0,0.425955
24/04/2024,11:00:00,0.302267,0.187188,0,0.489455
24/04/2024,12:00:00,0.440574,0.188146,0,0.62872
24/04/2024,13:00:00,0.428504,0.18799,0,0.616494
24/04/2024,14:00:00,0.416765,0.187833,0,0.604598
24/04/2024,15:00:00,0.436452,0.187913,0,0.624365
24/04/2024,16:00:00,0.424495,0.187757,0,0.612252
24/04/2024,17:00:00,0.412866,0.1876,0,0.600466
24/04/2024,18:00:00,0.401555,0.187444,0,0.588999
24/04/2024,19:00:00,0.407125,0.187414,0,0.594539
24/04/2024,20:00:00,0.395972,0.187258,0,0.58323
24/04/2024,21:00:00,0.385124,0.187102,0.494778,0.572226
24/04/2024,22:00:00,0.502235,0.187916,0.263095,0.690151
24/04/2024,23:00:00,0.491754,0.187785,0.0121,0.679539
25/04/2024,00:00:00,0.541912,0.188112,0.161767,0.730024
25/04/2024,01:00:00,0.527066,0.187955,0.008225,0.715021
25/04/2024,02:00:00,0.512626,0.187799,0,0.700425
25/04/2024,03:00:00,0.498583,0.187642,0.142753,0.686225
25/04/2024,04:00:00,0.484924,0.187486,0.178576,0.67241
25/04/2024,05:00:00,0.471639,0.18733,0.008702,0.658969
25/04/2024,06:00:00,0.458718,0.187174,0.15223,0.645892
25/04/2024,07:00:00,0.446151,0.187018,0.055313,0.633169
25/04/2024,08:00:00,0.433929,0.186862,0.002444,0.620791
25/04/2024,09:00:00,0.422041,0.186706,0,0.608747
25/04/2024,10:00:00,0.410479,0.186551,0,0.59703
25/04/2024,11:00:00,0.399234,0.186395,0,0.585629
25/04/2024,12:00:00,0.388297,0.18624,0,0.574537
25/04/2024,13:00:00,0.473188,0.186811,0,0.659999
25/04/2024,14:00:00,0.505004,0.186996,0,0.692
25/04/2024,15:00:00,0.491169,0.18684,0,0.678009
25/04/2024,16:00:00,0.500339,0.186856,0,0.687195
25/04/2024,17:00:00,0.486632,0.186701,0,0.673333
25/04/2024,18:00:00,0.4733,0.186545,0,0.659845
25/04/2024,19:00:00,0.478539,0.186528,0,0.665067
25/04/2024,20:00:00,0.491429,0.186571,0,0.678
25/04/2024,21:00:00,0.477966,0.186415,0.58043,0.664381
25/04/2024,22:00:00,0.484938,0.186412,0.029564,0.67135
25/04/2024,23:00:00,0.471653,0.186257,0.333071,0.65791
26/04/2024,00:00:00,0.458732,0.186102,0.178695,0.644834
26/04/2024,01:00:00,0.446165,0.185947,0.217617,0.632112
26/04/2024,02:00:00,0.433942,0.185792,0.372231,0.619734
26/04/2024,03:00:00,0.422054,0.185637,0.741601,0.607691
26/04/2024,04:00:00,0.410491,0.185483,0.484049,0.595974
26/04/2024,05:00:00,0.399246,0.185328,0.317752,0.584574
26/04/2024,06:00:00,0.388308,0.185174,0.01502,0.573482
26/04/2024,07:00:00,0.37767,0.18502,0,0.56269
26/04/2024,08:00:00,0.367324,0.184865,0,0.552189
26/04/2024,09:00:00,0.357261,0.184711,0,0.541972
26/04/2024,10:00:00,0.347473,0.184558,0,0.532031
26/04/2024,11:00:00,0.337954,0.184404,0,0.522358
26/04/2024,12:00:00,0.328696,0.18425,0,0.512946
26/04/2024,13:00:00,0.432417,0.184954,0,0.617371
26/04/2024,14:00:00,0.420571,0.1848,0,0.605371
26/04/2024,15:00:00,0.467422,0.185089,0,0.652511
26/04/2024,16:00:00,0.479013,0.185121,0,0.664134
26/04/2024,17:00:00,0.498649,0.185215,0,0.683864
26/04/2024,18:00:00,0.551562,0.185567,0,0.737129
26/04/2024,19:00:00,0.684133,0.186535,0.104666,0.870668
26/04/2024,20:00:00,0.756371,0.187071,0.005305,0.943442
26/04/2024,21:00:00,0.789884,0.187328,0.380635,0.977212
26/04/2024,22:00:00,0.768244,0.187172,0.019372,0.955416
26/04/2024,23:00:00,0.747198,0.187016,0,0.934214
27/04/2024,00:00:00,0.726728,0.18686,0,0.913588
27/04/2024,01:00:00,0.706819,0.186705,0,0.893524
27/04/2024,02:00:00,0.687455,0.186549,0,0.874004
27/04/2024,03:00:00,0.668622,0.186394,0,0.855016
27/04/2024,04:00:00,0.650305,0.186238,1.208484,0.836543
27/04/2024,05:00:00,0.632489,0.186083,0.118613,0.818572
27/04/2024,06:00:00,0.615162,0.185928,1.782358,0.80109
27/04/2024,07:00:00,0.598309,0.185773,0.57584,0.784082
27/04/2024,08:00:00,0.581918,0.185619,0.024676,0.767537
27/04/2024,09:00:00,0.565976,0.185464,0,0.75144
27/04/2024,10:00:00,0.550471,0.185309,0,0.73578
27/04/2024,11:00:00,0.540214,0.185192,0.085652,0.725406
27/04/2024,12:00:00,0.525414,0.185038,0.004351,0.710452
27/04/2024,13:00:00,0.576095,0.185378,0,0.761473
27/04/2024,14:00:00,0.560313,0.185224,0,0.745537
27/04/2024,15:00:00,0.544963,0.185069,0,0.730032
27/04/2024,16:00:00,0.530033,0.184915,0,0.714948
27/04/2024,17:00:00,0.515513,0.184761,0,0.700274
27/04/2024,18:00:00,0.50139,0.184607,0,0.685997
27/04/2024,19:00:00,0.487654,0.184453,0,0.672107
27/04/2024,20:00:00,0.720856,0.186174,0,0.90703
27/04/2024,21:00:00,0.708417,0.186075,0,0.894492
27/04/2024,22:00:00,1.062818,0.188761,0,1.251579
27/04/2024,23:00:00,1.142066,0.189428,0,1.331494
28/04/2024,00:00:00,1.110779,0.18927,0,1.300049
28/04/2024,01:00:00,1.080348,0.189112,0,1.26946
28/04/2024,02:00:00,1.050752,0.188955,0,1.239707
28/04/2024,03:00:00,1.022245,0.188799,0,1.211044
28/04/2024,04:00:00,0.994241,0.188642,0,1.182883
28/04/2024,05:00:00,0.967003,0.188485,0,1.155488
28/04/2024,06:00:00,0.940511,0.188328,0,1.128839
28/04/2024,07:00:00,0.914745,0.188171,0,1.102916
28/04/2024,08:00:00,0.889685,0.188014,0,1.077699
28/04/2024,09:00:00,0.865312,0.187858,0,1.05317
28/04/2024,10:00:00,0.841606,0.187701,0,1.029307
28/04/2024,11:00:00,0.81855,0.187545,0,1.006095
28/04/2024,12:00:00,0.796126,0.187389,0,0.983515
28/04/2024,13:00:00,0.774315,0.187232,0,0.961547
28/04/2024,14:00:00,0.753102,0.187077,0,0.940179
28/04/2024,15:00:00,0.732471,0.186921,0,0.919392
28/04/2024,16:00:00,0.712404,0.186765,0,0.899169
28/04/2024,17:00:00,0.692888,0.186609,0,0.879497
28/04/2024,18:00:00,0.673906,0.186454,0,0.86036
28/04/2024,19:00:00,0.655444,0.186299,0,0.841743
28/04/2024,20:00:00,0.637487,0.186143,0,0.82363
28/04/2024,21:00:00,0.620023,0.185988,0,0.806011
28/04/2024,22:00:00,0.603037,0.185833,0,0.78887
28/04/2024,23:00:00,0.586517,0.185679,0,0.772196
29/04/2024,00:00:00,0.570449,0.185524,0,0.755973
29/04/2024,01:00:00,0.554821,0.185369,0,0.74019
29/04/2024,02:00:00,0.539622,0.185215,0,0.724837
29/04/2024,03:00:00,0.524838,0.185061,0,0.709899
29/04/2024,04:00:00,0.51046,0.184907,0,0.695367
29/04/2024,05:00:00,0.496476,0.184753,0,0.681229
29/04/2024,06:00:00,0.482875,0.184599,0,0.667474
29/04/2024,07:00:00,0.469646,0.184445,0,0.654091
29/04/2024,08:00:00,0.45678,0.184291,0,0.641071
29/04/2024,09:00:00,0.444266,0.184138,0,0.628404
29/04/2024,10:00:00,0.432095,0.183984,0,0.616079
29/04/2024,11:00:00,0.420258,0.183831,0,0.604089
29/04/2024,12:00:00,0.408744,0.183678,0,0.592422
29/04/2024,13:00:00,0.397547,0.183525,0,0.581072
29/04/2024,14:00:00,0.386656,0.183372,0,0.570028
29/04/2024,15:00:00,0.376063,0.183219,0,0.559282
29/04/2024,16:00:00,0.365761,0.183067,0,0.548828
29/04/2024,17:00:00,0.35574,0.182914,0,0.538654
29/04/2024,18:00:00,0.345995,0.182762,0,0.528757
29/04/2024,19:00:00,0.336516,0.18261,0,0.519126
29/04/2024,20:00:00,0.327297,0.182458,0,0.509755
29/04/2024,21:00:00,0.31833,0.182306,0,0.500636
29/04/2024,22:00:00,0.30961,0.182154,0,0.491764
29/04/2024,23:00:00,0.301128,0.182002,0,0.48313
30/04/2024,00:00:00,0.292878,0.18185,0.076175,0.474728
30/04/2024,01:00:00,0.284855,0.181699,0.079989,0.466554
30/04/2024,02:00:00,0.277051,0.181548,0.041902,0.458599
30/04/2024,03:00:00,0.269461,0.181396,0.001967,0.450857
30/04/2024,04:00:00,0.262079,0.181245,0,0.443324
30/04/2024,05:00:00,0.254899,0.181094,0,0.435993
30/04/2024,06:00:00,0.247916,0.180943,0,0.428859
30/04/2024,07:00:00,0.241124,0.180793,0,0.421917
30/04/2024,08:00:00,0.234519,0.180642,0,0.415161
30/04/2024,09:00:00,0.228094,0.180492,0,0.408586
30/04/2024,10:00:00,0.221845,0.180341,0,0.402186
30/04/2024,11:00:00,0.215767,0.180191,0,0.395958
30/04/2024,12:00:00,0.209856,0.180041,0,0.389897
30/04/2024,13:00:00,0.204107,0.179891,0,0.383998
30/04/2024,14:00:00,0.198516,0.179741,0,0.378257
30/04/2024,15:00:00,0.193077,0.179591,0,0.372668
30/04/2024,16:00:00,0.187788,0.179442,0,0.36723
30/04/2024,17:00:00,0.182643,0.179292,0,0.361935
30/04/2024,18:00:00,0.17764,0.179143,0,0.356783
30/04/2024,19:00:00,0.172773,0.178994,0,0.351767
30/04/2024,20:00:00,0.16804,0.178845,0.028551,0.346885
30/04/2024,21:00:00,0.163436,0.178696,0.001431,0.342132
30/04/2024,22:00:00,0.158959,0.178547,0,0.337506
30/04/2024,23:00:00,0.154604,0.178398,1.122832,0.333002
01/05/2024,00:00:00,0.150369,0.17825,0.590026,0.328619
01/05/2024,01:00:00,0.146249,0.178101,0.02712,0.32435
01/05/2024,02:00:00,0.142243,0.177953,0,0.320196
01/05/2024,03:00:00,0.138346,0.177804,0,0.31615
01/05/2024,04:00:00,0.134556,0.177656,0,0.312212
01/05/2024,05:00:00,0.13087,0.177508,0,0.308378
01/05/2024,06:00:00,0.127284,0.17736,0,0.304644
01/05/2024,07:00:00,0.123797,0.177213,0,0.30101
01/05/2024,08:00:00,0.120406,0.177065,0,0.297471
01/05/2024,09:00:00,0.117107,0.176918,0,0.294025
01/05/2024,10:00:00,0.113899,0.17677,0,0.290669
01/05/2024,11:00:00,0.110779,0.176623,0,0.287402
01/05/2024,12:00:00,0.107744,0.176476,0,0.28422
01/05/2024,13:00:00,0.104792,0.176329,0,0.281121
01/05/2024,14:00:00,0.101921,0.176182,0,0.278103
01/05/2024,15:00:00,0.298921,0.177554,0,0.476475
01/05/2024,16:00:00,0.377349,0.178064,0,0.555413
01/05/2024,17:00:00,0.367012,0.177916,0,0.544928
01/05/2024,18:00:00,0.356957,0.177768,0.294983,0.534725
01/05/2024,19:00:00,0.347178,0.17762,0.01502,0.524798
01/05/2024,20:00:00,0.337667,0.177472,0,0.515139
01/05/2024,21:00:00,0.328416,0.177324,0,0.50574
01/05/2024,22:00:00,0.319419,0.177176,0,0.496595
01/05/2024,23:00:00,0.310669,0.177029,0,0.487698
02/05/2024,00:00:00,0.302158,0.176881,0,0.479039
02/05/2024,01:00:00,0.29388,0.176734,0,0.470614
02/05/2024,02:00:00,0.285829,0.176587,0,0.462416
02/05/2024,03:00:00,0.277998,0.17644,0,0.454438
02/05/2024,04:00:00,0.270383,0.176293,0,0.446676
02/05/2024,05:00:00,0.262975,0.176146,0,0.439121
02/05/2024,06:00:00,0.255771,0.175999,0,0.43177
02/05/2024,07:00:00,0.248764,0.175853,0,0.424617
02/05/2024,08:00:00,0.241949,0.175706,0,0.417655
02/05/2024,09:00:00,0.235321,0.17556,0,0.410881
02/05/2024,10:00:00,0.260211,0.175652,0,0.435863
02/05/2024,11:00:00,0.253082,0.175505,0,0.428587
02/05/2024,12:00:00,0.246149,0.175359,0,0.421508
02/05/2024,13:00:00,0.239405,0.175213,0,0.414618
02/05/2024,14:00:00,0.232847,0.175067,0,0.407914
02/05/2024,15:00:00,0.226468,0.174921,0,0.401389
02/05/2024,16:00:00,0.220264,0.174776,0,0.39504
02/05/2024,17:00:00,0.214229,0.17463,0,0.388859
02/05/2024,18:00:00,0.208361,0.174485,0,0.382846
02/05/2024,19:00:00,0.202652,0.174339,0.618517,0.376991
02/05/2024,20:00:00,0.197101,0.174194,3.742635,0.371295
02/05/2024,21:00:00,0.191701,0.174049,2.234757,0.36575
02/05/2024,22:00:00,0.186449,0.173904,0.332475,0.360353
02/05/2024,23:00:00,0.181341,0.173759,0.363708,0.3551
03/05/2024,00:00:00,0.176373,0.173614,0.531793,0.349987
03/05/2024,01:00:00,0.171542,0.17347,0.092745,0.345012
03/05/2024,02:00:00,0.166842,0.173325,0.003397,0.340167
03/05/2024,03:00:00,0.162271,0.173181,0,0.335452
03/05/2024,04:00:00,0.157826,0.173037,0.142753,0.330863
03/05/2024,05:00:00,0.153502,0.172892,1.548767,0.326394
03/05/2024,06:00:00,0.149297,0.172748,0.982463,0.322045
03/05/2024,07:00:00,0.145207,0.172604,0.302911,0.317811
03/05/2024,08:00:00,0.141229,0.172461,0.041664,0.31369
03/05/2024,09:00:00,0.13736,0.172317,0.001431,0.309677
03/05/2024,10:00:00,0.133597,0.172174,0.066638,0.305771
03/05/2024,11:00:00,0.247952,0.172927,0.374496,0.420879
03/05/2024,12:00:00,1.017884,0.178687,0.989497,1.196571
03/05/2024,13:00:00,1.453387,0.182061,0.077903,1.635448
03/05/2024,14:00:00,1.475135,0.182377,0.00149,1.657512
03/05/2024,15:00:00,1.503835,0.182751,0,1.686586
03/05/2024,16:00:00,1.567877,0.183398,0,1.751275
03/05/2024,17:00:00,1.536582,0.183334,0,1.719916
03/05/2024,18:00:00,1.494486,0.183181,0,1.677667
03/05/2024,19:00:00,1.453544,0.183029,0,1.636573
03/05/2024,20:00:00,1.43539,0.183041,0,1.618431
03/05/2024,21:00:00,1.71734,0.185331,0,1.902671
03/05/2024,22:00:00,1.871151,0.186703,0,2.057854
03/05/2024,23:00:00,1.875342,0.186969,0,2.062311
04/05/2024,00:00:00,1.823966,0.186813,0,2.010779
04/05/2024,01:00:00,1.773997,0.186658,0,1.960655
04/05/2024,02:00:00,1.72963,0.186535,0,1.916165
04/05/2024,03:00:00,1.752214,0.186911,0,1.939125
04/05/2024,04:00:00,1.905972,0.188289,0,2.094261
04/05/2024,05:00:00,1.859801,0.188178,0,2.047979
04/05/2024,06:00:00,1.808851,0.188021,0,1.996872
04/05/2024,07:00:00,1.759296,0.187865,0,1.947161
04/05/2024,08:00:00,1.711099,0.187708,0,1.898807
04/05/2024,09:00:00,1.664223,0.187552,0,1.851775
04/05/2024,10:00:00,1.618631,0.187396,0,1.806027
04/05/2024,11:00:00,1.574287,0.18724,0,1.761527
04/05/2024,12:00:00,1.531159,0.187084,0,1.718243
04/05/2024,13:00:00,1.489212,0.186928,1.370251,1.67614
04/05/2024,14:00:00,1.448414,0.186772,2.857804,1.635186
04/05/2024,15:00:00,1.408734,0.186616,0.141919,1.59535
04/05/2024,16:00:00,1.370141,0.186461,0.418723,1.556602
04/05/2024,17:00:00,1.332605,0.186306,1.039445,1.518911
04/05/2024,18:00:00,1.296098,0.18615,0.299275,1.482248
04/05/2024,19:00:00,1.260591,0.185995,0.050604,1.446586
04/05/2024,20:00:00,1.226056,0.185841,0.001967,1.411897
04/05/2024,21:00:00,1.192468,0.185686,0,1.378154
04/05/2024,22:00:00,1.1598,0.185531,0,1.345331
04/05/2024,23:00:00,1.128026,0.185376,0.038087,1.313402
05/05/2024,00:00:00,1.097123,0.185222,4.169762,1.282345
05/05/2024,01:00:00,1.067067,0.185068,0.212133,1.252135
05/05/2024,02:00:00,1.037834,0.184914,0,1.222748
05/05/2024,03:00:00,1.009402,0.18476,0,1.194162
05/05/2024,04:00:00,0.981749,0.184606,0.057101,1.166355
05/05/2024,05:00:00,1.226796,0.186519,0.031471,1.413315
05/05/2024,06:00:00,1.785245,0.190864,0.001431,1.976109
05/05/2024,07:00:00,1.744455,0.190767,0,1.935222
05/05/2024,08:00:00,1.76383,0.191119,0,1.954949
05/05/2024,09:00:00,1.916138,0.192484,0,2.108622
05/05/2024,10:00:00,1.903933,0.19263,0,2.096563
05/05/2024,11:00:00,1.851774,0.19247,0,2.044244
05/05/2024,12:00:00,1.801044,0.19231,0,1.993354
05/05/2024,13:00:00,1.751703,0.192149,0,1.943852
05/05/2024,14:00:00,1.703714,0.191989,0,1.895703
05/05/2024,15:00:00,1.65704,0.191829,0,1.848869
05/05/2024,16:00:00,2.487814,0.19833,0,2.686144
05/05/2024,17:00:00,2.438836,0.19831,0,2.637146
05/05/2024,18:00:00,2.372023,0.198145,0,2.570168
05/05/2024,19:00:00,2.30704,0.19798,0,2.50502
05/05/2024,20:00:00,2.243837,0.197815,0,2.441652
05/05/2024,21:00:00,2.182366,0.19765,0,2.380016
05/05/2024,22:00:00,2.122579,0.197486,0,2.320065
05/05/2024,23:00:00,2.06443,0.197321,0,2.261751
06/05/2024,00:00:00,2.007874,0.197157,0,2.205031
06/05/2024,01:00:00,1.952867,0.196993,0,2.14986
06/05/2024,02:00:00,1.899367,0.196828,0,2.096195
06/05/2024,03:00:00,1.847333,0.196664,0,2.043997
06/05/2024,04:00:00,1.796724,0.196501,0,1.993225
06/05/2024,05:00:00,1.747502,0.196337,0,1.943839
06/05/2024,06:00:00,1.699628,0.196173,0,1.895801
06/05/2024,07:00:00,1.653066,0.19601,0,1.849076
06/05/2024,08:00:00,1.60778,0.195847,0,1.803627
06/05/2024,09:00:00,1.563734,0.195684,0,1.759418
06/05/2024,10:00:00,1.520895,0.195521,0,1.716416
06/05/2024,11:00:00,1.479229,0.195358,0,1.674587
06/05/2024,12:00:00,1.438704,0.195195,0,1.633899
06/05/2024,13:00:00,1.39929,0.195032,0,1.594322
06/05/2024,14:00:00,1.360956,0.19487,0,1.555826
06/05/2024,15:00:00,1.323672,0.194708,0,1.51838
06/05/2024,16:00:00,1.287409,0.194545,0,1.481954
06/05/2024,17:00:00,1.25214,0.194383,1.712859,1.446523
06/05/2024,18:00:00,1.217837,0.194221,0.58198,1.412058
06/05/2024,19:00:00,1.184474,0.19406,0.053704,1.378534
06/05/2024,20:00:00,1.152025,0.193898,0.00149,1.345923
06/05/2024,21:00:00,1.120464,0.193737,0.133216,1.314201
06/05/2024,22:00:00,1.089768,0.193575,0.035286,1.283343
06/05/2024,23:00:00,1.059914,0.193414,0.829339,1.253328
07/05/2024,00:00:00,1.030877,0.193253,0.641644,1.22413
07/05/2024,01:00:00,1.002635,0.193092,0.439644,1.195727
07/05/2024,02:00:00,0.975168,0.192931,0.829697,1.168099
07/05/2024,03:00:00,0.948452,0.19277,0.545502,1.141222
07/05/2024,04:00:00,0.922469,0.19261,1.119971,1.115079
07/05/2024,05:00:00,0.897198,0.192449,0.122309,1.089647
07/05/2024,06:00:00,0.872618,0.192289,0.031888,1.064907
07/05/2024,07:00:00,0.848713,0.192129,0.00149,1.040842
07/05/2024,08:00:00,0.825462,0.191969,0,1.017431
07/05/2024,09:00:00,1.144856,0.194409,0,1.339265
07/05/2024,10:00:00,1.211255,0.19499,0,1.406245
07/05/2024,11:00:00,1.178072,0.194827,0,1.372899
07/05/2024,12:00:00,1.145798,0.194665,0,1.340463
07/05/2024,13:00:00,1.114408,0.194503,0,1.308911
07/05/2024,14:00:00,1.083878,0.194341,0,1.278219
07/05/2024,15:00:00,1.201215,0.195297,0,1.396512
07/05/2024,16:00:00,1.275078,0.195946,0,1.471024
07/05/2024,17:00:00,1.304352,0.19627,0,1.500622
07/05/2024,18:00:00,1.41843,0.197246,0,1.615676
07/05/2024,19:00:00,1.468973,0.197761,0,1.666734
07/05/2024,20:00:00,1.644125,0.199234,0,1.843359
07/05/2024,21:00:00,1.599107,0.199068,0,1.798175
07/05/2024,22:00:00,1.555299,0.198902,0,1.754201
07/05/2024,23:00:00,1.51269,0.198736,0,1.711426
08/05/2024,00:00:00,1.471249,0.198571,0,1.66982
08/05/2024,01:00:00,1.430944,0.198405,0,1.629349
08/05/2024,02:00:00,1.391742,0.19824,0,1.589982
08/05/2024,03:00:00,1.353615,0.198075,0,1.55169
08/05/2024,04:00:00,1.316532,0.19791,0,1.514442
08/05/2024,05:00:00,1.280465,0.197745,0,1.47821
08/05/2024,06:00:00,1.245386,0.19758,0,1.442966
08/05/2024,07:00:00,1.211268,0.197416,0,1.408684
08/05/2024,08:00:00,1.178084,0.197251,0,1.375335
08/05/2024,09:00:00,1.14581,0.197087,0,1.342897
08/05/2024,10:00:00,1.11442,0.196923,0,1.311343
08/05/2024,11:00:00,1.08389,0.196759,0,1.280649
08/05/2024,12:00:00,1.054196,0.196595,0,1.250791
08/05/2024,13:00:00,1.025316,0.196431,0,1.221747
08/05/2024,14:00:00,0.997227,0.196268,0,1.193495
08/05/2024,15:00:00,0.969907,0.196104,0,1.166011
08/05/2024,16:00:00,0.943336,0.195941,0,1.139277
08/05/2024,17:00:00,0.917493,0.195777,0,1.11327
08/05/2024,18:00:00,0.892358,0.195614,0,1.087972
08/05/2024,19:00:00,0.867911,0.195451,0,1.063362
08/05/2024,20:00:00,0.844134,0.195289,0,1.039423
08/05/2024,21:00:00,0.821009,0.195126,0,1.016135
08/05/2024,22:00:00,0.798517,0.194963,0,0.99348
08/05/2024,23:00:00,0.776641,0.194801,0,0.971442
09/05/2024,00:00:00,0.755365,0.194639,0,0.950004
09/05/2024,01:00:00,0.734671,0.194477,0,0.929148
09/05/2024,02:00:00,0.714544,0.194315,0,0.908859
09/05/2024,03:00:00,0.694969,0.194153,0,0.889122
09/05/2024,04:00:00,0.67593,0.193991,0,0.869921
09/05/2024,05:00:00,0.657413,0.193829,0,0.851242
09/05/2024,06:00:00,0.639402,0.193668,0,0.83307
09/05/2024,07:00:00,0.621886,0.193507,0,0.815393
09/05/2024,08:00:00,0.604849,0.193345,0,0.798194
09/05/2024,09:00:00,0.588279,0.193184,0,0.781463
09/05/2024,10:00:00,0.572162,0.193024,0,0.765186
09/05/2024,11:00:00,0.556488,0.192863,0,0.749351
09/05/2024,12:00:00,0.541242,0.192702,0,0.733944
09/05/2024,13:00:00,0.526415,0.192542,0,0.718957
09/05/2024,14:00:00,0.511993,0.192381,0,0.704374
09/05/2024,15:00:00,0.497967,0.192221,0,0.690188
09/05/2024,16:00:00,0.484325,0.192061,0,0.676386
09/05/2024,17:00:00,0.471057,0.191901,0,0.662958
09/05/2024,18:00:00,0.458152,0.191741,0,0.649893
09/05/2024,19:00:00,0.4456,0.191581,0,0.637181
09/05/2024,20:00:00,0.433393,0.191422,0,0.624815
09/05/2024,21:00:00,0.42152,0.191262,0,0.612782
09/05/2024,22:00:00,0.409972,0.191103,0,0.601075
09/05/2024,23:00:00,0.398741,0.190944,0,0.589685
10/05/2024,00:00:00,0.387817,0.190785,0,0.578602
10/05/2024,01:00:00,0.377193,0.190626,0,0.567819
10/05/2024,02:00:00,0.366859,0.190467,0,0.557326
10/05/2024,03:00:00,0.356809,0.190308,0,0.547117
10/05/2024,04:00:00,0.347034,0.19015,0,0.537184
10/05/2024,05:00:00,0.337527,0.189991,0,0.527518
10/05/2024,06:00:00,0.32828,0.189833,0,0.518113
10/05/2024,07:00:00,0.319287,0.189675,0,0.508962
10/05/2024,08:00:00,0.31054,0.189517,0,0.500057
10/05/2024,09:00:00,0.302032,0.189359,0,0.491391
10/05/2024,10:00:00,0.293758,0.189201,0,0.482959
10/05/2024,11:00:00,0.28571,0.189044,0,0.474754
10/05/2024,12:00:00,0.277883,0.188886,0,0.466769
10/05/2024,13:00:00,0.27027,0.188729,0,0.458999
10/05/2024,14:00:00,0.262866,0.188572,0,0.451438
10/05/2024,15:00:00,0.255665,0.188415,0,0.44408
10/05/2024,16:00:00,0.248661,0.188258,0,0.436919
10/05/2024,17:00:00,0.241849,0.188101,0,0.42995
10/05/2024,18:00:00,0.235223,0.187944,0,0.423167
10/05/2024,19:00:00,0.228779,0.187788,0,0.416567
10/05/2024,20:00:00,0.222511,0.187631,0,0.410142
10/05/2024,21:00:00,0.216416,0.187475,0,0.403891
10/05/2024,22:00:00,0.210487,0.187319,0,0.397806
10/05/2024,23:00:00,0.20472,0.187163,0,0.391883
11/05/2024,00:00:00,0.199112,0.187007,0,0.386119
11/05/2024,01:00:00,0.193657,0.186851,0,0.380508
11/05/2024,02:00:00,0.188352,0.186695,0,0.375047
11/05/2024,03:00:00,0.183192,0.18654,0,0.369732
11/05/2024,04:00:00,0.178173,0.186385,0,0.364558
11/05/2024,05:00:00,0.173292,0.186229,0,0.359521
11/05/2024,06:00:00,0.168545,0.186074,0,0.354619
11/05/2024,07:00:00,0.163927,0.185919,0,0.349846
11/05/2024,08:00:00,0.159436,0.185764,0,0.3452
11/05/2024,09:00:00,0.155069,0.18561,0,0.340679
11/05/2024,10:00:00,0.15082,0.185455,0,0.336275
11/05/2024,11:00:00,0.146689,0.1853,0,0.331989
11/05/2024,12:00:00,0.14267,0.185146,0,0.327816
11/05/2024,13:00:00,0.138761,0.184992,0,0.323753
11/05/2024,14:00:00,0.13496,0.184838,0,0.319798
11/05/2024,15:00:00,0.131263,0.184684,0,0.315947
11/05/2024,16:00:00,0.127667,0.18453,0,0.312197
11/05/2024,17:00:00,0.124169,0.184376,0,0.308545
11/05/2024,18:00:00,0.120768,0.184223,0,0.304991
11/05/2024,19:00:00,0.117459,0.184069,0,0.301528
11/05/2024,20:00:00,0.114241,0.183916,0,0.298157
11/05/2024,21:00:00,0.111111,0.183763,0,0.294874
11/05/2024,22:00:00,0.108068,0.18361,0,0.291678
11/05/2024,23:00:00,0.105107,0.183457,0,0.288564
12/05/2024,00:00:00,0.102227,0.183304,0,0.285531
12/05/2024,01:00:00,0.099427,0.183151,0,0.282578
12/05/2024,02:00:00,0.096703,0.182999,0,0.279702
12/05/2024,03:00:00,0.094054,0.182846,0,0.2769
12/05/2024,04:00:00,0.091477,0.182694,0,0.274171
12/05/2024,05:00:00,0.088971,0.182542,0,0.271513
12/05/2024,06:00:00,0.086534,0.18239,0,0.268924
12/05/2024,07:00:00,0.084163,0.182238,0,0.266401
12/05/2024,08:00:00,0.081857,0.182086,0,0.263943
12/05/2024,09:00:00,0.079615,0.181934,0,0.261549
12/05/2024,10:00:00,0.077434,0.181783,0,0.259217
12/05/2024,11:00:00,0.075312,0.181631,0,0.256943
12/05/2024,12:00:00,0.073249,0.18148,0,0.254729
12/05/2024,13:00:00,0.071242,0.181329,0,0.252571
12/05/2024,14:00:00,0.069291,0.181178,0,0.250469
12/05/2024,15:00:00,0.067393,0.181027,0,0.24842
12/05/2024,16:00:00,0.065546,0.180876,0,0.246422
12/05/2024,17:00:00,0.063751,0.180725,0,0.244476
12/05/2024,18:00:00,0.062004,0.180575,0,0.242579
12/05/2024,19:00:00,0.060305,0.180424,0,0.240729
12/05/2024,20:00:00,0.058653,0.180274,0.209332,0.238927
12/05/2024,21:00:00,0.057047,0.180124,0.010669,0.237171
12/05/2024,22:00:00,0.055484,0.179974,0,0.235458
12/05/2024,23:00:00,0.053964,0.179824,0,0.233788
13/05/2024,00:00:00,0.052485,0.179674,0,0.232159
13/05/2024,01:00:00,0.051047,0.179525,0,0.230572
13/05/2024,02:00:00,0.049649,0.179375,0,0.229024
13/05/2024,03:00:00,0.048289,0.179226,0,0.227515
13/05/2024,04:00:00,0.046966,0.179076,0,0.226042
13/05/2024,05:00:00,0.045679,0.178927,0,0.224606
13/05/2024,06:00:00,0.044428,0.178778,0,0.223206
13/05/2024,07:00:00,0.043211,0.178629,0,0.22184
13/05/2024,08:00:00,0.042027,0.17848,0,0.220507
13/05/2024,09:00:00,0.040876,0.178332,0,0.219208
13/05/2024,10:00:00,0.039756,0.178183,0,0.217939
13/05/2024,11:00:00,0.038667,0.178035,0,0.216702
13/05/2024,12:00:00,0.048824,0.177972,0,0.226796
13/05/2024,13:00:00,0.047487,0.177823,0,0.22531
13/05/2024,14:00:00,0.046186,0.177675,0,0.223861
13/05/2024,15:00:00,0.044921,0.177527,0,0.222448
13/05/2024,16:00:00,0.04369,0.177379,0,0.221069
13/05/2024,17:00:00,0.042493,0.177232,0,0.219725
13/05/2024,18:00:00,0.041329,0.177084,0,0.218413
13/05/2024,19:00:00,0.040197,0.176937,0.923038,0.217134
13/05/2024,20:00:00,0.039096,0.176789,0.046968,0.215885
13/05/2024,21:00:00,0.038025,0.176642,0,0.214667
13/05/2024,22:00:00,0.036983,0.176495,0,0.213478
13/05/2024,23:00:00,0.03597,0.176348,0,0.212318
14/05/2024,00:00:00,0.034984,0.176201,0,0.211185
14/05/2024,01:00:00,0.034026,0.176054,0,0.21008
14/05/2024,02:00:00,0.033094,0.175907,0,0.209001
14/05/2024,03:00:00,0.032187,0.175761,0,0.207948
14/05/2024,04:00:00,0.031305,0.175614,0,0.206919
14/05/2024,05:00:00,0.030448,0.175468,0,0.205916
14/05/2024,06:00:00,0.029614,0.175322,0,0.204936
14/05/2024,07:00:00,0.028802,0.175176,0,0.203978
14/05/2024,08:00:00,0.028013,0.17503,0,0.203043
14/05/2024,09:00:00,0.027246,0.174884,0,0.20213
14/05/2024,10:00:00,0.026499,0.174739,0,0.201238
14/05/2024,11:00:00,0.166759,0.175665,0,0.342424
14/05/2024,12:00:00,0.162191,0.175518,0,0.337709
14/05/2024,13:00:00,0.157747,0.175372,0,0.333119
14/05/2024,14:00:00,0.153426,0.175226,0,0.328652
14/05/2024,15:00:00,0.149223,0.17508,0,0.324303
14/05/2024,16:00:00,0.145135,0.174934,0,0.320069
14/05/2024,17:00:00,0.141158,0.174789,0,0.315947
14/05/2024,18:00:00,0.137291,0.174643,0,0.311934
14/05/2024,19:00:00,0.13353,0.174498,0,0.308028
14/05/2024,20:00:00,0.129872,0.174352,0,0.304224
14/05/2024,21:00:00,0.126314,0.174207,0,0.300521
14/05/2024,22:00:00,0.122854,0.174062,0,0.296916
14/05/2024,23:00:00,0.119488,0.173917,0,0.293405
15/05/2024,00:00:00,0.116215,0.173772,0,0.289987
15/05/2024,01:00:00,0.113031,0.173627,0,0.286658
15/05/2024,02:00:00,0.109934,0.173483,0,0.283417
15/05/2024,03:00:00,0.106923,0.173338,0,0.280261
15/05/2024,04:00:00,0.103993,0.173194,0,0.277187
15/05/2024,05:00:00,0.101144,0.173049,0,0.274193
15/05/2024,06:00:00,0.098374,0.172905,0,0.271279
15/05/2024,07:00:00,0.095679,0.172761,0,0.26844
15/05/2024,08:00:00,0.093057,0.172617,0,0.265674
15/05/2024,09:00:00,0.090508,0.172474,0.038028,0.262982
15/05/2024,10:00:00,0.088029,0.17233,0.315964,0.260359
15/05/2024,11:00:00,0.085617,0.172186,0.054061,0.257803
15/05/2024,12:00:00,0.083271,0.172043,1.695693,0.255314
15/05/2024,13:00:00,0.08099,0.1719,0.314593,0.25289
15/05/2024,14:00:00,0.078771,0.171756,0.316143,0.250527
15/05/2024,15:00:00,0.076613,0.171613,0.396132,0.248226
15/05/2024,16:00:00,0.074515,0.17147,0.580788,0.245985
15/05/2024,17:00:00,0.072473,0.171328,0.666142,0.243801
15/05/2024,18:00:00,0.070488,0.171185,0.603378,0.241673
15/05/2024,19:00:00,0.068557,0.171042,0.304997,0.239599
15/05/2024,20:00:00,0.066679,0.1709,0.052154,0.237579
15/05/2024,21:00:00,0.064852,0.170757,0.030458,0.235609
15/05/2024,22:00:00,0.063075,0.170615,0.001431,0.23369
15/05/2024,23:00:00,0.061347,0.170473,0,0.23182
16/05/2024,00:00:00,0.059667,0.170331,0,0.229998
16/05/2024,01:00:00,0.058032,0.170189,0.409186,0.228221
16/05/2024,02:00:00,0.10818,0.170441,2.247512,0.278621
16/05/2024,03:00:00,0.105216,0.170299,3.415287,0.275515
16/05/2024,04:00:00,0.42492,0.172609,1.062512,0.597529
16/05/2024,05:00:00,0.463023,0.172843,1.815438,0.635866
16/05/2024,06:00:00,0.499766,0.173075,0.090063,0.672841
16/05/2024,07:00:00,0.550712,0.173422,0,0.724134
16/05/2024,08:00:00,0.636243,0.174043,4.09174,0.810286
16/05/2024,09:00:00,0.735825,0.174787,0.703096,0.910612
16/05/2024,10:00:00,0.81972,0.175433,0.025213,0.995153
16/05/2024,11:00:00,0.841463,0.175622,0,1.017085
16/05/2024,12:00:00,0.818411,0.175476,0,0.993887
16/05/2024,13:00:00,0.79599,0.17533,0,0.97132
16/05/2024,14:00:00,0.774183,0.175184,0,0.949367
16/05/2024,15:00:00,0.752974,0.175038,0,0.928012
16/05/2024,16:00:00,0.732346,0.174892,0,0.907238
16/05/2024,17:00:00,0.774842,0.175222,0,0.950064
16/05/2024,18:00:00,1.182843,0.178339,0,1.361182
16/05/2024,19:00:00,1.816826,0.183256,0,2.000082
16/05/2024,20:00:00,1.963319,0.184595,0,2.147914
16/05/2024,21:00:00,2.258932,0.187097,0,2.446029
16/05/2024,22:00:00,2.198306,0.186951,0,2.385257
16/05/2024,23:00:00,2.138082,0.186795,0,2.324877
17/05/2024,00:00:00,2.895169,0.19284,0,3.088009
17/05/2024,01:00:00,2.943675,0.193651,0,3.137326
17/05/2024,02:00:00,2.863031,0.193489,0,3.05652
17/05/2024,03:00:00,2.784597,0.193328,0,2.977925
17/05/2024,04:00:00,2.708312,0.193167,0,2.901479
17/05/2024,05:00:00,2.634116,0.193006,0,2.827122
17/05/2024,06:00:00,2.561953,0.192845,0,2.754798
17/05/2024,07:00:00,2.491767,0.192685,0,2.684452
17/05/2024,08:00:00,2.423504,0.192524,0,2.616028
17/05/2024,09:00:00,2.357111,0.192364,0,2.549475
17/05/2024,10:00:00,2.292536,0.192204,0,2.48474
17/05/2024,11:00:00,2.229731,0.192044,0,2.421775
17/05/2024,12:00:00,2.168647,0.191884,0,2.360531
17/05/2024,13:00:00,2.109235,0.191724,0,2.300959
17/05/2024,14:00:00,2.051452,0.191564,0,2.243016
17/05/2024,15:00:00,1.995251,0.191404,0.038028,2.186655
17/05/2024,16:00:00,1.94059,0.191245,3.77965,2.131835
17/05/2024,17:00:00,1.887427,0.191086,1.990736,2.078513
17/05/2024,18:00:00,1.83572,0.190927,0.120103,2.026647
17/05/2024,19:00:00,1.785429,0.190767,0.001431,1.976196
17/05/2024,20:00:00,1.736516,0.190609,0,1.927125
17/05/2024,21:00:00,1.688944,0.19045,0,1.879394
17/05/2024,22:00:00,1.642674,0.190291,0,1.832965
17/05/2024,23:00:00,1.597672,0.190133,0,1.787805
18/05/2024,00:00:00,1.553903,0.189974,0,1.743877
18/05/2024,01:00:00,1.511333,0.189816,0,1.701149
18/05/2024,02:00:00,1.469929,0.189658,0,1.659587
18/05/2024,03:00:00,1.42966,0.1895,0.095189,1.61916
18/05/2024,04:00:00,1.390494,0.189342,0.128567,1.579836
18/05/2024,05:00:00,1.3524,0.189184,0.006258,1.541584
18/05/2024,06:00:00,1.315351,0.189027,0,1.504378
18/05/2024,07:00:00,1.279316,0.188869,0,1.468185
18/05/2024,08:00:00,1.995767,0.194424,0,2.190191
18/05/2024,09:00:00,2.329527,0.197215,0,2.526742
18/05/2024,10:00:00,2.269535,0.19708,0,2.466615
18/05/2024,11:00:00,2.20736,0.196916,0,2.404276
18/05/2024,12:00:00,2.146888,0.196752,0,2.34364
18/05/2024,13:00:00,2.088073,0.196588,0,2.284661
18/05/2024,14:00:00,2.030869,0.196424,0,2.227293
18/05/2024,15:00:00,1.975232,0.19626,0,2.171492
18/05/2024,16:00:00,1.92112,0.196097,0,2.117217
18/05/2024,17:00:00,1.86849,0.195934,0.60904,2.064424
18/05/2024,18:00:00,1.817302,0.19577,0.364006,2.013072
18/05/2024,19:00:00,1.767516,0.195607,0.016987,1.963123
18/05/2024,20:00:00,1.721532,0.195463,0,1.916995
18/05/2024,21:00:00,1.674369,0.1953,0.047565,1.869669
18/05/2024,22:00:00,1.628499,0.195137,0.002444,1.823636
18/05/2024,23:00:00,1.583885,0.194975,0,1.77886
19/05/2024,00:00:00,1.540494,0.194812,0,1.735306
19/05/2024,01:00:00,1.498291,0.19465,0,1.692941
19/05/2024,02:00:00,1.457245,0.194488,0,1.651733
19/05/2024,03:00:00,1.417323,0.194326,0,1.611649
19/05/2024,04:00:00,1.378495,0.194164,0,1.572659
19/05/2024,05:00:00,1.34073,0.194002,0,1.534732
19/05/2024,06:00:00,1.304,0.193841,0,1.497841
19/05/2024,07:00:00,1.268276,0.193679,0,1.461955
19/05/2024,08:00:00,1.233531,0.193518,0,1.427049
19/05/2024,09:00:00,1.300764,0.194125,0,1.494889
19/05/2024,10:00:00,1.316221,0.194351,0,1.510572
19/05/2024,11:00:00,1.280162,0.19419,0,1.474352
19/05/2024,12:00:00,1.245092,0.194028,0,1.43912
19/05/2024,13:00:00,1.210982,0.193866,0.180781,1.404848
19/05/2024,14:00:00,1.177806,0.193705,28.546692,1.371511
19/05/2024,15:00:00,1.14554,0.193543,1.547635,1.339083
19/05/2024,16:00:00,1.114157,0.193382,0.004888,1.307539
19/05/2024,17:00:00,1.083634,0.193221,0,1.276855
19/05/2024,18:00:00,1.053947,0.19306,0,1.247007
19/05/2024,19:00:00,1.025074,0.192899,0,1.217973
19/05/2024,20:00:00,0.996991,0.192739,0,1.18973
19/05/2024,21:00:00,0.969678,0.192578,0,1.162256
19/05/2024,22:00:00,0.943113,0.192418,0,1.135531
19/05/2024,23:00:00,0.917276,0.192257,0,1.109533
20/05/2024,00:00:00,0.892147,0.192097,0,1.084244
20/05/2024,01:00:00,0.867706,0.191937,0,1.059643
20/05/2024,02:00:00,0.843935,0.191777,0.190318,1.035712
20/05/2024,03:00:00,0.820815,0.191618,0.009656,1.012433
20/05/2024,04:00:00,0.798328,0.191458,0.047565,0.989786
20/05/2024,05:00:00,0.786456,0.191374,0.002444,0.97783
20/05/2024,06:00:00,6.720698,0.236481,0.028551,6.957179
20/05/2024,07:00:00,6.842569,0.23861,0.087082,7.081179
20/05/2024,08:00:00,6.655113,0.238412,0.004351,6.893525
20/05/2024,09:00:00,6.472794,0.238213,0,6.711007
20/05/2024,10:00:00,6.295468,0.238015,0,6.533483
20/05/2024,11:00:00,6.123,0.237816,0.618517,6.360816
20/05/2024,12:00:00,5.955257,0.237618,0.031471,6.192875
20/05/2024,13:00:00,5.792109,0.23742,0,6.029529
20/05/2024,14:00:00,5.633432,0.237223,0,5.870655
20/05/2024,15:00:00,5.479101,0.237025,0,5.716126
20/05/2024,16:00:00,5.328999,0.236827,0,5.565826
20/05/2024,17:00:00,5.183008,0.23663,0,5.419638
20/05/2024,18:00:00,5.051799,0.236515,0,5.288314
20/05/2024,19:00:00,4.913403,0.236318,0,5.149721
20/05/2024,20:00:00,4.778797,0.236121,0,5.014918
20/05/2024,21:00:00,4.647879,0.235924,0,4.883803
20/05/2024,22:00:00,4.520548,0.235728,0,4.756276
20/05/2024,23:00:00,4.396706,0.235532,0,4.632238
21/05/2024,00:00:00,4.276256,0.235335,0,4.511591
21/05/2024,01:00:00,4.159105,0.235139,0,4.394244
21/05/2024,02:00:00,4.045164,0.234944,0,4.280108
21/05/2024,03:00:00,4.042492,0.23557,0,4.278062
21/05/2024,04:00:00,3.931746,0.235374,0,4.16712
21/05/2024,05:00:00,3.824033,0.235178,0,4.059211
21/05/2024,06:00:00,3.719272,0.234982,0,3.954254
21/05/2024,07:00:00,3.61738,0.234786,0,3.852166
21/05/2024,08:00:00,3.518281,0.23459,0,3.752871
21/05/2024,09:00:00,3.421895,0.234395,0,3.65629
21/05/2024,10:00:00,3.328151,0.2342,0,3.562351
21/05/2024,11:00:00,3.236974,0.234005,0,3.470979
21/05/2024,12:00:00,3.148296,0.23381,0,3.382106
21/05/2024,13:00:00,3.062047,0.233615,0,3.295662
21/05/2024,14:00:00,2.97816,0.23342,0,3.21158
21/05/2024,15:00:00,2.896572,0.233226,0.171304,3.129798
21/05/2024,16:00:00,2.817219,0.233032,0.037253,3.050251
21/05/2024,17:00:00,2.74004,0.232838,0.039518,2.972878
21/05/2024,18:00:00,2.664975,0.232644,0.744164,2.897619
21/05/2024,19:00:00,2.591966,0.23245,1.522243,2.824416
21/05/2024,20:00:00,2.520958,0.232256,2.625763,2.753214
21/05/2024,21:00:00,2.451895,0.232063,1.671314,2.683958
21/05/2024,22:00:00,2.384724,0.231869,0.620842,2.616593
21/05/2024,23:00:00,2.319393,0.231676,0.094235,2.551069
22/05/2024,00:00:00,2.255852,0.231483,0.031948,2.487335
22/05/2024,01:00:00,2.194052,0.23129,0.001431,2.425342
22/05/2024,02:00:00,2.133945,0.231098,0,2.365043
22/05/2024,03:00:00,2.075484,0.230905,0,2.306389
22/05/2024,04:00:00,2.018625,0.230713,0,2.249338
22/05/2024,05:00:00,1.963324,0.230521,0,2.193845
22/05/2024,06:00:00,1.909538,0.230329,0,2.139867
22/05/2024,07:00:00,1.875152,0.230273,0,2.105425
22/05/2024,08:00:00,1.823781,0.230081,0,2.053862
22/05/2024,09:00:00,1.773818,0.22989,0,2.003708
22/05/2024,10:00:00,1.865444,0.230764,0,2.096208
22/05/2024,11:00:00,2.121534,0.232907,0,2.354441
22/05/2024,12:00:00,2.609395,0.236863,0,2.846258
22/05/2024,13:00:00,2.879979,0.239266,0,3.119245
22/05/2024,14:00:00,2.916244,0.239942,0,3.156186
22/05/2024,15:00:00,2.837333,0.23975,0,3.077083
22/05/2024,16:00:00,2.759603,0.23955,0,2.999153
22/05/2024,17:00:00,2.684002,0.239351,0,2.923353
22/05/2024,18:00:00,2.610473,0.239151,0,2.849624
22/05/2024,19:00:00,2.538957,0.238952,0,2.777909
22/05/2024,20:00:00,2.469401,0.238753,0,2.708154
22/05/2024,21:00:00,2.401751,0.238554,0,2.640305
22/05/2024,22:00:00,2.335953,0.238355,0,2.574308
22/05/2024,23:00:00,2.271959,0.238157,0,2.510116
23/05/2024,00:00:00,2.209717,0.237958,0,2.447675
23/05/2024,01:00:00,2.149181,0.23776,0,2.386941
23/05/2024,02:00:00,2.090303,0.237562,0,2.327865
23/05/2024,03:00:00,2.033038,0.237364,0,2.270402
23/05/2024,04:00:00,1.977342,0.237167,0,2.214509
23/05/2024,05:00:00,1.923172,0.236969,0,2.160141
23/05/2024,06:00:00,1.870485,0.236772,0,2.107257
23/05/2024,07:00:00,1.819242,0.236574,0,2.055816
23/05/2024,08:00:00,1.769403,0.236377,0,2.00578
23/05/2024,09:00:00,1.72093,0.23618,0,1.95711
23/05/2024,10:00:00,1.673784,0.235984,0,1.909768
23/05/2024,11:00:00,1.62793,0.235787,0,1.863717
23/05/2024,12:00:00,1.583332,0.235591,0,1.818923
23/05/2024,13:00:00,1.539955,0.235394,0,1.775349
23/05/2024,14:00:00,1.497768,0.235198,0,1.732966
23/05/2024,15:00:00,1.456735,0.235002,0,1.691737
23/05/2024,16:00:00,1.416827,0.234807,0.73272,1.651634
23/05/2024,17:00:00,1.378013,0.234611,0.037313,1.612624
23/05/2024,18:00:00,1.340261,0.234416,0,1.574677
23/05/2024,19:00:00,1.303544,0.23422,0,1.537764
23/05/2024,20:00:00,1.267833,0.234025,0,1.501858
23/05/2024,21:00:00,1.2331,0.23383,0,1.46693
23/05/2024,22:00:00,1.199319,0.233636,0,1.432955
23/05/2024,23:00:00,1.166463,0.233441,0,1.399904
24/05/2024,00:00:00,1.134507,0.233247,0,1.367754
24/05/2024,01:00:00,1.103426,0.233052,0,1.336478
24/05/2024,02:00:00,1.073197,0.232858,0,1.306055
24/05/2024,03:00:00,1.043797,0.232664,0,1.276461
24/05/2024,04:00:00,1.015201,0.23247,0,1.247671
24/05/2024,05:00:00,0.987389,0.232277,0,1.219666
24/05/2024,06:00:00,0.960339,0.232083,0,1.192422
24/05/2024,07:00:00,0.93403,0.23189,0,1.16592
24/05/2024,08:00:00,1.055026,0.232811,0,1.287837
24/05/2024,09:00:00,1.026123,0.232617,0,1.25874
24/05/2024,10:00:00,0.998011,0.232423,0.333011,1.230434
24/05/2024,11:00:00,0.97067,0.23223,0.616431,1.2029
24/05/2024,12:00:00,0.944078,0.232036,0.963092,1.176114
24/05/2024,13:00:00,0.918215,0.231843,0.789642,1.150058
24/05/2024,14:00:00,0.89306,0.23165,1.208246,1.12471
24/05/2024,15:00:00,0.868594,0.231457,1.210928,1.100051
24/05/2024,16:00:00,0.844798,0.231264,2.275765,1.076062
24/05/2024,17:00:00,0.821655,0.231071,0.683784,1.052726
24/05/2024,18:00:00,0.799145,0.230879,0.029087,1.030024
24/05/2024,19:00:00,0.777252,0.230687,0,1.007939
24/05/2024,20:00:00,0.755959,0.230494,0.066578,0.986453
24/05/2024,21:00:00,0.735249,0.230302,0.212729,0.965551
24/05/2024,22:00:00,0.715106,0.230111,0.086784,0.945217
24/05/2024,23:00:00,0.695516,0.229919,0.251293,0.925435
25/05/2024,00:00:00,0.676462,0.229727,0.174344,0.906189
25/05/2024,01:00:00,0.65793,0.229536,0.008285,0.887466
25/05/2024,02:00:00,0.702051,0.229817,1.522481,0.931868
25/05/2024,03:00:00,0.805225,0.230556,4.169226,1.035781
25/05/2024,04:00:00,0.97964,0.231858,2.691865,1.211498
25/05/2024,05:00:00,1.111876,0.232874,0.307202,1.34475
25/05/2024,06:00:00,1.330469,0.234573,3.901124,1.565042
25/05/2024,07:00:00,1.543806,0.236276,7.049382,1.780082
25/05/2024,08:00:00,1.982528,0.239736,3.469825,2.222264
25/05/2024,09:00:00,2.064079,0.240569,0.387251,2.304648
25/05/2024,10:00:00,2.007533,0.240369,0.059187,2.247902
25/05/2024,11:00:00,1.952535,0.240168,0.002444,2.192703
25/05/2024,12:00:00,1.899206,0.23997,0,2.139176
25/05/2024,13:00:00,1.878613,0.240009,0.028551,2.118622
25/05/2024,14:00:00,1.830677,0.239836,0.001431,2.070513
25/05/2024,15:00:00,1.819351,0.239931,0,2.059282
25/05/2024,16:00:00,1.791347,0.239897,0,2.031244
25/05/2024,17:00:00,1.742272,0.239697,0,1.981969
25/05/2024,18:00:00,2.010299,0.241898,0,2.252197
25/05/2024,19:00:00,2.853483,0.248524,0,3.102007
25/05/2024,20:00:00,3.353698,0.252714,0,3.606412
25/05/2024,21:00:00,3.31338,0.252895,0,3.566275
25/05/2024,22:00:00,4.074595,0.259161,0,4.333756
25/05/2024,23:00:00,5.534323,0.270889,0,5.805212
26/05/2024,00:00:00,6.156179,0.276543,0,6.432722
26/05/2024,01:00:00,6.058909,0.276855,0,6.335764
26/05/2024,02:00:00,5.892922,0.276625,0,6.169547
26/05/2024,03:00:00,5.731483,0.276394,0,6.007877
26/05/2024,04:00:00,5.574466,0.276164,0,5.85063
26/05/2024,05:00:00,5.42175,0.275934,0,5.697684
26/05/2024,06:00:00,5.273219,0.275704,0,5.548923
26/05/2024,07:00:00,5.128756,0.275474,0,5.40423
26/05/2024,08:00:00,4.988251,0.275245,0,5.263496
26/05/2024,09:00:00,4.851595,0.275016,0.123739,5.126611
26/05/2024,10:00:00,4.718684,0.274786,0.872195,4.99347
26/05/2024,11:00:00,4.589412,0.274558,0.044048,4.86397
26/05/2024,12:00:00,4.463683,0.274329,0,4.738012
26/05/2024,13:00:00,4.341398,0.2741,0,4.615498
26/05/2024,14:00:00,4.222463,0.273872,2.797663,4.496335
26/05/2024,15:00:00,4.106787,0.273644,1.112938,4.380431
26/05/2024,16:00:00,3.994279,0.273416,0.049412,4.267695
26/05/2024,17:00:00,3.884854,0.273188,0,4.158042
26/05/2024,18:00:00,3.778426,0.272961,0,4.051387
26/05/2024,19:00:00,3.674914,0.272733,0,3.947647
26/05/2024,20:00:00,3.574238,0.272506,0,3.846744
26/05/2024,21:00:00,3.47632,0.272279,0,3.748599
26/05/2024,22:00:00,3.381084,0.272052,0,3.653136
26/05/2024,23:00:00,3.288458,0.271826,0,3.560284
27/05/2024,00:00:00,3.198369,0.271599,0,3.469968
27/05/2024,01:00:00,3.123173,0.271467,0,3.39464
27/05/2024,02:00:00,3.22067,0.272633,0,3.493303
27/05/2024,03:00:00,3.132438,0.272406,0,3.404844
27/05/2024,04:00:00,3.046623,0.272179,0,3.318802
27/05/2024,05:00:00,2.963159,0.271952,0,3.235111
27/05/2024,06:00:00,3.506207,0.276471,0,3.782678
27/05/2024,07:00:00,3.650656,0.278068,0,3.928724
27/05/2024,08:00:00,3.550644,0.277837,0,3.828481
27/05/2024,09:00:00,3.453372,0.277605,0,3.730977
27/05/2024,10:00:00,3.358766,0.277374,0,3.63614
27/05/2024,11:00:00,3.26675,0.277143,0,3.543893
27/05/2024,12:00:00,3.177256,0.276912,0,3.454168
27/05/2024,13:00:00,3.090214,0.276682,0,3.366896
27/05/2024,14:00:00,3.005555,0.276451,0,3.282006
27/05/2024,15:00:00,2.923217,0.276221,0.418723,3.199438
27/05/2024,16:00:00,2.843133,0.275991,0.106931,3.119124
27/05/2024,17:00:00,2.765244,0.275761,0.004351,3.041005
27/05/2024,18:00:00,2.689489,0.275531,0,2.96502
27/05/2024,19:00:00,2.615809,0.275302,1.912653,2.891111
27/05/2024,20:00:00,2.544147,0.275072,2.086103,2.819219
27/05/2024,21:00:00,2.47445,0.274843,1.947284,2.749293
27/05/2024,22:00:00,2.406661,0.274614,0.093997,2.681275
27/05/2024,23:00:00,2.340729,0.274385,0,2.615114
28/05/2024,00:00:00,2.276603,0.274157,0,2.55076
28/05/2024,01:00:00,2.214235,0.273929,0,2.488164
28/05/2024,02:00:00,2.153575,0.2737,0,2.427275
28/05/2024,03:00:00,2.094576,0.273472,0,2.368048
28/05/2024,04:00:00,2.037194,0.273245,0,2.310439
28/05/2024,05:00:00,1.981384,0.273017,0,2.254401
28/05/2024,06:00:00,1.927103,0.27279,0,2.199893
28/05/2024,07:00:00,1.95452,0.273172,0,2.227692
28/05/2024,08:00:00,1.909784,0.273011,0,2.182795
28/05/2024,09:00:00,1.857465,0.272784,0,2.130249
28/05/2024,10:00:00,1.806579,0.272557,0,2.079136
28/05/2024,11:00:00,2.179059,0.275537,0,2.454596
28/05/2024,12:00:00,2.582839,0.278831,0,2.86167
28/05/2024,13:00:00,2.945277,0.281892,0.27591,3.227169
28/05/2024,14:00:00,2.869605,0.281695,1.822054,3.1513
28/05/2024,15:00:00,2.79099,0.28146,0.520229,3.07245
28/05/2024,16:00:00,2.71453,0.281226,1.506209,2.995756
28/05/2024,17:00:00,2.640164,0.280991,1.521945,2.921155
28/05/2024,18:00:00,2.567835,0.280757,0.130713,2.848592
28/05/2024,19:00:00,2.497488,0.280524,0.040948,2.778012
28/05/2024,20:00:00,2.429068,0.28029,0.001967,2.709358
28/05/2024,21:00:00,2.362522,0.280056,0.057101,2.642578
28/05/2024,22:00:00,2.2978,0.279823,1.13529,2.577623
28/05/2024,23:00:00,2.23485,0.27959,2.912283,2.51444
29/05/2024,00:00:00,2.173625,0.279357,2.800226,2.452982
29/05/2024,01:00:00,2.114078,0.279124,1.134217,2.393202
29/05/2024,02:00:00,2.056161,0.278892,0.203133,2.335053
29/05/2024,03:00:00,1.999832,0.27866,0.055313,2.278492
29/05/2024,04:00:00,1.945045,0.278428,0.088096,2.223473
29/05/2024,05:00:00,1.93596,0.278532,0.223219,2.214492
29/05/2024,06:00:00,2.28424,0.28135,0.011146,2.56559
29/05/2024,07:00:00,2.322241,0.28188,0.047565,2.604121
29/05/2024,08:00:00,2.588011,0.284149,0.28789,2.87216
29/05/2024,09:00:00,2.850966,0.28645,0.014544,3.137416
29/05/2024,10:00:00,2.782718,0.286287,3.159165,3.069005
29/05/2024,11:00:00,2.706484,0.286048,0.160813,2.992532
29/05/2024,12:00:00,2.632339,0.28581,0.038087,2.918149
29/05/2024,13:00:00,2.560225,0.285572,0.001907,2.845797
29/05/2024,14:00:00,2.7335,0.287184,0,3.020684
29/05/2024,15:00:00,3.319066,0.291965,0,3.611031
29/05/2024,16:00:00,3.865926,0.29657,0,4.162496
29/05/2024,17:00:00,4.006211,0.298195,0,4.304406
29/05/2024,18:00:00,3.922351,0.298143,0,4.220494
29/05/2024,19:00:00,3.814897,0.297895,0,4.112792
29/05/2024,20:00:00,3.710386,0.297647,0,4.008033
29/05/2024,21:00:00,3.63919,0.29763,0,3.93682
29/05/2024,22:00:00,3.539493,0.297382,0,3.836875
29/05/2024,23:00:00,3.442526,0.297135,0,3.739661
30/05/2024,00:00:00,3.393775,0.297233,0,3.691008
30/05/2024,01:00:00,3.3008,0.296986,0,3.597786
30/05/2024,02:00:00,3.938085,0.30227,0,4.240355
30/05/2024,03:00:00,3.845538,0.302135,0,4.147673
30/05/2024,04:00:00,3.740188,0.301883,0,4.042071
30/05/2024,05:00:00,3.637723,0.301632,0,3.939355
30/05/2024,06:00:00,3.538066,0.30138,0,3.839446
30/05/2024,07:00:00,3.441139,0.301129,0,3.742268
30/05/2024,08:00:00,3.346867,0.300879,0,3.647746
30/05/2024,09:00:00,3.255178,0.300628,0,3.555806
30/05/2024,10:00:00,3.166001,0.300378,0,3.466379
30/05/2024,11:00:00,3.079267,0.300127,0,3.379394
30/05/2024,12:00:00,2.994908,0.299877,0.190318,3.294785
30/05/2024,13:00:00,2.912862,0.299628,0.266612,3.21249
30/05/2024,14:00:00,2.833062,0.299378,0.013053,3.13244
30/05/2024,15:00:00,2.755449,0.299129,0,3.054578
30/05/2024,16:00:00,2.679962,0.298879,0,2.978841
30/05/2024,17:00:00,2.606543,0.29863,0,2.905173
30/05/2024,18:00:00,2.535135,0.298382,0,2.833517
30/05/2024,19:00:00,2.465684,0.298133,0.038087,2.763817
30/05/2024,20:00:00,2.398135,0.297885,0.068545,2.69602
30/05/2024,21:00:00,2.332437,0.297637,0.003397,2.630074
30/05/2024,22:00:00,2.268539,0.297389,0.028551,2.565928
30/05/2024,23:00:00,2.206391,0.297141,0.058532,2.503532
31/05/2024,00:00:00,2.145946,0.296893,0.002921,2.442839
31/05/2024,01:00:00,2.087156,0.296646,0,2.383802
31/05/2024,02:00:00,2.029978,0.296399,0.076115,2.326377
31/05/2024,03:00:00,1.974365,0.296152,0.003874,2.270517
31/05/2024,04:00:00,1.944004,0.296086,0.028551,2.24009
31/05/2024,05:00:00,1.932714,0.296158,0.029981,2.228872
31/05/2024,06:00:00,1.879766,0.295912,0.039518,2.175678
31/05/2024,07:00:00,1.828269,0.295665,0.039995,2.123934
31/05/2024,08:00:00,1.778183,0.295419,0.001967,2.073602
31/05/2024,09:00:00,1.729469,0.295173,0.057101,2.024642
31/05/2024,10:00:00,1.682089,0.294927,0.002861,1.977016
31/05/2024,11:00:00,1.636007,0.294681,0.047624,1.930688
31/05/2024,12:00:00,1.591188,0.294436,0.297368,1.885624
31/05/2024,13:00:00,1.547597,0.29419,0.01502,1.841787
31/05/2024,14:00:00,1.5052,0.293945,0,1.799145
31/05/2024,15:00:00,1.463964,0.2937,0,1.757664
31/05/2024,16:00:00,1.423858,0.293456,0,1.717314
31/05/2024,17:00:00,1.38485,0.293211,0,1.678061
31/05/2024,18:00:00,1.347378,0.292971,0.038087,1.640349
31/05/2024,19:00:00,1.310466,0.292727,0.078022,1.603193
31/05/2024,20:00:00,1.274565,0.292483,0.003874,1.567048
31/05/2024,21:00:00,1.239647,0.292239,0,1.531886
31/05/2024,22:00:00,1.205687,0.291996,0,1.497683
31/05/2024,23:00:00,1.172656,0.291753,0,1.464409
01/06/2024,00:00:00,1.140531,0.291509,0,1.43204
01/06/2024,01:00:00,1.109576,0.291269,0.133216,1.400845
01/06/2024,02:00:00,1.079179,0.291026,0.206649,1.370205
01/06/2024,03:00:00,1.049614,0.290784,1.66589,1.340398
01/06/2024,04:00:00,1.079631,0.290988,0.91213,1.370619
01/06/2024,05:00:00,1.050054,0.290746,0.070691,1.3408
01/06/2024,06:00:00,1.021287,0.290504,0.001431,1.311791
01/06/2024,07:00:00,0.993309,0.290262,0,1.283571
01/06/2024,08:00:00,0.966096,0.29002,0,1.256116
01/06/2024,09:00:00,0.93963,0.289778,0,1.229408
01/06/2024,10:00:00,0.915234,0.289547,0,1.204781
01/06/2024,11:00:00,0.901545,0.289393,0,1.190938
01/06/2024,12:00:00,0.876847,0.289152,0,1.165999
01/06/2024,13:00:00,0.852825,0.288911,0,1.141736
01/06/2024,14:00:00,0.829461,0.28867,0,1.118131
01/06/2024,15:00:00,0.806738,0.28843,0,1.095168
01/06/2024,16:00:00,0.784637,0.288189,0,1.072826
01/06/2024,17:00:00,0.788797,0.288144,0,1.076941
01/06/2024,18:00:00,0.809169,0.288223,0,1.097392
01/06/2024,19:00:00,1.172569,0.290914,0,1.463483
01/06/2024,20:00:00,1.347653,0.292247,0,1.6399
01/06/2024,21:00:00,1.317805,0.292057,0,1.609862
01/06/2024,22:00:00,1.281703,0.291814,0,1.573517
01/06/2024,23:00:00,1.24659,0.291571,0,1.538161
02/06/2024,00:00:00,1.212439,0.291328,0,1.503767
02/06/2024,01:00:00,1.179223,0.291085,0,1.470308
02/06/2024,02:00:00,1.146918,0.290843,0,1.437761
02/06/2024,03:00:00,1.115498,0.290601,0,1.406099
02/06/2024,04:00:00,1.084938,0.290359,0,1.375297
02/06/2024,05:00:00,1.055215,0.290117,0,1.345332
02/06/2024,06:00:00,1.026307,0.289875,0,1.316182
02/06/2024,07:00:00,0.998191,0.289634,0,1.287825
02/06/2024,08:00:00,0.970845,0.289392,0,1.260237
02/06/2024,09:00:00,0.944248,0.289151,0,1.233399
02/06/2024,10:00:00,0.91838,0.28891,0,1.20729
02/06/2024,11:00:00,0.893221,0.28867,0,1.181891
02/06/2024,12:00:00,0.86875,0.288429,0,1.157179
02/06/2024,13:00:00,0.84495,0.288189,0,1.133139
02/06/2024,14:00:00,0.821803,0.287949,0,1.109752
02/06/2024,15:00:00,0.799289,0.287709,0,1.086998
02/06/2024,16:00:00,0.777392,0.287469,0,1.064861
02/06/2024,17:00:00,0.756095,0.28723,0,1.043325
02/06/2024,18:00:00,0.735381,0.286991,0,1.022372
02/06/2024,19:00:00,0.715235,0.286752,0,1.001987
02/06/2024,20:00:00,0.695641,0.286513,0,0.982154
02/06/2024,21:00:00,0.676583,0.286274,0,0.962857
02/06/2024,22:00:00,0.658048,0.286036,0,0.944084
02/06/2024,23:00:00,0.64002,0.285797,0,0.925817
03/06/2024,00:00:00,0.622487,0.285559,0,0.908046
03/06/2024,01:00:00,0.605433,0.285322,0,0.890755
03/06/2024,02:00:00,0.588847,0.285084,0,0.873931
03/06/2024,03:00:00,0.572716,0.284846,0,0.857562
03/06/2024,04:00:00,0.557026,0.284609,0,0.841635
03/06/2024,05:00:00,0.541766,0.284372,0,0.826138
03/06/2024,06:00:00,0.526924,0.284135,0,0.811059
03/06/2024,07:00:00,0.512488,0.283898,0,0.796386
03/06/2024,08:00:00,0.498448,0.283662,0,0.78211
03/06/2024,09:00:00,0.484793,0.283426,0,0.768219
03/06/2024,10:00:00,0.471512,0.28319,0,0.754702
03/06/2024,11:00:00,0.458595,0.282954,0,0.741549
03/06/2024,12:00:00,0.446031,0.282718,0,0.728749
03/06/2024,13:00:00,0.433812,0.282483,0,0.716295
03/06/2024,14:00:00,0.421928,0.282247,0,0.704175
03/06/2024,15:00:00,0.410369,0.282012,0,0.692381
03/06/2024,16:00:00,0.399126,0.281777,0,0.680903
03/06/2024,17:00:00,0.388192,0.281542,0,0.669734
03/06/2024,18:00:00,0.377557,0.281308,0,0.658865
03/06/2024,19:00:00,0.367214,0.281074,0,0.648288
03/06/2024,20:00:00,0.357154,0.28084,0,0.637994
03/06/2024,21:00:00,0.34737,0.280606,0,0.627976
03/06/2024,22:00:00,0.337853,0.280372,0,0.618225
03/06/2024,23:00:00,0.328597,0.280138,0,0.608735
04/06/2024,00:00:00,0.319595,0.279905,0,0.5995
04/06/2024,01:00:00,0.31084,0.279672,0,0.590512
04/06/2024,02:00:00,0.302324,0.279439,0,0.581763
04/06/2024,03:00:00,0.294042,0.279206,0,0.573248
04/06/2024,04:00:00,0.285987,0.278973,0,0.56496
04/06/2024,05:00:00,0.278152,0.278741,0,0.556893
04/06/2024,06:00:00,0.270532,0.278509,0,0.549041
04/06/2024,07:00:00,0.26312,0.278277,0,0.541397
04/06/2024,08:00:00,0.255912,0.278045,0,0.533957
04/06/2024,09:00:00,0.248901,0.277813,0,0.526714
04/06/2024,10:00:00,0.242082,0.277582,0,0.519664
04/06/2024,11:00:00,0.23545,0.277351,0,0.512801
04/06/2024,12:00:00,0.229,0.27712,0,0.50612
04/06/2024,13:00:00,0.222727,0.276889,0,0.499616
04/06/2024,14:00:00,0.216625,0.276658,0,0.493283
04/06/2024,15:00:00,0.21069,0.276428,0,0.487118
04/06/2024,16:00:00,0.204918,0.276198,0,0.481116
04/06/2024,17:00:00,0.199304,0.275968,0,0.475272
04/06/2024,18:00:00,0.193844,0.275738,0,0.469582
04/06/2024,19:00:00,0.188534,0.275508,0,0.464042
04/06/2024,20:00:00,0.183369,0.275279,0,0.458648
04/06/2024,21:00:00,0.178345,0.275049,0,0.453394
04/06/2024,22:00:00,0.17346,0.27482,0,0.44828
04/06/2024,23:00:00,0.168708,0.274591,0,0.443299
05/06/2024,00:00:00,0.164086,0.274362,0,0.438448
05/06/2024,01:00:00,0.159591,0.274134,0.30452,0.433725
05/06/2024,02:00:00,0.155218,0.273906,0.396132,0.429124
05/06/2024,03:00:00,0.150966,0.273677,0.019372,0.424643
05/06/2024,04:00:00,0.14683,0.273449,0,0.420279
05/06/2024,05:00:00,0.142808,0.273222,0,0.41603
05/06/2024,06:00:00,0.138896,0.272994,0,0.41189
05/06/2024,07:00:00,0.13509,0.272767,0,0.407857
05/06/2024,08:00:00,0.13139,0.272539,0,0.403929
05/06/2024,09:00:00,0.12779,0.272312,0,0.400102
05/06/2024,10:00:00,0.124289,0.272086,0,0.396375
05/06/2024,11:00:00,0.120884,0.271859,0,0.392743
05/06/2024,12:00:00,0.117573,0.271632,0,0.389205
05/06/2024,13:00:00,0.114352,0.271406,0,0.385758
05/06/2024,14:00:00,0.111219,0.27118,0,0.382399
05/06/2024,15:00:00,0.108172,0.270954,0,0.379126
05/06/2024,16:00:00,0.105209,0.270729,0,0.375938
05/06/2024,17:00:00,0.133406,0.270739,0,0.404145
05/06/2024,18:00:00,0.181882,0.27091,0,0.452792
05/06/2024,19:00:00,0.176899,0.270684,0,0.447583
05/06/2024,20:00:00,0.172053,0.270459,0,0.442512
05/06/2024,21:00:00,0.167339,0.270234,0,0.437573
05/06/2024,22:00:00,0.162755,0.270009,0,0.432764
05/06/2024,23:00:00,0.158296,0.269784,0,0.42808
06/06/2024,00:00:00,0.153959,0.269559,0,0.423518
06/06/2024,01:00:00,0.149742,0.269334,0,0.419076
06/06/2024,02:00:00,0.145639,0.26911,0,0.414749
06/06/2024,03:00:00,0.141649,0.268886,0,0.410535
06/06/2024,04:00:00,0.137769,0.268662,0,0.406431
06/06/2024,05:00:00,0.133995,0.268438,0,0.402433
06/06/2024,06:00:00,0.130324,0.268214,0,0.398538
06/06/2024,07:00:00,0.126753,0.267991,0,0.394744
06/06/2024,08:00:00,0.123281,0.267768,0,0.391049
06/06/2024,09:00:00,0.119904,0.267545,0,0.387449
06/06/2024,10:00:00,0.116619,0.267322,0,0.383941
06/06/2024,11:00:00,0.113424,0.267099,0,0.380523
06/06/2024,12:00:00,0.110317,0.266877,0,0.377194
06/06/2024,13:00:00,0.107295,0.266654,0,0.373949
06/06/2024,14:00:00,0.104355,0.266432,0,0.370787
06/06/2024,15:00:00,0.101496,0.26621,0,0.367706
06/06/2024,16:00:00,0.098716,0.265989,0,0.364705
06/06/2024,17:00:00,0.096011,0.265767,0,0.361778
06/06/2024,18:00:00,0.093381,0.265546,0,0.358927
06/06/2024,19:00:00,0.090823,0.265324,0,0.356147
06/06/2024,20:00:00,0.088335,0.265103,0,0.353438
06/06/2024,21:00:00,0.085915,0.264883,0,0.350798
06/06/2024,22:00:00,0.083561,0.264662,0,0.348223
06/06/2024,23:00:00,0.081272,0.264441,0,0.345713
07/06/2024,00:00:00,0.079045,0.264221,0,0.343266
07/06/2024,01:00:00,0.07688,0.264001,0,0.340881
07/06/2024,02:00:00,0.074774,0.263781,0,0.338555
07/06/2024,03:00:00,0.072725,0.263561,0,0.336286
07/06/2024,04:00:00,0.070733,0.263342,0,0.334075
07/06/2024,05:00:00,0.068795,0.263123,0,0.331918
07/06/2024,06:00:00,0.06691,0.262903,0,0.329813
07/06/2024,07:00:00,0.065077,0.262684,0,0.327761
07/06/2024,08:00:00,0.063295,0.262466,0,0.325761
07/06/2024,09:00:00,0.061561,0.262247,0,0.323808
07/06/2024,10:00:00,0.059874,0.262029,0,0.321903
07/06/2024,11:00:00,0.058234,0.26181,0,0.320044
07/06/2024,12:00:00,0.056638,0.261592,0,0.31823
07/06/2024,13:00:00,0.055087,0.261374,0,0.316461
07/06/2024,14:00:00,0.053578,0.261157,0,0.314735
07/06/2024,15:00:00,0.05211,0.260939,0,0.313049
07/06/2024,16:00:00,0.050682,0.260722,0,0.311404
07/06/2024,17:00:00,0.049294,0.260505,0,0.309799
07/06/2024,18:00:00,0.047943,0.260287,0,0.30823
07/06/2024,19:00:00,0.04663,0.260071,0,0.306701
07/06/2024,20:00:00,0.045353,0.259854,0,0.305207
07/06/2024,21:00:00,0.04411,0.259638,0,0.303748
07/06/2024,22:00:00,0.042902,0.259421,0,0.302323
07/06/2024,23:00:00,0.041726,0.259205,0,0.300931
08/06/2024,00:00:00,0.040583,0.258989,0,0.299572
08/06/2024,01:00:00,0.039471,0.258774,0,0.298245
08/06/2024,02:00:00,0.03839,0.258558,0,0.296948
08/06/2024,03:00:00,0.037338,0.258343,0,0.295681
08/06/2024,04:00:00,0.036315,0.258127,0,0.294442
08/06/2024,05:00:00,0.035321,0.257912,0,0.293233
08/06/2024,06:00:00,0.034353,0.257698,0,0.292051
08/06/2024,07:00:00,0.033412,0.257483,0,0.290895
08/06/2024,08:00:00,0.032497,0.257268,0,0.289765
08/06/2024,09:00:00,0.031606,0.257054,0,0.28866
08/06/2024,10:00:00,0.03074,0.25684,0,0.28758
08/06/2024,11:00:00,0.029898,0.256626,0,0.286524
08/06/2024,12:00:00,0.029079,0.256412,0,0.285491
08/06/2024,13:00:00,0.028283,0.256199,0,0.284482
08/06/2024,14:00:00,0.027508,0.255985,0,0.283493
08/06/2024,15:00:00,0.026754,0.255772,0,0.282526
08/06/2024,16:00:00,0.026021,0.255559,0,0.28158
08/06/2024,17:00:00,0.025308,0.255346,0,0.280654
08/06/2024,18:00:00,0.024615,0.255133,0,0.279748
08/06/2024,19:00:00,0.023941,0.254921,0,0.278862
08/06/2024,20:00:00,0.023285,0.254709,0,0.277994
08/06/2024,21:00:00,0.022647,0.254496,0,0.277143
08/06/2024,22:00:00,0.022026,0.254284,0,0.27631
08/06/2024,23:00:00,0.021423,0.254073,0,0.275496
09/06/2024,00:00:00,0.020836,0.253861,0,0.274697
09/06/2024,01:00:00,0.020265,0.25365,0,0.273915
09/06/2024,02:00:00,0.01971,0.253438,0,0.273148
09/06/2024,03:00:00,0.01917,0.253227,0,0.272397
09/06/2024,04:00:00,0.018645,0.253016,0,0.271661
09/06/2024,05:00:00,0.018134,0.252805,0,0.270939
09/06/2024,06:00:00,0.017637,0.252595,0,0.270232
09/06/2024,07:00:00,0.017154,0.252384,0,0.269538
09/06/2024,08:00:00,0.016684,0.252174,0,0.268858
09/06/2024,09:00:00,0.016227,0.251964,0,0.268191
09/06/2024,10:00:00,0.015783,0.251754,0,0.267537
09/06/2024,11:00:00,0.01535,0.251545,0,0.266895
09/06/2024,12:00:00,0.01493,0.251335,0,0.266265
09/06/2024,13:00:00,0.014521,0.251126,0,0.265647
09/06/2024,14:00:00,0.014123,0.250916,0,0.265039
09/06/2024,15:00:00,0.013736,0.250707,0,0.264443
09/06/2024,16:00:00,0.01336,0.250499,0,0.263859
09/06/2024,17:00:00,0.012994,0.25029,0,0.263284
09/06/2024,18:00:00,0.012638,0.250081,0,0.262719
09/06/2024,19:00:00,0.012292,0.249873,0,0.262165
09/06/2024,20:00:00,0.011955,0.249665,0,0.26162
09/06/2024,21:00:00,0.011627,0.249457,0,0.261084
09/06/2024,22:00:00,0.011309,0.249249,0,0.260558
09/06/2024,23:00:00,0.010999,0.249042,0,0.260041
10/06/2024,00:00:00,0.010698,0.248834,0,0.259532
10/06/2024,01:00:00,0.010405,0.248627,0,0.259032
10/06/2024,02:00:00,0.01012,0.24842,0,0.25854
10/06/2024,03:00:00,0.009842,0.248213,0.342548,0.258055
10/06/2024,04:00:00,0.009573,0.248006,0.046015,0.257579
10/06/2024,05:00:00,0.00931,0.2478,0.410616,0.25711
10/06/2024,06:00:00,0.009055,0.247593,1.85734,0.256648
10/06/2024,07:00:00,0.008807,0.247387,1.330495,0.256194
10/06/2024,08:00:00,0.008566,0.247181,1.081169,0.255747
10/06/2024,09:00:00,0.008331,0.246975,1.84077,0.255306
10/06/2024,10:00:00,0.008103,0.246769,1.280487,0.254872
10/06/2024,11:00:00,0.007881,0.246564,0.526845,0.254445
10/06/2024,12:00:00,0.007665,0.246358,0.023723,0.254023
10/06/2024,13:00:00,0.007455,0.246153,0,0.253608
10/06/2024,14:00:00,0.007251,0.245948,0,0.253199
10/06/2024,15:00:00,0.007052,0.245743,0.494778,0.252795
10/06/2024,16:00:00,0.006859,0.245538,0.025213,0.252397
10/06/2024,17:00:00,0.006671,0.245334,0,0.252005
10/06/2024,18:00:00,0.006488,0.24513,0,0.251618
10/06/2024,19:00:00,0.066252,0.245381,0,0.311633
10/06/2024,20:00:00,0.064437,0.245177,0.076115,0.309614
10/06/2024,21:00:00,0.135616,0.245527,0.156105,0.381143
10/06/2024,22:00:00,0.513719,0.248225,0.007749,0.761944
10/06/2024,23:00:00,0.768882,0.250065,0,1.018947
11/06/2024,00:00:00,0.963278,0.251494,0,1.214772
11/06/2024,01:00:00,1.316177,0.254168,0,1.570345
11/06/2024,02:00:00,1.538527,0.25592,0,1.794447
11/06/2024,03:00:00,1.590943,0.256426,0,1.847369
11/06/2024,04:00:00,1.547359,0.256212,0,1.803571
11/06/2024,05:00:00,1.504968,0.255999,0,1.760967
11/06/2024,06:00:00,1.463739,0.255786,0,1.719525
11/06/2024,07:00:00,1.508085,0.256215,0,1.7643
11/06/2024,08:00:00,1.46677,0.256001,0,1.722771
11/06/2024,09:00:00,1.426587,0.255788,1.903176,1.682375
11/06/2024,10:00:00,1.387505,0.255575,0.096858,1.64308
11/06/2024,11:00:00,1.349494,0.255362,0,1.604856
11/06/2024,12:00:00,1.312523,0.255149,0.171304,1.567672
11/06/2024,13:00:00,1.282775,0.254984,0.379801,1.537759
11/06/2024,14:00:00,1.247633,0.254771,1.008511,1.502404
11/06/2024,15:00:00,1.213454,0.254559,0.773549,1.468013
11/06/2024,16:00:00,1.18021,0.254347,0.036836,1.434557
11/06/2024,17:00:00,1.147878,0.254135,0,1.402013
11/06/2024,18:00:00,1.116431,0.253924,0,1.370355
11/06/2024,19:00:00,1.085846,0.253712,0,1.339558
11/06/2024,20:00:00,1.056099,0.253501,0,1.3096
11/06/2024,21:00:00,1.027166,0.25329,0,1.280456
11/06/2024,22:00:00,0.999027,0.253079,0.171304,1.252106
11/06/2024,23:00:00,0.971658,0.252868,0.008702,1.224526
12/06/2024,00:00:00,0.945039,0.252657,0,1.197696
12/06/2024,01:00:00,1.303996,0.255372,0,1.559368
12/06/2024,02:00:00,1.268272,0.255159,0,1.523431
12/06/2024,03:00:00,1.233527,0.254947,0,1.488474
12/06/2024,04:00:00,1.211561,0.254824,0,1.466385
12/06/2024,05:00:00,1.235673,0.255048,0,1.490721
12/06/2024,06:00:00,1.395761,0.256309,0,1.65207
12/06/2024,07:00:00,1.501142,0.257188,0,1.75833
12/06/2024,08:00:00,1.460017,0.256973,0,1.71699
12/06/2024,09:00:00,1.420019,0.256759,0.104666,1.676778
12/06/2024,10:00:00,1.381117,0.256545,0.005305,1.637662
12/06/2024,11:00:00,1.34328,0.256332,0,1.599612
12/06/2024,12:00:00,1.306481,0.256118,0,1.562599
12/06/2024,13:00:00,1.270689,0.255905,0,1.526594
12/06/2024,14:00:00,1.251173,0.255808,0,1.506981
12/06/2024,15:00:00,1.216897,0.255595,0,1.472492
12/06/2024,16:00:00,1.183559,0.255382,0,1.438941
12/06/2024,17:00:00,1.151135,0.255169,0,1.406304
12/06/2024,18:00:00,1.119599,0.254957,0,1.374556
12/06/2024,19:00:00,1.088927,0.254744,0,1.343671
12/06/2024,20:00:00,1.059096,0.254532,0,1.313628
12/06/2024,21:00:00,1.030081,0.25432,0,1.284401
12/06/2024,22:00:00,1.001861,0.254108,0,1.255969
12/06/2024,23:00:00,0.974415,0.253897,0,1.228312
13/06/2024,00:00:00,0.94772,0.253685,0,1.201405
13/06/2024,01:00:00,0.921757,0.253474,0,1.175231
13/06/2024,02:00:00,0.896505,0.253263,0,1.149768
13/06/2024,03:00:00,0.871945,0.253052,0,1.124997
13/06/2024,04:00:00,0.848057,0.252841,0,1.100898
13/06/2024,05:00:00,0.824824,0.25263,0,1.077454
13/06/2024,06:00:00,0.802228,0.25242,0,1.054648
13/06/2024,07:00:00,0.78025,0.25221,0,1.03246
13/06/2024,08:00:00,0.758875,0.252,0,1.010875
13/06/2024,09:00:00,0.738085,0.25179,0,0.989875
13/06/2024,10:00:00,0.717865,0.25158,0,0.969445
13/06/2024,11:00:00,0.698199,0.25137,0,0.949569
13/06/2024,12:00:00,0.679071,0.251161,0,0.930232
13/06/2024,13:00:00,0.660468,0.250952,0,0.91142
13/06/2024,14:00:00,0.642374,0.250743,0,0.893117
13/06/2024,15:00:00,0.624776,0.250534,0,0.87531
13/06/2024,16:00:00,0.60766,0.250325,0,0.857985
13/06/2024,17:00:00,0.591012,0.250117,0,0.841129
13/06/2024,18:00:00,0.574821,0.249908,0,0.824729
13/06/2024,19:00:00,0.559074,0.2497,0,0.808774
13/06/2024,20:00:00,0.543758,0.249492,0,0.79325
13/06/2024,21:00:00,0.528861,0.249284,0,0.778145
13/06/2024,22:00:00,0.514373,0.249077,0,0.76345
13/06/2024,23:00:00,0.500281,0.248869,0,0.74915
14/06/2024,00:00:00,0.486576,0.248662,0,0.735238
14/06/2024,01:00:00,0.473246,0.248455,0.028551,0.721701
14/06/2024,02:00:00,0.460281,0.248248,0.030041,0.708529
14/06/2024,03:00:00,0.447671,0.248041,0.001431,0.695712
14/06/2024,04:00:00,0.435407,0.247834,0,0.683241
14/06/2024,05:00:00,0.423479,0.247628,0,0.671107
14/06/2024,06:00:00,0.411878,0.247422,0,0.6593
14/06/2024,07:00:00,0.400594,0.247216,0,0.64781
14/06/2024,08:00:00,0.389619,0.24701,0,0.636629
14/06/2024,09:00:00,0.378946,0.246804,0,0.62575
14/06/2024,10:00:00,0.368564,0.246598,0,0.615162
14/06/2024,11:00:00,0.358467,0.246393,0,0.60486
14/06/2024,12:00:00,0.348647,0.246188,0.199795,0.594835
14/06/2024,13:00:00,0.339095,0.245983,1.627862,0.585078
14/06/2024,14:00:00,0.329806,0.245778,1.271784,0.575584
14/06/2024,15:00:00,0.320771,0.245573,0.060558,0.566344
14/06/2024,16:00:00,0.311983,0.245368,0,0.557351
14/06/2024,17:00:00,0.303436,0.245164,0.27597,0.5486
14/06/2024,18:00:00,0.295123,0.24496,0.109196,0.540083
14/06/2024,19:00:00,0.287038,0.244756,0.204682,0.531794
14/06/2024,20:00:00,0.279175,0.244552,2.113104,0.523727
14/06/2024,21:00:00,0.271526,0.244348,0.620902,0.515874
14/06/2024,22:00:00,0.264088,0.244145,0.026166,0.508233
14/06/2024,23:00:00,0.256853,0.243941,0.294983,0.500794
15/06/2024,00:00:00,0.249816,0.243738,0.053048,0.493554
15/06/2024,01:00:00,0.242973,0.243535,0.001967,0.486508
15/06/2024,02:00:00,0.236316,0.243332,0,0.479648
15/06/2024,03:00:00,0.229842,0.243129,0,0.472971
15/06/2024,04:00:00,0.247543,0.243109,0,0.490652
15/06/2024,05:00:00,0.567659,0.245392,1.179934,0.813051
15/06/2024,06:00:00,0.803807,0.247101,0.060022,1.050908
15/06/2024,07:00:00,0.781787,0.246895,0,1.028682
15/06/2024,08:00:00,0.760369,0.246689,0,1.007058
15/06/2024,09:00:00,0.778113,0.246777,0,1.02489
15/06/2024,10:00:00,0.759461,0.246592,0,1.006053
15/06/2024,11:00:00,0.761326,0.246559,0,1.007885
15/06/2024,12:00:00,1.170839,0.249625,0,1.420464
15/06/2024,13:00:00,1.250053,0.250263,0,1.500316
15/06/2024,14:00:00,1.215807,0.250054,0,1.465861
15/06/2024,15:00:00,1.223221,0.250155,0,1.473376
15/06/2024,16:00:00,1.18971,0.249947,0,1.439657
15/06/2024,17:00:00,1.157118,0.249739,0,1.406857
15/06/2024,18:00:00,1.125418,0.249531,0,1.374949
15/06/2024,19:00:00,1.094586,0.249323,0,1.343909
15/06/2024,20:00:00,1.0646,0.249115,0,1.313715
15/06/2024,21:00:00,1.2675,0.250672,0,1.518172
15/06/2024,22:00:00,1.232776,0.250463,0.104666,1.483239
15/06/2024,23:00:00,1.199003,0.250254,0.547767,1.449257
16/06/2024,00:00:00,1.166156,0.250046,0.29403,1.416202
16/06/2024,01:00:00,1.134209,0.249838,0.01353,1.384047
16/06/2024,02:00:00,1.103137,0.249629,0,1.352766
16/06/2024,03:00:00,1.072916,0.249422,0,1.322338
16/06/2024,04:00:00,1.043522,0.249214,0,1.292736
16/06/2024,05:00:00,1.014935,0.249006,0,1.263941
16/06/2024,06:00:00,0.98713,0.248799,0,1.235929
16/06/2024,07:00:00,0.960087,0.248591,0,1.208678
16/06/2024,08:00:00,0.933785,0.248384,0,1.182169
16/06/2024,09:00:00,0.908203,0.248178,0.161767,1.156381
16/06/2024,10:00:00,0.883323,0.247971,0.008285,1.131294
16/06/2024,11:00:00,0.859124,0.247764,0.12368,1.106888
16/06/2024,12:00:00,0.835587,0.247558,0.006318,1.083145
16/06/2024,13:00:00,0.812696,0.247352,0,1.060048
16/06/2024,14:00:00,0.797246,0.247197,7.041574,1.044443
16/06/2024,15:00:00,0.87728,0.247766,0.967383,1.125046
16/06/2024,16:00:00,0.900722,0.24792,0.030994,1.148642
16/06/2024,17:00:00,0.876046,0.247714,0,1.12376
16/06/2024,18:00:00,0.852047,0.247508,0,1.099555
16/06/2024,19:00:00,0.828704,0.247301,0,1.076005
16/06/2024,20:00:00,0.806002,0.247095,0,1.053097
16/06/2024,21:00:00,0.783921,0.24689,0,1.030811
16/06/2024,22:00:00,0.762445,0.246684,0,1.009129
16/06/2024,23:00:00,0.741557,0.246478,0,0.988035
17/06/2024,00:00:00,0.721242,0.246273,0,0.967515
17/06/2024,01:00:00,0.7147,0.246168,0,0.960868
17/06/2024,02:00:00,0.69512,0.245963,0,0.941083
17/06/2024,03:00:00,0.67985,0.245787,0,0.925637
17/06/2024,04:00:00,0.661225,0.245582,0.076175,0.906807
17/06/2024,05:00:00,0.643111,0.245378,0.003874,0.888489
17/06/2024,06:00:00,2.114694,0.256493,1.579583,2.371187
17/06/2024,07:00:00,2.240846,0.257679,0.080407,2.498525
17/06/2024,08:00:00,2.179457,0.257464,0,2.436921
17/06/2024,09:00:00,2.119749,0.25725,0,2.376999
17/06/2024,10:00:00,2.061677,0.257035,0,2.318712
17/06/2024,11:00:00,2.005197,0.256821,0,2.262018
17/06/2024,12:00:00,1.950263,0.256607,0,2.20687
17/06/2024,13:00:00,1.896835,0.256394,0,2.153229
17/06/2024,14:00:00,1.84487,0.25618,0,2.10105
17/06/2024,15:00:00,1.794329,0.255967,0,2.050296
17/06/2024,16:00:00,1.745172,0.255754,0,2.000926
17/06/2024,17:00:00,1.697362,0.25554,0,1.952902
17/06/2024,18:00:00,1.650862,0.255328,0,1.90619
17/06/2024,19:00:00,1.605636,0.255115,0,1.860751
17/06/2024,20:00:00,1.561649,0.254902,0,1.816551
17/06/2024,21:00:00,1.518867,0.25469,0,1.773557
17/06/2024,22:00:00,1.794721,0.256891,0,2.051612
17/06/2024,23:00:00,1.745554,0.256677,0,2.002231
18/06/2024,00:00:00,1.697734,0.256463,0,1.954197
18/06/2024,01:00:00,1.651224,0.25625,0.038028,1.907474
18/06/2024,02:00:00,1.605987,0.256036,0.001967,1.862023
18/06/2024,03:00:00,1.56199,0.255823,0.390112,1.817813
18/06/2024,04:00:00,1.519199,0.25561,0.295818,1.774809
18/06/2024,05:00:00,1.47758,0.255397,0.080645,1.732977
18/06/2024,06:00:00,1.437101,0.255184,0.003397,1.692285
18/06/2024,07:00:00,1.39773,0.254972,0.085652,1.652702
18/06/2024,08:00:00,1.359439,0.254759,0.337422,1.614198
18/06/2024,09:00:00,1.322196,0.254547,0.074029,1.576743
18/06/2024,10:00:00,1.285974,0.254335,0.183702,1.540309
18/06/2024,11:00:00,1.250744,0.254123,0.932217,1.504867
18/06/2024,12:00:00,1.216479,0.253911,2.02626,1.47039
18/06/2024,13:00:00,1.183153,0.2537,1.861155,1.436853
18/06/2024,14:00:00,1.15074,0.253489,0.584424,1.404229
18/06/2024,15:00:00,1.119215,0.253277,0.748336,1.372492
18/06/2024,16:00:00,1.088554,0.253067,1.188219,1.341621
18/06/2024,17:00:00,1.061223,0.252875,1.952231,1.314098
18/06/2024,18:00:00,1.03215,0.252664,0.419915,1.284814
18/06/2024,19:00:00,1.080089,0.253033,0.425637,1.333122
18/06/2024,20:00:00,1.105287,0.253239,0.020802,1.358526
18/06/2024,21:00:00,1.082239,0.253083,0.066638,1.335322
18/06/2024,22:00:00,1.05259,0.252872,0.003397,1.305462
18/06/2024,23:00:00,1.029832,0.252707,0,1.282539
19/06/2024,00:00:00,1.06096,0.252948,0,1.313908
19/06/2024,01:00:00,1.033239,0.252748,0,1.285987
19/06/2024,02:00:00,1.028857,0.252719,0,1.281576
19/06/2024,03:00:00,1.185413,0.253913,0,1.439326
19/06/2024,04:00:00,1.574508,0.256906,0,1.831414
19/06/2024,05:00:00,1.917573,0.259627,0,2.1772
19/06/2024,06:00:00,1.97221,0.260226,0,2.232436
19/06/2024,07:00:00,2.060208,0.261089,0,2.321297
19/06/2024,08:00:00,2.241302,0.262677,0,2.503979
19/06/2024,09:00:00,2.585,0.265537,0,2.850537
19/06/2024,10:00:00,2.581469,0.265828,0,2.847297
19/06/2024,11:00:00,2.5782,0.266119,0,2.844319
19/06/2024,12:00:00,2.507569,0.265897,0,2.773466
19/06/2024,13:00:00,2.438873,0.265676,0,2.704549
19/06/2024,14:00:00,2.372058,0.265455,0,2.637513
19/06/2024,15:00:00,2.307075,0.265233,0,2.572308
19/06/2024,16:00:00,2.243871,0.265013,0,2.508884
19/06/2024,17:00:00,2.182399,0.264792,0,2.447191
19/06/2024,18:00:00,2.122611,0.264571,0,2.387182
19/06/2024,19:00:00,2.064461,0.264351,0,2.328812
19/06/2024,20:00:00,2.007904,0.264131,0,2.272035
19/06/2024,21:00:00,1.952897,0.263911,0,2.216808
19/06/2024,22:00:00,1.899396,0.263691,0,2.163087
19/06/2024,23:00:00,1.847361,0.263471,0,2.110832
20/06/2024,00:00:00,1.796751,0.263252,0,2.060003
20/06/2024,01:00:00,1.747529,0.263032,0,2.010561
20/06/2024,02:00:00,1.699654,0.262813,0,1.962467
20/06/2024,03:00:00,1.653091,0.262594,0,1.915685
20/06/2024,04:00:00,1.607804,0.262376,0,1.87018
20/06/2024,05:00:00,1.563757,0.262157,0,1.825914
20/06/2024,06:00:00,1.520917,0.261939,0,1.782856
20/06/2024,07:00:00,1.479251,0.26172,0,1.740971
20/06/2024,08:00:00,1.438726,0.261502,0,1.700228
20/06/2024,09:00:00,1.399312,0.261285,0,1.660597
20/06/2024,10:00:00,1.360977,0.261067,0,1.622044
20/06/2024,11:00:00,1.323692,0.26085,0,1.584542
20/06/2024,12:00:00,1.287429,0.260632,0,1.548061
20/06/2024,13:00:00,1.252159,0.260415,0,1.512574
20/06/2024,14:00:00,1.217855,0.260198,0,1.478053
20/06/2024,15:00:00,1.184492,0.259981,0,1.444473
20/06/2024,16:00:00,1.152042,0.259765,0,1.411807
20/06/2024,17:00:00,1.120481,0.259549,0,1.38003
20/06/2024,18:00:00,1.089785,0.259332,0,1.349117
20/06/2024,19:00:00,1.05993,0.259116,0,1.319046
20/06/2024,20:00:00,1.030892,0.2589,0,1.289792
20/06/2024,21:00:00,1.00265,0.258685,0,1.261335
20/06/2024,22:00:00,0.975182,0.258469,0,1.233651
20/06/2024,23:00:00,0.948467,0.258254,0,1.206721
21/06/2024,00:00:00,0.922483,0.258039,0,1.180522
21/06/2024,01:00:00,0.897211,0.257824,0,1.155035
21/06/2024,02:00:00,0.872631,0.257609,0,1.13024
21/06/2024,03:00:00,0.848725,0.257395,0,1.10612
21/06/2024,04:00:00,0.825474,0.25718,0,1.082654
21/06/2024,05:00:00,0.80286,0.256966,0,1.059826
21/06/2024,06:00:00,0.780865,0.256752,0,1.037617
21/06/2024,07:00:00,0.759473,0.256538,0,1.016011
21/06/2024,08:00:00,0.738667,0.256324,0.171244,0.994991
21/06/2024,09:00:00,0.71843,0.256111,0.218093,0.974541
21/06/2024,10:00:00,0.698749,0.255898,0.971735,0.954647
21/06/2024,11:00:00,0.679606,0.255684,2.2946,0.93529
21/06/2024,12:00:00,0.660988,0.255471,2.740622,0.916459
21/06/2024,13:00:00,0.64288,0.255259,0.790238,0.898139
21/06/2024,14:00:00,0.625268,0.255046,0.290394,0.880314
21/06/2024,15:00:00,0.608138,0.254833,0.041604,0.862971
21/06/2024,16:00:00,0.591478,0.254621,0.039577,0.846099
21/06/2024,17:00:00,0.575274,0.254409,0.001907,0.829683
21/06/2024,18:00:00,0.559514,0.254197,0,0.813711
21/06/2024,19:00:00,0.544186,0.253985,0,0.798171
21/06/2024,20:00:00,0.529278,0.253774,0,0.783052
21/06/2024,21:00:00,0.514778,0.253563,0,0.768341
21/06/2024,22:00:00,0.500675,0.253351,0,0.754026
21/06/2024,23:00:00,0.486959,0.25314,0,0.740099
22/06/2024,00:00:00,0.497506,0.253111,0,0.750617
22/06/2024,01:00:00,0.51716,0.253153,0,0.770313
22/06/2024,02:00:00,0.699265,0.254434,0,0.953699
22/06/2024,03:00:00,1.164644,0.257905,0,1.422549
22/06/2024,04:00:00,1.716857,0.262131,0,1.978988
22/06/2024,05:00:00,1.826318,0.263102,0,2.08942
22/06/2024,06:00:00,1.822089,0.263231,0,2.08532
22/06/2024,07:00:00,1.772172,0.263012,0,2.035184
22/06/2024,08:00:00,1.723623,0.262793,0,1.986416
22/06/2024,09:00:00,1.676403,0.262574,0,1.938977
22/06/2024,10:00:00,1.630477,0.262355,0,1.892832
22/06/2024,11:00:00,1.585809,0.262137,0,1.847946
22/06/2024,12:00:00,1.542365,0.261918,0,1.804283
22/06/2024,13:00:00,1.500111,0.2617,0,1.761811
22/06/2024,14:00:00,1.459015,0.261482,0,1.720497
22/06/2024,15:00:00,1.419045,0.261264,0,1.680309
22/06/2024,16:00:00,1.380169,0.261047,0,1.641216
22/06/2024,17:00:00,1.342359,0.260829,0,1.603188
22/06/2024,18:00:00,1.305584,0.260612,0,1.566196
22/06/2024,19:00:00,1.269817,0.260395,0,1.530212
22/06/2024,20:00:00,1.23503,0.260178,0,1.495208
22/06/2024,21:00:00,1.201195,0.259961,0,1.461156
22/06/2024,22:00:00,1.168288,0.259745,0,1.428033
22/06/2024,23:00:00,1.136282,0.259528,0,1.39581
23/06/2024,00:00:00,1.105153,0.259312,0,1.364465
23/06/2024,01:00:00,1.074877,0.259096,0,1.333973
23/06/2024,02:00:00,1.04543,0.25888,0,1.30431
23/06/2024,03:00:00,1.01679,0.258665,0,1.275455
23/06/2024,04:00:00,0.988934,0.258449,0,1.247383
23/06/2024,05:00:00,0.961842,0.258234,0,1.220076
23/06/2024,06:00:00,0.935492,0.258019,0,1.193511
23/06/2024,07:00:00,0.909864,0.257804,0,1.167668
23/06/2024,08:00:00,0.884937,0.257589,0,1.142526
23/06/2024,09:00:00,0.860694,0.257374,0,1.118068
23/06/2024,10:00:00,0.837115,0.25716,0,1.094275
23/06/2024,11:00:00,0.814182,0.256946,0,1.071128
23/06/2024,12:00:00,0.791877,0.256732,0,1.048609
23/06/2024,13:00:00,0.770183,0.256518,0,1.026701
23/06/2024,14:00:00,0.749083,0.256304,0,1.005387
23/06/2024,15:00:00,0.728562,0.256091,0,0.984653
23/06/2024,16:00:00,0.708602,0.255877,0,0.964479
23/06/2024,17:00:00,0.68919,0.255664,0,0.944854
23/06/2024,18:00:00,0.670309,0.255451,0,0.92576
23/06/2024,19:00:00,0.651946,0.255239,0,0.907185
23/06/2024,20:00:00,0.634085,0.255026,0,0.889111
23/06/2024,21:00:00,0.616714,0.254814,0,0.871528
23/06/2024,22:00:00,0.599819,0.254601,0,0.85442
23/06/2024,23:00:00,0.583387,0.254389,0,0.837776
24/06/2024,00:00:00,0.567405,0.254177,0,0.821582
24/06/2024,01:00:00,0.55186,0.253966,0,0.805826
24/06/2024,02:00:00,0.536742,0.253754,0,0.790496
24/06/2024,03:00:00,0.522037,0.253543,0,0.77558
24/06/2024,04:00:00,0.507736,0.253332,0,0.761068
24/06/2024,05:00:00,0.493826,0.25312,0,0.746946
24/06/2024,06:00:00,0.480298,0.25291,0,0.733208
24/06/2024,07:00:00,0.46714,0.252699,0,0.719839
24/06/2024,08:00:00,0.454342,0.252488,0,0.70683
24/06/2024,09:00:00,0.441895,0.252278,0,0.694173
24/06/2024,10:00:00,0.429789,0.252068,0,0.681857
24/06/2024,11:00:00,0.418015,0.251858,0,0.669873
24/06/2024,12:00:00,0.406563,0.251648,0,0.658211
24/06/2024,13:00:00,0.395425,0.251439,0,0.646864
24/06/2024,14:00:00,0.384592,0.251229,0,0.635821
24/06/2024,15:00:00,0.374056,0.25102,0,0.625076
24/06/2024,16:00:00,0.363809,0.250811,0,0.61462
24/06/2024,17:00:00,0.353842,0.250602,0,0.604444
24/06/2024,18:00:00,0.344148,0.250393,0,0.594541
24/06/2024,19:00:00,0.33472,0.250185,0,0.584905
24/06/2024,20:00:00,0.32555,0.249976,0,0.575526
24/06/2024,21:00:00,0.316632,0.249768,0,0.5664
24/06/2024,22:00:00,0.307957,0.24956,0,0.557517
24/06/2024,23:00:00,0.299521,0.249352,0,0.548873
25/06/2024,00:00:00,0.291315,0.249144,0,0.540459
25/06/2024,01:00:00,0.283334,0.248937,0,0.532271
25/06/2024,02:00:00,0.275572,0.248729,0,0.524301
25/06/2024,03:00:00,0.268023,0.248522,0,0.516545
25/06/2024,04:00:00,0.26068,0.248315,0,0.508995
25/06/2024,05:00:00,0.253539,0.248108,0,0.501647
25/06/2024,06:00:00,0.246593,0.247902,0,0.494495
25/06/2024,07:00:00,0.239837,0.247695,0,0.487532
25/06/2024,08:00:00,0.233267,0.247489,0,0.480756
25/06/2024,09:00:00,0.226876,0.247283,0,0.474159
25/06/2024,10:00:00,0.220661,0.247077,0,0.467738
25/06/2024,11:00:00,0.214616,0.246871,0,0.461487
25/06/2024,12:00:00,0.208736,0.246665,0,0.455401
25/06/2024,13:00:00,0.203018,0.24646,0,0.449478
25/06/2024,14:00:00,0.197456,0.246254,0,0.44371
25/06/2024,15:00:00,0.192047,0.246049,0,0.438096
25/06/2024,16:00:00,0.186786,0.245844,0,0.43263
25/06/2024,17:00:00,0.181668,0.24564,0,0.427308
25/06/2024,18:00:00,0.176692,0.245435,0,0.422127
25/06/2024,19:00:00,0.171851,0.245231,0,0.417082
25/06/2024,20:00:00,0.167143,0.245026,0,0.412169
25/06/2024,21:00:00,0.162564,0.244822,0,0.407386
25/06/2024,22:00:00,0.158111,0.244618,0,0.402729
25/06/2024,23:00:00,0.153779,0.244414,0,0.398193
26/06/2024,00:00:00,0.149566,0.244211,0,0.393777
26/06/2024,01:00:00,0.145469,0.244007,0,0.389476
26/06/2024,02:00:00,0.141484,0.243804,0,0.385288
26/06/2024,03:00:00,0.137608,0.243601,0,0.381209
26/06/2024,04:00:00,0.133838,0.243398,0,0.377236
26/06/2024,05:00:00,0.130171,0.243195,0,0.373366
26/06/2024,06:00:00,0.126605,0.242993,0,0.369598
26/06/2024,07:00:00,0.123137,0.24279,0,0.365927
26/06/2024,08:00:00,0.119763,0.242588,0,0.362351
26/06/2024,09:00:00,0.116482,0.242386,0,0.358868
26/06/2024,10:00:00,0.113291,0.242184,0,0.355475
26/06/2024,11:00:00,0.110188,0.241983,0,0.352171
26/06/2024,12:00:00,0.107169,0.241781,0,0.34895
26/06/2024,13:00:00,0.104233,0.24158,0,0.345813
26/06/2024,14:00:00,0.101377,0.241378,0,0.342755
26/06/2024,15:00:00,0.0986,0.241177,0,0.339777
26/06/2024,16:00:00,0.095899,0.240976,0,0.336875
26/06/2024,17:00:00,0.093272,0.240776,0,0.334048
26/06/2024,18:00:00,0.090716,0.240575,0,0.331291
26/06/2024,19:00:00,0.088231,0.240375,0,0.328606
26/06/2024,20:00:00,0.085814,0.240174,0,0.325988
26/06/2024,21:00:00,0.083463,0.239974,0,0.323437
26/06/2024,22:00:00,0.081177,0.239774,0,0.320951
26/06/2024,23:00:00,0.078953,0.239575,0,0.318528
27/06/2024,00:00:00,0.07679,0.239375,0,0.316165
27/06/2024,01:00:00,0.074686,0.239176,0,0.313862
27/06/2024,02:00:00,0.07264,0.238977,0,0.311617
27/06/2024,03:00:00,0.07065,0.238778,0,0.309428
27/06/2024,04:00:00,0.068715,0.238579,0,0.307294
27/06/2024,05:00:00,0.066832,0.23838,0,0.305212
27/06/2024,06:00:00,0.065001,0.238181,0,0.303182
27/06/2024,07:00:00,0.06322,0.237983,0,0.301203
27/06/2024,08:00:00,0.061489,0.237785,0,0.299274
27/06/2024,09:00:00,0.059804,0.237587,0,0.297391
27/06/2024,10:00:00,0.058166,0.237389,0,0.295555
27/06/2024,11:00:00,0.056572,0.237191,0,0.293763
27/06/2024,12:00:00,0.055022,0.236993,0,0.292015
27/06/2024,13:00:00,0.053515,0.236796,0,0.290311
27/06/2024,14:00:00,0.052049,0.236599,0,0.288648
27/06/2024,15:00:00,0.050623,0.236402,0,0.287025
27/06/2024,16:00:00,0.049236,0.236205,0,0.285441
27/06/2024,17:00:00,0.047887,0.236008,0,0.283895
27/06/2024,18:00:00,0.046575,0.235811,0,0.282386
27/06/2024,19:00:00,0.045299,0.235615,0,0.280914
27/06/2024,20:00:00,0.044058,0.235419,0,0.279477
27/06/2024,21:00:00,0.042851,0.235223,0,0.278074
27/06/2024,22:00:00,0.041677,0.235027,0,0.276704
27/06/2024,23:00:00,0.040536,0.234831,0,0.275367
28/06/2024,00:00:00,0.039425,0.234635,0,0.27406
28/06/2024,01:00:00,0.038345,0.23444,0,0.272785
28/06/2024,02:00:00,0.037295,0.234245,0,0.27154
28/06/2024,03:00:00,0.036273,0.234049,0,0.270322
28/06/2024,04:00:00,0.035279,0.233854,0,0.269133
28/06/2024,05:00:00,0.034313,0.23366,0,0.267973
28/06/2024,06:00:00,0.033373,0.233465,0,0.266838
28/06/2024,07:00:00,0.032458,0.233271,0,0.265729
28/06/2024,08:00:00,0.031569,0.233076,0,0.264645
28/06/2024,09:00:00,0.030704,0.232882,0,0.263586
28/06/2024,10:00:00,0.029863,0.232688,0,0.262551
28/06/2024,11:00:00,0.029045,0.232494,0,0.261539
28/06/2024,12:00:00,0.028249,0.232301,0,0.26055
28/06/2024,13:00:00,0.027475,0.232107,0,0.259582
28/06/2024,14:00:00,0.026723,0.231914,0,0.258637
28/06/2024,15:00:00,0.025991,0.231721,0,0.257712
28/06/2024,16:00:00,0.025279,0.231528,0,0.256807
28/06/2024,17:00:00,0.024586,0.231335,0,0.255921
28/06/2024,18:00:00,0.023913,0.231142,0,0.255055
28/06/2024,19:00:00,0.023258,0.230949,0,0.254207
28/06/2024,20:00:00,0.02262,0.230757,0,0.253377
28/06/2024,21:00:00,0.022001,0.230565,0,0.252566
28/06/2024,22:00:00,0.021398,0.230373,0,0.251771
28/06/2024,23:00:00,0.020812,0.230181,0,0.250993
29/06/2024,00:00:00,0.020242,0.229989,0,0.250231
29/06/2024,01:00:00,0.019687,0.229798,0,0.249485
29/06/2024,02:00:00,0.019148,0.229606,0,0.248754
29/06/2024,03:00:00,0.018623,0.229415,0,0.248038
29/06/2024,04:00:00,0.018113,0.229224,0,0.247337
29/06/2024,05:00:00,0.017617,0.229033,0,0.24665
29/06/2024,06:00:00,0.017134,0.228842,0,0.245976
29/06/2024,07:00:00,0.016665,0.228651,0,0.245316
29/06/2024,08:00:00,0.016208,0.228461,0,0.244669
29/06/2024,09:00:00,0.015764,0.228271,0,0.244035
29/06/2024,10:00:00,0.015332,0.228081,0,0.243413
29/06/2024,11:00:00,0.014912,0.227891,0,0.242803
29/06/2024,12:00:00,0.014504,0.227701,0,0.242205
29/06/2024,13:00:00,0.014106,0.227511,0,0.241617
29/06/2024,14:00:00,0.01372,0.227322,0,0.241042
29/06/2024,15:00:00,0.013344,0.227132,0,0.240476
29/06/2024,16:00:00,0.012979,0.226943,0,0.239922
29/06/2024,17:00:00,0.012623,0.226754,1.836538,0.239377
29/06/2024,18:00:00,0.012277,0.226565,0.550151,0.238842
29/06/2024,19:00:00,0.011941,0.226376,0.023246,0.238317
29/06/2024,20:00:00,0.011614,0.226188,0,0.237802
29/06/2024,21:00:00,0.011296,0.225999,0,0.237295
29/06/2024,22:00:00,0.010986,0.225811,0,0.236797
29/06/2024,23:00:00,0.010685,0.225623,0.076175,0.236308
30/06/2024,00:00:00,0.010392,0.225435,0.003815,0.235827
30/06/2024,01:00:00,0.010108,0.225247,0,0.235355
30/06/2024,02:00:00,0.009831,0.22506,0,0.234891
30/06/2024,03:00:00,0.009561,0.224872,0,0.234433
30/06/2024,04:00:00,0.0093,0.224685,0,0.233985
30/06/2024,05:00:00,0.009045,0.224498,0,0.233543
30/06/2024,06:00:00,0.008797,0.224311,0,0.233108
30/06/2024,07:00:00,0.008556,0.224124,0,0.23268
30/06/2024,08:00:00,0.008322,0.223937,0,0.232259
30/06/2024,09:00:00,0.329046,0.22619,0,0.555236
30/06/2024,10:00:00,0.396143,0.22658,0,0.622723
30/06/2024,11:00:00,0.38529,0.226392,0,0.611682
30/06/2024,12:00:00,0.374735,0.226203,0,0.600938
30/06/2024,13:00:00,0.364469,0.226015,0,0.590484
30/06/2024,14:00:00,0.354484,0.225826,0,0.58031
30/06/2024,15:00:00,0.344773,0.225638,0,0.570411
30/06/2024,16:00:00,0.335327,0.22545,0,0.560777
30/06/2024,17:00:00,0.326141,0.225263,0.038147,0.551404
30/06/2024,18:00:00,0.317206,0.225075,0.154138,0.542281
30/06/2024,19:00:00,0.308516,0.224887,1.140118,0.533403
30/06/2024,20:00:00,0.300064,0.2247,0.057697,0.524764
30/06/2024,21:00:00,0.291844,0.224513,1.874566,0.516357
30/06/2024,22:00:00,0.283849,0.224326,0.780463,0.508175
30/06/2024,23:00:00,0.276072,0.224139,0.082493,0.500211
01/07/2024,00:00:00,0.268509,0.223952,0.002384,0.492461
01/07/2024,01:00:00,0.261153,0.223766,0,0.484919
01/07/2024,02:00:00,0.253999,0.223579,0,0.477578
01/07/2024,03:00:00,0.24704,0.223393,0,0.470433
01/07/2024,04:00:00,0.240273,0.223207,0,0.46348
01/07/2024,05:00:00,0.23369,0.223021,0,0.456711
01/07/2024,06:00:00,0.227288,0.222835,0,0.450123
01/07/2024,07:00:00,0.221061,0.22265,0,0.443711
01/07/2024,08:00:00,0.215005,0.222464,0,0.437469
01/07/2024,09:00:00,0.209115,0.222279,0,0.431394
01/07/2024,10:00:00,0.208961,0.222136,0,0.431097
01/07/2024,11:00:00,0.395989,0.223416,0,0.619405
01/07/2024,12:00:00,0.385141,0.22323,0,0.608371
01/07/2024,13:00:00,0.707934,0.225578,0,0.933512
01/07/2024,14:00:00,0.814141,0.226345,0,1.040486
01/07/2024,15:00:00,0.791837,0.226157,0,1.017994
01/07/2024,16:00:00,0.770144,0.225968,0,0.996112
01/07/2024,17:00:00,0.749045,0.22578,0,0.974825
01/07/2024,18:00:00,0.728525,0.225592,0,0.954117
01/07/2024,19:00:00,0.708567,0.225404,0,0.933971
01/07/2024,20:00:00,0.689155,0.225216,0,0.914371
01/07/2024,21:00:00,0.670275,0.225029,0,0.895304
01/07/2024,22:00:00,0.651913,0.224841,0,0.876754
01/07/2024,23:00:00,0.634053,0.224654,0,0.858707
02/07/2024,00:00:00,0.616683,0.224467,0,0.84115
02/07/2024,01:00:00,0.599789,0.22428,0,0.824069
02/07/2024,02:00:00,0.583357,0.224093,1.056314,0.80745
02/07/2024,03:00:00,0.567376,0.223906,2.194762,0.791282
02/07/2024,04:00:00,0.551832,0.22372,1.431704,0.775552
02/07/2024,05:00:00,0.536715,0.223533,0.124335,0.760248
02/07/2024,06:00:00,0.522011,0.223347,0.212312,0.745358
02/07/2024,07:00:00,0.50771,0.223161,0.705242,0.730871
02/07/2024,08:00:00,0.493801,0.222975,0.035405,0.716776
02/07/2024,09:00:00,0.480273,0.222789,0.437737,0.703062
02/07/2024,10:00:00,0.467116,0.222604,0.022173,0.68972
02/07/2024,11:00:00,0.454319,0.222419,0,0.676738
02/07/2024,12:00:00,0.441873,0.222233,0,0.664106
02/07/2024,13:00:00,0.429767,0.222048,0,0.651815
02/07/2024,14:00:00,0.417994,0.221863,0,0.639857
02/07/2024,15:00:00,0.406543,0.221678,0,0.628221
02/07/2024,16:00:00,0.395405,0.221494,0,0.616899
02/07/2024,17:00:00,0.384573,0.221309,0,0.605882
02/07/2024,18:00:00,0.562055,0.222554,0,0.784609
02/07/2024,19:00:00,0.952186,0.225451,0,1.177637
02/07/2024,20:00:00,1.187659,0.227252,0,1.414911
02/07/2024,21:00:00,1.167084,0.227153,0,1.394237
02/07/2024,22:00:00,1.164061,0.227184,0,1.391245
02/07/2024,23:00:00,1.255798,0.227935,0,1.483733
03/07/2024,00:00:00,1.221395,0.227745,0,1.44914
03/07/2024,01:00:00,1.260704,0.228108,0,1.488812
03/07/2024,02:00:00,1.226166,0.227918,0,1.454084
03/07/2024,03:00:00,1.192575,0.227728,0,1.420303
03/07/2024,04:00:00,1.159904,0.227539,0,1.387443
03/07/2024,05:00:00,1.128128,0.227349,0,1.355477
03/07/2024,06:00:00,1.097222,0.22716,0,1.324382
03/07/2024,07:00:00,1.067163,0.22697,0.285506,1.294133
03/07/2024,08:00:00,1.037928,0.226781,3.373623,1.264709
03/07/2024,09:00:00,1.009493,0.226593,4.367352,1.236086
03/07/2024,10:00:00,0.981837,0.226404,0.242114,1.208241
03/07/2024,11:00:00,0.954939,0.226215,0.001431,1.181154
03/07/2024,12:00:00,0.928778,0.226027,0,1.154805
03/07/2024,13:00:00,0.903334,0.225838,0,1.129172
03/07/2024,14:00:00,0.878587,0.22565,0,1.104237
03/07/2024,15:00:00,0.854517,0.225462,0,1.079979
03/07/2024,16:00:00,0.831107,0.225275,0.447273,1.056382
03/07/2024,17:00:00,0.808339,0.225087,0.022769,1.033426
03/07/2024,18:00:00,0.786194,0.224899,0,1.011093
03/07/2024,19:00:00,0.764656,0.224712,0,0.989368
03/07/2024,20:00:00,0.743708,0.224525,0,0.968233
03/07/2024,21:00:00,0.723333,0.224338,0,0.947671
03/07/2024,22:00:00,0.703517,0.224151,0,0.927668
03/07/2024,23:00:00,0.722806,0.224257,0.038028,0.947063
04/07/2024,00:00:00,1.333608,0.228864,0.001907,1.562472
04/07/2024,01:00:00,2.124822,0.234965,0,2.359787
04/07/2024,02:00:00,2.094424,0.234981,0,2.329405
04/07/2024,03:00:00,2.037046,0.234785,0,2.271831
04/07/2024,04:00:00,1.98124,0.23459,0.171304,2.21583
04/07/2024,05:00:00,1.926963,0.234394,1.179218,2.161357
04/07/2024,06:00:00,1.874173,0.234199,0.059485,2.108372
04/07/2024,07:00:00,1.822829,0.234004,0,2.056833
04/07/2024,08:00:00,1.834599,0.234278,0,2.068877
04/07/2024,09:00:00,1.78434,0.234083,0,2.018423
04/07/2024,10:00:00,1.735457,0.233888,0,1.969345
04/07/2024,11:00:00,1.687913,0.233693,0,1.921606
04/07/2024,12:00:00,1.641672,0.233499,0,1.875171
04/07/2024,13:00:00,1.596697,0.233304,0,1.830001
04/07/2024,14:00:00,1.552955,0.23311,0,1.786065
04/07/2024,15:00:00,1.510411,0.232916,0,1.743327
04/07/2024,16:00:00,1.469032,0.232722,0,1.701754
04/07/2024,17:00:00,1.428788,0.232528,0,1.661316
04/07/2024,18:00:00,1.389645,0.232334,0,1.621979
04/07/2024,19:00:00,1.351575,0.232141,0,1.583716
04/07/2024,20:00:00,1.319356,0.231984,0,1.55134
04/07/2024,21:00:00,1.484075,0.233317,0,1.717392
04/07/2024,22:00:00,1.443418,0.233123,0,1.676541
04/07/2024,23:00:00,1.403874,0.232929,0,1.636803
05/07/2024,00:00:00,1.365415,0.232735,0,1.59815
05/07/2024,01:00:00,1.328008,0.232541,0,1.560549
05/07/2024,02:00:00,1.291627,0.232347,0,1.523974
05/07/2024,03:00:00,1.256242,0.232154,0,1.488396
05/07/2024,04:00:00,1.221827,0.23196,0,1.453787
05/07/2024,05:00:00,1.188354,0.231767,0,1.420121
05/07/2024,06:00:00,1.155798,0.231574,0,1.387372
05/07/2024,07:00:00,1.124135,0.231381,0,1.355516
05/07/2024,08:00:00,1.093338,0.231188,0,1.324526
05/07/2024,09:00:00,1.063386,0.230996,0.057101,1.294382
05/07/2024,10:00:00,1.034254,0.230803,0.669003,1.265057
05/07/2024,11:00:00,1.00592,0.230611,0.41461,1.236531
05/07/2024,12:00:00,0.978362,0.230419,0.019312,1.208781
05/07/2024,13:00:00,0.95156,0.230227,0,1.181787
05/07/2024,14:00:00,0.925491,0.230035,0,1.155526
05/07/2024,15:00:00,0.900137,0.229844,0.076175,1.129981
05/07/2024,16:00:00,0.875477,0.229652,0.032425,1.105129
05/07/2024,17:00:00,0.851493,0.229461,0.001431,1.080954
05/07/2024,18:00:00,0.828166,0.22927,0,1.057436
05/07/2024,19:00:00,0.805478,0.229079,0,1.034557
05/07/2024,20:00:00,0.783411,0.228888,0,1.012299
05/07/2024,21:00:00,0.761949,0.228697,0,0.990646
05/07/2024,22:00:00,0.741075,0.228507,0,0.969582
05/07/2024,23:00:00,0.720773,0.228316,0,0.949089
06/07/2024,00:00:00,0.701027,0.228126,0,0.929153
06/07/2024,01:00:00,0.681822,0.227936,0,0.909758
06/07/2024,02:00:00,0.774702,0.228594,0,1.003296
06/07/2024,03:00:00,0.815503,0.228875,0,1.044378
06/07/2024,04:00:00,0.793162,0.228685,0,1.021847
06/07/2024,05:00:00,0.771433,0.228494,0,0.999927
06/07/2024,06:00:00,0.750299,0.228304,0,0.978603
06/07/2024,07:00:00,0.729745,0.228114,0,0.957859
06/07/2024,08:00:00,0.709753,0.227924,0.066638,0.937677
06/07/2024,09:00:00,0.690309,0.227734,0.003338,0.918043
06/07/2024,10:00:00,0.671397,0.227544,0,0.898941
06/07/2024,11:00:00,0.653004,0.227355,0,0.880359
06/07/2024,12:00:00,0.635115,0.227165,0,0.86228
06/07/2024,13:00:00,0.617715,0.226976,0,0.844691
06/07/2024,14:00:00,0.600793,0.226787,0,0.82758
06/07/2024,15:00:00,0.584334,0.226598,0,0.810932
06/07/2024,16:00:00,0.568326,0.226409,0,0.794735
06/07/2024,17:00:00,0.552756,0.226221,0.038028,0.778977
06/07/2024,18:00:00,0.537613,0.226032,0.249386,0.763645
06/07/2024,19:00:00,0.522885,0.225844,0.012636,0.748729
06/07/2024,20:00:00,0.50856,0.225656,0,0.734216
06/07/2024,21:00:00,0.494628,0.225468,0,0.720096
06/07/2024,22:00:00,0.481077,0.22528,0,0.706357
06/07/2024,23:00:00,0.467898,0.225092,0,0.69299
07/07/2024,00:00:00,0.45508,0.224905,0,0.679985
07/07/2024,01:00:00,0.442612,0.224718,0,0.66733
07/07/2024,02:00:00,0.430487,0.22453,0,0.655017
07/07/2024,03:00:00,0.418693,0.224343,0,0.643036
07/07/2024,04:00:00,0.407223,0.224157,0,0.63138
07/07/2024,05:00:00,0.396067,0.22397,0,0.620037
07/07/2024,06:00:00,0.385217,0.223783,0,0.609
07/07/2024,07:00:00,0.374663,0.223597,0,0.59826
07/07/2024,08:00:00,0.364399,0.223411,0,0.58781
07/07/2024,09:00:00,0.354416,0.223225,0,0.577641
07/07/2024,10:00:00,0.370153,0.223232,0,0.593385
07/07/2024,11:00:00,0.360013,0.223046,0,0.583059
07/07/2024,12:00:00,0.35015,0.22286,0,0.57301
07/07/2024,13:00:00,0.340557,0.222675,0,0.563232
07/07/2024,14:00:00,0.331228,0.222489,0,0.553717
07/07/2024,15:00:00,0.322154,0.222304,0,0.544458
07/07/2024,16:00:00,0.313328,0.222119,0,0.535447
07/07/2024,17:00:00,0.304744,0.221934,0,0.526678
07/07/2024,18:00:00,0.296396,0.221749,0.58043,0.518145
07/07/2024,19:00:00,0.288276,0.221564,2.027869,0.50984
07/07/2024,20:00:00,0.280378,0.221379,0.101686,0.501757
07/07/2024,21:00:00,0.272697,0.221195,0,0.493892
07/07/2024,22:00:00,0.265226,0.221011,0,0.486237
07/07/2024,23:00:00,0.25796,0.220827,0,0.478787
08/07/2024,00:00:00,0.250893,0.220643,0,0.471536
08/07/2024,01:00:00,0.24402,0.220459,0,0.464479
08/07/2024,02:00:00,0.237335,0.220275,0,0.45761
08/07/2024,03:00:00,0.230833,0.220092,0,0.450925
08/07/2024,04:00:00,0.224509,0.219909,0,0.444418
08/07/2024,05:00:00,0.218359,0.219725,0,0.438084
08/07/2024,06:00:00,0.212377,0.219542,0,0.431919
08/07/2024,07:00:00,0.206559,0.219359,0,0.425918
08/07/2024,08:00:00,0.2009,0.219177,0,0.420077
08/07/2024,09:00:00,0.195396,0.218994,0,0.41439
08/07/2024,10:00:00,0.278184,0.219482,0,0.497666
08/07/2024,11:00:00,0.63291,0.222053,0,0.854963
08/07/2024,12:00:00,0.615572,0.221868,0,0.83744
08/07/2024,13:00:00,0.598708,0.221683,0,0.820391
08/07/2024,14:00:00,0.582306,0.221499,0,0.803805
08/07/2024,15:00:00,0.566353,0.221314,0,0.787667
08/07/2024,16:00:00,0.550838,0.22113,0,0.771968
08/07/2024,17:00:00,0.535747,0.220946,0,0.756693
08/07/2024,18:00:00,0.52107,0.220762,0,0.741832
08/07/2024,19:00:00,0.506795,0.220578,0,0.727373
08/07/2024,20:00:00,0.492911,0.220394,0,0.713305
08/07/2024,21:00:00,0.479408,0.22021,0,0.699618
08/07/2024,22:00:00,0.466274,0.220027,0,0.686301
08/07/2024,23:00:00,0.4535,0.219844,0,0.673344
09/07/2024,00:00:00,0.441076,0.219661,0,0.660737
09/07/2024,01:00:00,0.428993,0.219478,0,0.648471
09/07/2024,02:00:00,0.41724,0.219295,0,0.636535
09/07/2024,03:00:00,0.40581,0.219112,0,0.624922
09/07/2024,04:00:00,0.394692,0.21893,0,0.613622
09/07/2024,05:00:00,0.38388,0.218747,0,0.602627
09/07/2024,06:00:00,0.373363,0.218565,0,0.591928
09/07/2024,07:00:00,0.363135,0.218383,0,0.581518
09/07/2024,08:00:00,0.353186,0.218201,0,0.571387
09/07/2024,09:00:00,0.343511,0.218019,0,0.56153
09/07/2024,10:00:00,0.3341,0.217838,0,0.551938
09/07/2024,11:00:00,0.324947,0.217656,0,0.542603
09/07/2024,12:00:00,0.316045,0.217475,0,0.53352
09/07/2024,13:00:00,0.307387,0.217294,0,0.524681
09/07/2024,14:00:00,0.298966,0.217113,0,0.516079
09/07/2024,15:00:00,0.290775,0.216932,0.475764,0.507707
09/07/2024,16:00:00,0.282809,0.216751,14.992356,0.49956
09/07/2024,17:00:00,0.275062,0.216571,5.215168,0.491633
09/07/2024,18:00:00,0.267526,0.21639,3.642797,0.483916
09/07/2024,19:00:00,0.260197,0.21621,1.096964,0.476407
09/07/2024,20:00:00,0.253069,0.21603,0.046968,0.469099
09/07/2024,21:00:00,0.246136,0.21585,0,0.461986
09/07/2024,22:00:00,0.239393,0.21567,0,0.455063
09/07/2024,23:00:00,0.232835,0.215491,0,0.448326
10/07/2024,00:00:00,0.226456,0.215311,0,0.441767
10/07/2024,01:00:00,0.220252,0.215132,0,0.435384
10/07/2024,02:00:00,0.214218,0.214953,0,0.429171
10/07/2024,03:00:00,0.20835,0.214773,0.038028,0.423123
10/07/2024,04:00:00,0.202642,0.214595,0.001907,0.417237
10/07/2024,05:00:00,0.19709,0.214416,0,0.411506
10/07/2024,06:00:00,0.191691,0.214237,0,0.405928
10/07/2024,07:00:00,0.245057,0.214504,0,0.459561
10/07/2024,08:00:00,3.042903,0.235643,0,3.278546
10/07/2024,09:00:00,3.938043,0.242884,0,4.180927
10/07/2024,10:00:00,4.51109,0.247858,0,4.758948
10/07/2024,11:00:00,4.571654,0.249051,0.047565,4.820705
10/07/2024,12:00:00,4.446411,0.248844,0.002503,4.695255
10/07/2024,13:00:00,4.324599,0.248637,0,4.573236
10/07/2024,14:00:00,4.206124,0.248429,0,4.454553
10/07/2024,15:00:00,4.090895,0.248223,0,4.339118
10/07/2024,16:00:00,3.978823,0.248016,0,4.226839
10/07/2024,17:00:00,3.869821,0.247809,0,4.11763
10/07/2024,18:00:00,3.763805,0.247603,0,4.011408
10/07/2024,19:00:00,3.660694,0.247397,0,3.908091
10/07/2024,20:00:00,3.560407,0.24719,0,3.807597
10/07/2024,21:00:00,3.462868,0.246985,0,3.709853
10/07/2024,22:00:00,3.368001,0.246779,0,3.61478
10/07/2024,23:00:00,3.275733,0.246573,0,3.522306
11/07/2024,00:00:00,3.185992,0.246368,0,3.43236
11/07/2024,01:00:00,3.09871,0.246163,0,3.344873
11/07/2024,02:00:00,3.01382,0.245958,0,3.259778
11/07/2024,03:00:00,2.931255,0.245753,0,3.177008
11/07/2024,04:00:00,2.850951,0.245548,0,3.096499
11/07/2024,05:00:00,2.772848,0.245343,0,3.018191
11/07/2024,06:00:00,2.696884,0.245139,0,2.942023
11/07/2024,07:00:00,2.623002,0.244935,0,2.867937
11/07/2024,08:00:00,2.551143,0.244731,0,2.795874
11/07/2024,09:00:00,2.481253,0.244527,0,2.72578
11/07/2024,10:00:00,2.413278,0.244323,0,2.657601
11/07/2024,11:00:00,2.347165,0.24412,0,2.591285
11/07/2024,12:00:00,2.282863,0.243916,0,2.526779
11/07/2024,13:00:00,2.220323,0.243713,0,2.464036
11/07/2024,14:00:00,2.159496,0.24351,0,2.403006
11/07/2024,15:00:00,2.100336,0.243307,0,2.343643
11/07/2024,16:00:00,2.042796,0.243105,0,2.285901
11/07/2024,17:00:00,1.986832,0.242902,0,2.229734
11/07/2024,18:00:00,1.932402,0.2427,0,2.175102
11/07/2024,19:00:00,1.879463,0.242498,0,2.121961
11/07/2024,20:00:00,1.827974,0.242296,0,2.07027
11/07/2024,21:00:00,1.777896,0.242094,0,2.01999
11/07/2024,22:00:00,1.729189,0.241892,0,1.971081
11/07/2024,23:00:00,1.681817,0.241691,0,1.923508
12/07/2024,00:00:00,1.635743,0.241489,0,1.877232
12/07/2024,01:00:00,1.590931,0.241288,0,1.832219
12/07/2024,02:00:00,1.547347,0.241087,0,1.788434
12/07/2024,03:00:00,1.504956,0.240886,0,1.745842
12/07/2024,04:00:00,1.463727,0.240686,0.047565,1.704413
12/07/2024,05:00:00,1.423628,0.240485,1.867414,1.664113
12/07/2024,06:00:00,1.384627,0.240285,2.178907,1.624912
12/07/2024,07:00:00,1.346694,0.240085,3.66497,1.586779
12/07/2024,08:00:00,1.309801,0.239885,4.263282,1.549686
12/07/2024,09:00:00,1.273918,0.239685,3.252864,1.513603
12/07/2024,10:00:00,1.239018,0.239485,0.678301,1.478503
12/07/2024,11:00:00,1.205075,0.239286,0.026703,1.444361
12/07/2024,12:00:00,1.172061,0.239087,0,1.411148
12/07/2024,13:00:00,1.139952,0.238887,0,1.378839
12/07/2024,14:00:00,1.108722,0.238688,0,1.34741
12/07/2024,15:00:00,1.078348,0.23849,0.047565,1.316838
12/07/2024,16:00:00,1.048806,0.238291,0.002384,1.287097
12/07/2024,17:00:00,1.020074,0.238092,0,1.258166
12/07/2024,18:00:00,0.992128,0.237894,0,1.230022
12/07/2024,19:00:00,0.964948,0.237696,0,1.202644
12/07/2024,20:00:00,0.938769,0.2375,0,1.176269
12/07/2024,21:00:00,1.262622,0.239959,0,1.502581
12/07/2024,22:00:00,1.638865,0.242882,1.589179,1.881747
12/07/2024,23:00:00,2.295995,0.248016,0.080824,2.544011
13/07/2024,00:00:00,3.058478,0.254084,0,3.312562
13/07/2024,01:00:00,3.606701,0.258676,0,3.865377
13/07/2024,02:00:00,3.630453,0.259392,0,3.889845
13/07/2024,03:00:00,3.530995,0.259176,0.104666,3.790171
13/07/2024,04:00:00,3.434261,0.258961,0.005364,3.693222
13/07/2024,05:00:00,3.340178,0.258745,0.028491,3.598923
13/07/2024,06:00:00,3.248672,0.258529,0.134706,3.507201
13/07/2024,07:00:00,3.159672,0.258314,0.139952,3.417986
13/07/2024,08:00:00,3.073112,0.258099,0.473142,3.331211
13/07/2024,09:00:00,2.988922,0.257884,0.052214,3.246806
13/07/2024,10:00:00,2.907039,0.257669,0.048995,3.164708
13/07/2024,11:00:00,2.827399,0.257454,0.259399,3.084853
13/07/2024,12:00:00,2.749941,0.25724,0.488877,3.007181
13/07/2024,13:00:00,2.674605,0.257026,0.024199,2.931631
13/07/2024,14:00:00,2.898768,0.259072,0,3.15784
13/07/2024,15:00:00,2.819355,0.258857,0,3.078212
13/07/2024,16:00:00,2.742117,0.258641,0,3.000758
13/07/2024,17:00:00,2.666995,0.258426,0,2.925421
13/07/2024,18:00:00,2.593931,0.25821,0,2.852141
13/07/2024,19:00:00,2.52287,0.257995,0,2.780865
13/07/2024,20:00:00,2.453754,0.25778,0,2.711534
13/07/2024,21:00:00,2.386532,0.257566,0,2.644098
13/07/2024,22:00:00,2.324782,0.257379,0,2.582161
13/07/2024,23:00:00,2.265163,0.257195,0,2.522358
14/07/2024,00:00:00,2.272767,0.25751,0,2.530277
14/07/2024,01:00:00,2.210503,0.257296,0,2.467799
14/07/2024,02:00:00,2.149945,0.257082,0,2.407027
14/07/2024,03:00:00,2.116364,0.25706,0,2.373424
14/07/2024,04:00:00,2.128747,0.257381,0,2.386128
14/07/2024,05:00:00,2.070429,0.257166,0,2.327595
14/07/2024,06:00:00,2.013708,0.256952,0,2.27066
14/07/2024,07:00:00,1.958542,0.256738,0,2.21528
14/07/2024,08:00:00,1.904886,0.256524,0,2.16141
14/07/2024,09:00:00,1.852701,0.25631,0,2.109011
14/07/2024,10:00:00,1.801945,0.256097,0,2.058042
14/07/2024,11:00:00,1.75258,0.255884,0,2.008464
14/07/2024,12:00:00,1.704567,0.255671,0,1.960238
14/07/2024,13:00:00,1.65787,0.255458,0,1.913328
14/07/2024,14:00:00,1.612451,0.255245,0,1.867696
14/07/2024,15:00:00,1.568277,0.255032,0,1.823309
14/07/2024,16:00:00,1.525314,0.25482,0,1.780134
14/07/2024,17:00:00,1.483527,0.254607,0,1.738134
14/07/2024,18:00:00,1.442885,0.254395,0,1.69728
14/07/2024,19:00:00,1.403356,0.254183,0,1.657539
14/07/2024,20:00:00,1.364911,0.253972,0,1.618883
14/07/2024,21:00:00,1.327518,0.25376,0,1.581278
14/07/2024,22:00:00,1.29115,0.253549,0,1.544699
14/07/2024,23:00:00,1.255778,0.253338,0,1.509116
15/07/2024,00:00:00,1.221376,0.253127,0,1.474503
15/07/2024,01:00:00,1.187915,0.252916,0,1.440831
15/07/2024,02:00:00,1.155372,0.252705,0,1.408077
15/07/2024,03:00:00,1.12372,0.252495,0,1.376215
15/07/2024,04:00:00,1.092935,0.252284,0,1.345219
15/07/2024,05:00:00,1.062993,0.252074,0,1.315067
15/07/2024,06:00:00,1.033872,0.251864,0,1.285736
15/07/2024,07:00:00,1.005549,0.251654,0,1.257203
15/07/2024,08:00:00,0.978001,0.251445,0,1.229446
15/07/2024,09:00:00,0.951208,0.251235,0,1.202443
15/07/2024,10:00:00,0.92515,0.251026,0,1.176176
15/07/2024,11:00:00,0.899804,0.250817,0,1.150621
15/07/2024,12:00:00,0.875154,0.250608,0,1.125762
15/07/2024,13:00:00,0.851179,0.250399,0,1.101578
15/07/2024,14:00:00,0.82786,0.250191,0,1.078051
15/07/2024,15:00:00,0.80518,0.249982,0,1.055162
15/07/2024,16:00:00,0.783122,0.249774,0.047565,1.032896
15/07/2024,17:00:00,0.761668,0.249566,0.030994,1.011234
15/07/2024,18:00:00,0.740802,0.249358,0.001431,0.99016
15/07/2024,19:00:00,0.720507,0.24915,3.08311,0.969657
15/07/2024,20:00:00,0.700768,0.248943,7.645726,0.949711
15/07/2024,21:00:00,0.681571,0.248735,0.381231,0.930306
15/07/2024,22:00:00,0.662899,0.248528,0,0.911427
15/07/2024,23:00:00,0.644738,0.248321,0,0.893059
16/07/2024,00:00:00,0.627075,0.248114,0,0.875189
16/07/2024,01:00:00,0.609896,0.247908,0,0.857804
16/07/2024,02:00:00,0.593188,0.247701,0,0.840889
16/07/2024,03:00:00,0.576937,0.247495,0,0.824432
16/07/2024,04:00:00,0.561132,0.247289,0,0.808421
16/07/2024,05:00:00,0.545759,0.247083,0,0.792842
16/07/2024,06:00:00,0.530808,0.246877,0,0.777685
16/07/2024,07:00:00,0.516266,0.246671,0,0.762937
16/07/2024,08:00:00,0.502123,0.246466,0,0.748589
16/07/2024,09:00:00,0.488367,0.24626,0,0.734627
16/07/2024,10:00:00,0.474988,0.246055,0,0.721043
16/07/2024,11:00:00,1.037719,0.250227,0.056982,1.287946
16/07/2024,12:00:00,2.488502,0.261262,0.069618,2.749764
16/07/2024,13:00:00,2.474,0.261452,0.003338,2.735452
16/07/2024,14:00:00,2.406223,0.261235,0,2.667458
16/07/2024,15:00:00,2.340303,0.261017,0,2.60132
16/07/2024,16:00:00,2.276189,0.2608,0,2.536989
16/07/2024,17:00:00,2.213832,0.260582,0,2.474414
16/07/2024,18:00:00,2.153183,0.260365,0,2.413548
16/07/2024,19:00:00,2.094195,0.260148,0,2.354343
16/07/2024,20:00:00,2.036824,0.259932,0,2.296756
16/07/2024,21:00:00,1.981024,0.259715,0.161767,2.240739
16/07/2024,22:00:00,1.926753,0.259499,0.008225,2.186252
16/07/2024,23:00:00,1.873968,0.259283,0,2.133251
17/07/2024,00:00:00,1.82263,0.259067,0,2.081697
17/07/2024,01:00:00,1.772698,0.258851,0,2.031549
17/07/2024,02:00:00,1.724134,0.258635,0,1.982769
17/07/2024,03:00:00,1.676901,0.25842,0,1.935321
17/07/2024,04:00:00,1.630961,0.258205,0,1.889166
17/07/2024,05:00:00,1.58628,0.257989,0,1.844269
17/07/2024,06:00:00,1.542823,0.257775,0,1.800598
17/07/2024,07:00:00,1.500557,0.25756,0,1.758117
17/07/2024,08:00:00,1.459448,0.257345,0,1.716793
17/07/2024,09:00:00,1.419466,0.257131,0,1.676597
17/07/2024,10:00:00,1.380579,0.256917,0,1.637496
17/07/2024,11:00:00,1.342757,0.256703,0,1.59946
17/07/2024,12:00:00,1.305972,0.256489,0,1.562461
17/07/2024,13:00:00,1.271079,0.256282,0,1.527361
17/07/2024,14:00:00,1.236257,0.256069,0,1.492326
17/07/2024,15:00:00,1.202389,0.255855,0,1.458244
17/07/2024,16:00:00,1.169449,0.255642,0,1.425091
17/07/2024,17:00:00,1.137411,0.255429,0,1.39284
17/07/2024,18:00:00,1.106251,0.255216,0,1.361467
17/07/2024,19:00:00,1.075945,0.255004,0,1.330949
17/07/2024,20:00:00,1.046469,0.254791,0,1.30126
17/07/2024,21:00:00,1.017801,0.254579,0,1.27238
17/07/2024,22:00:00,0.989917,0.254367,0,1.244284
17/07/2024,23:00:00,0.962798,0.254155,0,1.216953
18/07/2024,00:00:00,0.936422,0.253944,0,1.190366
18/07/2024,01:00:00,0.910768,0.253732,0,1.1645
18/07/2024,02:00:00,0.885817,0.253521,0,1.139338
18/07/2024,03:00:00,0.861549,0.253309,0,1.114858
18/07/2024,04:00:00,0.837947,0.253098,0,1.091045
18/07/2024,05:00:00,0.814991,0.252888,0,1.067879
18/07/2024,06:00:00,0.792664,0.252677,0,1.045341
18/07/2024,07:00:00,0.770948,0.252466,0,1.023414
18/07/2024,08:00:00,0.749828,0.252256,0,1.002084
18/07/2024,09:00:00,0.729286,0.252046,0,0.981332
18/07/2024,10:00:00,0.709307,0.251836,0,0.961143
18/07/2024,11:00:00,0.689875,0.251626,0,0.941501
18/07/2024,12:00:00,0.670975,0.251417,0,0.922392
18/07/2024,13:00:00,0.652594,0.251207,0,0.903801
18/07/2024,14:00:00,0.634716,0.250998,0,0.885714
18/07/2024,15:00:00,0.617327,0.250789,0,0.868116
18/07/2024,16:00:00,0.600415,0.25058,0,0.850995
18/07/2024,17:00:00,0.583967,0.250371,0,0.834338
18/07/2024,18:00:00,0.567968,0.250163,0,0.818131
18/07/2024,19:00:00,0.552409,0.249954,0,0.802363
18/07/2024,20:00:00,0.537275,0.249746,0,0.787021
18/07/2024,21:00:00,0.522556,0.249538,0,0.772094
18/07/2024,22:00:00,0.508241,0.24933,0,0.757571
18/07/2024,23:00:00,0.494317,0.249123,0,0.74344
19/07/2024,00:00:00,0.480775,0.248915,0,0.72969
19/07/2024,01:00:00,0.467604,0.248708,0,0.716312
19/07/2024,02:00:00,0.454794,0.248501,0,0.703295
19/07/2024,03:00:00,0.442334,0.248294,0,0.690628
19/07/2024,04:00:00,0.430216,0.248087,0,0.678303
19/07/2024,05:00:00,0.41843,0.24788,0,0.66631
19/07/2024,06:00:00,0.406967,0.247674,0,0.654641
19/07/2024,07:00:00,0.395818,0.247467,0,0.643285
19/07/2024,08:00:00,0.384974,0.247261,0,0.632235
19/07/2024,09:00:00,0.374428,0.247055,0,0.621483
19/07/2024,10:00:00,0.36417,0.246849,0,0.611019
19/07/2024,11:00:00,0.354194,0.246644,0,0.600838
19/07/2024,12:00:00,0.34449,0.246438,0,0.590928
19/07/2024,13:00:00,0.335053,0.246233,0,0.581286
19/07/2024,14:00:00,0.325874,0.246028,0,0.571902
19/07/2024,15:00:00,0.316946,0.245823,0,0.562769
19/07/2024,16:00:00,0.308263,0.245618,0,0.553881
19/07/2024,17:00:00,0.299818,0.245414,0,0.545232
19/07/2024,18:00:00,0.291605,0.245209,0,0.536814
19/07/2024,19:00:00,0.283616,0.245005,0,0.528621
19/07/2024,20:00:00,0.275846,0.244801,0,0.520647
19/07/2024,21:00:00,0.268289,0.244597,0,0.512886
19/07/2024,22:00:00,0.260939,0.244393,0,0.505332
19/07/2024,23:00:00,0.253791,0.24419,0,0.497981
20/07/2024,00:00:00,0.246838,0.243986,0,0.490824
20/07/2024,01:00:00,0.240076,0.243783,0,0.483859
20/07/2024,02:00:00,0.233499,0.24358,0,0.477079
20/07/2024,03:00:00,0.227102,0.243377,0,0.470479
20/07/2024,04:00:00,0.22088,0.243174,0,0.464054
20/07/2024,05:00:00,0.214829,0.242972,0,0.457801
20/07/2024,06:00:00,0.208944,0.242769,0,0.451713
20/07/2024,07:00:00,0.20322,0.242567,0,0.445787
20/07/2024,08:00:00,0.197652,0.242365,0,0.440017
20/07/2024,09:00:00,0.192238,0.242163,0,0.434401
20/07/2024,10:00:00,0.186971,0.241961,0,0.428932
20/07/2024,11:00:00,0.181849,0.24176,0,0.423609
20/07/2024,12:00:00,0.176867,0.241559,0,0.418426
20/07/2024,13:00:00,0.172022,0.241357,0,0.413379
20/07/2024,14:00:00,0.167309,0.241156,0,0.408465
20/07/2024,15:00:00,0.162726,0.240955,0,0.403681
20/07/2024,16:00:00,0.158268,0.240755,0,0.399023
20/07/2024,17:00:00,0.153932,0.240554,0,0.394486
20/07/2024,18:00:00,0.149715,0.240354,0,0.390069
20/07/2024,19:00:00,0.145613,0.240154,0,0.385767
20/07/2024,20:00:00,0.141624,0.239954,0,0.381578
20/07/2024,21:00:00,0.137744,0.239754,0,0.377498
20/07/2024,22:00:00,0.133971,0.239554,0,0.373525
20/07/2024,23:00:00,0.130301,0.239354,0,0.369655
21/07/2024,00:00:00,0.126731,0.239155,0,0.365886
21/07/2024,01:00:00,0.123259,0.238956,0,0.362215
21/07/2024,02:00:00,0.119882,0.238757,0,0.358639
21/07/2024,03:00:00,0.116598,0.238558,0,0.355156
21/07/2024,04:00:00,0.113404,0.238359,0,0.351763
21/07/2024,05:00:00,0.110297,0.238161,7.764816,0.348458
21/07/2024,06:00:00,0.107275,0.237962,3.240347,0.345237
21/07/2024,07:00:00,0.104337,0.237764,6.073117,0.342101
21/07/2024,08:00:00,0.101478,0.237566,0.301719,0.339044
21/07/2024,09:00:00,0.098698,0.237368,0,0.336066
21/07/2024,10:00:00,0.095994,0.23717,0,0.333164
21/07/2024,11:00:00,0.093364,0.236973,0.02861,0.330337
21/07/2024,12:00:00,0.090807,0.236775,0.001431,0.327582
21/07/2024,13:00:00,0.088319,0.236578,0,0.324897
21/07/2024,14:00:00,0.085899,0.236381,0,0.32228
21/07/2024,15:00:00,0.083546,0.236184,0,0.31973
21/07/2024,16:00:00,0.081257,0.235987,0,0.317244
21/07/2024,17:00:00,0.079031,0.235791,0,0.314822
21/07/2024,18:00:00,0.076866,0.235594,0,0.31246
21/07/2024,19:00:00,0.07476,0.235398,0,0.310158
21/07/2024,20:00:00,0.072712,0.235202,0,0.307914
21/07/2024,21:00:00,1.494546,0.245829,0,1.740375
21/07/2024,22:00:00,2.044116,0.250113,0,2.294229
21/07/2024,23:00:00,3.122795,0.25853,0,3.381325
22/07/2024,00:00:00,3.073924,0.258593,0,3.332517
22/07/2024,01:00:00,2.989712,0.258378,0,3.24809
22/07/2024,02:00:00,2.907807,0.258162,0,3.165969
22/07/2024,03:00:00,2.828146,0.257947,0,3.086093
22/07/2024,04:00:00,2.750668,0.257732,0,3.0084
22/07/2024,05:00:00,2.675312,0.257518,0,2.93283
22/07/2024,06:00:00,2.60202,0.257303,0,2.859323
22/07/2024,07:00:00,2.530737,0.257089,0,2.787826
22/07/2024,08:00:00,2.461406,0.256875,0,2.718281
22/07/2024,09:00:00,2.393974,0.256661,0,2.650635
22/07/2024,10:00:00,2.32839,0.256447,0,2.584837
22/07/2024,11:00:00,2.264603,0.256233,0,2.520836
22/07/2024,12:00:00,2.202563,0.25602,0,2.458583
22/07/2024,13:00:00,2.142222,0.255807,0,2.398029
22/07/2024,14:00:00,2.083535,0.255594,0,2.339129
22/07/2024,15:00:00,2.026456,0.255381,0,2.281837
22/07/2024,16:00:00,1.97094,0.255168,0,2.226108
22/07/2024,17:00:00,1.916945,0.254955,0,2.1719
22/07/2024,18:00:00,1.864429,0.254743,0,2.119172
22/07/2024,19:00:00,1.813352,0.254531,0,2.067883
22/07/2024,20:00:00,1.763674,0.254319,0,2.017993
22/07/2024,21:00:00,1.715358,0.254107,0,1.969465
22/07/2024,22:00:00,1.668365,0.253895,0.095129,1.92226
22/07/2024,23:00:00,1.622659,0.253684,0.004888,1.876343
23/07/2024,00:00:00,1.578205,0.253473,0,1.831678
23/07/2024,01:00:00,1.534969,0.253261,0,1.78823
23/07/2024,02:00:00,1.492918,0.25305,1.503468,1.745968
23/07/2024,03:00:00,1.452019,0.25284,4.377604,1.704859
23/07/2024,04:00:00,1.41224,0.252629,5.090952,1.664869
23/07/2024,05:00:00,1.373551,0.252419,1.170993,1.62597
23/07/2024,06:00:00,1.335922,0.252208,0.475168,1.58813
23/07/2024,07:00:00,1.299324,0.251998,0.021815,1.551322
23/07/2024,08:00:00,1.263728,0.251788,0,1.515516
23/07/2024,09:00:00,1.229107,0.251579,0,1.480686
23/07/2024,10:00:00,1.195435,0.251369,0,1.446804
23/07/2024,11:00:00,1.162686,0.25116,0,1.413846
23/07/2024,12:00:00,1.130833,0.25095,0,1.381783
23/07/2024,13:00:00,1.099854,0.250741,0.199795,1.350595
23/07/2024,14:00:00,1.069723,0.250533,7.09939,1.320256
23/07/2024,15:00:00,1.040417,0.250324,0.360727,1.290741
23/07/2024,16:00:00,1.011914,0.250115,0,1.262029
23/07/2024,17:00:00,0.984192,0.249907,0,1.234099
23/07/2024,18:00:00,1.221009,0.251704,0,1.472713
23/07/2024,19:00:00,1.99687,0.257646,0,2.254516
23/07/2024,20:00:00,2.896351,0.264685,0,3.161036
23/07/2024,21:00:00,3.021293,0.266017,0,3.28731
23/07/2024,22:00:00,3.008075,0.266324,0,3.274399
23/07/2024,23:00:00,2.925668,0.266102,0,3.19177
24/07/2024,00:00:00,2.845517,0.265881,0,3.111398
24/07/2024,01:00:00,2.767563,0.265659,0,3.033222
24/07/2024,02:00:00,2.691744,0.265438,0,2.957182
24/07/2024,03:00:00,2.618002,0.265217,0,2.883219
24/07/2024,04:00:00,2.546281,0.264996,0,2.811277
24/07/2024,05:00:00,2.488327,0.264865,0,2.753192
24/07/2024,06:00:00,3.77253,0.274924,0,4.047454
24/07/2024,07:00:00,3.711354,0.275015,0,3.986369
24/07/2024,08:00:00,3.609679,0.274786,0,3.884465
24/07/2024,09:00:00,3.51079,0.274557,0,3.785347
24/07/2024,10:00:00,3.41461,0.274329,0,3.688939
24/07/2024,11:00:00,3.321065,0.2741,0,3.595165
24/07/2024,12:00:00,3.230083,0.273872,0,3.503955
24/07/2024,13:00:00,3.141593,0.273644,0,3.415237
24/07/2024,14:00:00,3.055528,0.273416,0,3.328944
24/07/2024,15:00:00,2.97182,0.273188,0,3.245008
24/07/2024,16:00:00,2.890405,0.27296,0,3.163365
24/07/2024,17:00:00,2.811221,0.272733,0,3.083954
24/07/2024,18:00:00,2.734206,0.272506,0,3.006712
24/07/2024,19:00:00,2.659301,0.272279,0,2.93158
24/07/2024,20:00:00,2.586448,0.272052,0,2.8585
24/07/2024,21:00:00,2.515591,0.271826,0,2.787417
24/07/2024,22:00:00,2.446675,0.271599,0,2.718274
24/07/2024,23:00:00,2.379647,0.271373,0,2.65102
25/07/2024,00:00:00,2.314456,0.271147,0,2.585603
25/07/2024,01:00:00,2.25105,0.270921,0,2.521971
25/07/2024,02:00:00,2.189381,0.270695,0,2.460076
25/07/2024,03:00:00,2.129402,0.27047,0,2.399872
25/07/2024,04:00:00,2.071066,0.270244,0,2.34131
25/07/2024,05:00:00,2.014328,0.270019,0,2.284347
25/07/2024,06:00:00,1.959144,0.269794,0,2.228938
25/07/2024,07:00:00,1.905473,0.26957,0.085711,2.175043
25/07/2024,08:00:00,1.853271,0.269345,0.004292,2.122616
25/07/2024,09:00:00,1.8025,0.269121,0,2.071621
25/07/2024,10:00:00,1.753119,0.268897,0,2.022016
25/07/2024,11:00:00,1.705092,0.268673,0,1.973765
25/07/2024,12:00:00,1.65838,0.268449,0,1.926829
25/07/2024,13:00:00,1.612948,0.268225,0,1.881173
25/07/2024,14:00:00,1.56876,0.268002,0,1.836762
25/07/2024,15:00:00,1.525783,0.267779,0,1.793562
25/07/2024,16:00:00,1.483984,0.267556,0,1.75154
25/07/2024,17:00:00,1.443329,0.267333,0.285506,1.710662
25/07/2024,18:00:00,1.403788,0.26711,0.043035,1.670898
25/07/2024,19:00:00,1.365331,0.266887,0.039577,1.632218
25/07/2024,20:00:00,1.327927,0.266665,0.001907,1.594592
25/07/2024,21:00:00,1.291548,0.266443,0.123739,1.557991
25/07/2024,22:00:00,1.256165,0.266221,0.129938,1.522386
25/07/2024,23:00:00,1.221752,0.265999,0.006318,1.487751
26/07/2024,00:00:00,1.188281,0.265778,0,1.454059
26/07/2024,01:00:00,1.155728,0.265556,0.15223,1.421284
26/07/2024,02:00:00,1.124066,0.265335,0.169516,1.389401
26/07/2024,03:00:00,1.093271,0.265114,0.008225,1.358385
26/07/2024,04:00:00,1.063321,0.264893,0,1.328214
26/07/2024,05:00:00,1.03419,0.264673,0,1.298863
26/07/2024,06:00:00,1.005858,0.264452,0,1.27031
26/07/2024,07:00:00,0.978302,0.264232,0,1.242534
26/07/2024,08:00:00,0.951501,0.264012,0,1.215513
26/07/2024,09:00:00,0.954112,0.26401,0,1.218122
26/07/2024,10:00:00,0.927974,0.26379,0,1.191764
26/07/2024,11:00:00,0.902551,0.26357,0,1.166121
26/07/2024,12:00:00,0.877825,0.263351,0,1.141176
26/07/2024,13:00:00,0.853777,0.263131,0,1.116908
26/07/2024,14:00:00,0.830387,0.262912,0,1.093299
26/07/2024,15:00:00,0.807638,0.262693,0,1.070331
26/07/2024,16:00:00,0.785513,0.262474,0,1.047987
26/07/2024,17:00:00,0.765861,0.26227,0,1.028131
26/07/2024,18:00:00,0.750482,0.262094,0,1.012576
26/07/2024,19:00:00,0.729923,0.261876,0,0.991799
26/07/2024,20:00:00,0.709926,0.261658,0,0.971584
26/07/2024,21:00:00,0.690477,0.26144,0,0.951917
26/07/2024,22:00:00,0.671561,0.261222,0,0.932783
26/07/2024,23:00:00,0.653163,0.261004,0,0.914167
27/07/2024,00:00:00,0.63527,0.260787,0,0.896057
27/07/2024,01:00:00,0.617866,0.26057,0,0.878436
27/07/2024,02:00:00,0.600939,0.260352,0,0.861291
27/07/2024,03:00:00,0.584476,0.260136,0,0.844612
27/07/2024,04:00:00,0.568464,0.259919,0,0.828383
27/07/2024,05:00:00,0.552891,0.259702,0,0.812593
27/07/2024,06:00:00,0.537744,0.259486,0,0.79723
27/07/2024,07:00:00,0.523012,0.25927,0,0.782282
27/07/2024,08:00:00,0.508684,0.259054,0,0.767738
27/07/2024,09:00:00,0.494749,0.258838,0,0.753587
27/07/2024,10:00:00,0.481195,0.258623,0,0.739818
27/07/2024,11:00:00,0.468012,0.258407,0,0.726419
27/07/2024,12:00:00,0.455191,0.258192,0,0.713383
27/07/2024,13:00:00,0.44272,0.257977,0,0.700697
27/07/2024,14:00:00,0.430592,0.257762,0,0.688354
27/07/2024,15:00:00,0.418796,0.257547,0,0.676343
27/07/2024,16:00:00,0.407322,0.257333,0,0.664655
27/07/2024,17:00:00,0.396164,0.257118,0,0.653282
27/07/2024,18:00:00,0.385311,0.256904,0,0.642215
27/07/2024,19:00:00,0.374755,0.25669,0,0.631445
27/07/2024,20:00:00,0.364488,0.256476,0,0.620964
27/07/2024,21:00:00,0.354503,0.256263,0,0.610766
27/07/2024,22:00:00,0.344791,0.256049,0,0.60084
27/07/2024,23:00:00,0.335345,0.255836,0,0.591181
28/07/2024,00:00:00,0.326158,0.255623,0,0.581781
28/07/2024,01:00:00,0.317223,0.25541,0,0.572633
28/07/2024,02:00:00,0.308533,0.255197,0,0.56373
28/07/2024,03:00:00,0.30008,0.254985,0,0.555065
28/07/2024,04:00:00,0.291859,0.254772,0,0.546631
28/07/2024,05:00:00,0.283864,0.25456,0,0.538424
28/07/2024,06:00:00,0.276087,0.254348,0,0.530435
28/07/2024,07:00:00,0.268524,0.254136,0,0.52266
28/07/2024,08:00:00,0.261167,0.253924,0,0.515091
28/07/2024,09:00:00,0.254012,0.253713,0,0.507725
28/07/2024,10:00:00,0.247054,0.253502,0,0.500556
28/07/2024,11:00:00,0.240285,0.25329,0,0.493575
28/07/2024,12:00:00,0.233703,0.253079,0,0.486782
28/07/2024,13:00:00,0.2273,0.252869,0,0.480169
28/07/2024,14:00:00,0.221073,0.252658,0,0.473731
28/07/2024,15:00:00,0.215017,0.252447,0,0.467464
28/07/2024,16:00:00,0.209126,0.252237,0,0.461363
28/07/2024,17:00:00,0.203397,0.252027,0,0.455424
28/07/2024,18:00:00,0.197825,0.251817,0,0.449642
28/07/2024,19:00:00,0.192406,0.251607,0,0.444013
28/07/2024,20:00:00,0.187134,0.251398,0,0.438532
28/07/2024,21:00:00,0.182008,0.251188,0,0.433196
28/07/2024,22:00:00,0.177022,0.250979,0,0.428001
28/07/2024,23:00:00,0.172172,0.25077,0,0.422942
29/07/2024,00:00:00,0.167455,0.250561,0,0.418016
29/07/2024,01:00:00,0.162868,0.250352,0,0.41322
29/07/2024,02:00:00,0.158406,0.250144,0,0.40855
29/07/2024,03:00:00,0.154066,0.249936,0,0.404002
29/07/2024,04:00:00,0.149846,0.249727,0,0.399573
29/07/2024,05:00:00,0.14574,0.249519,0,0.395259
29/07/2024,06:00:00,0.141748,0.249312,0,0.39106
29/07/2024,07:00:00,0.137865,0.249104,0,0.386969
29/07/2024,08:00:00,0.134088,0.248896,0,0.382984
29/07/2024,09:00:00,0.130414,0.248689,0,0.379103
29/07/2024,10:00:00,0.126842,0.248482,0,0.375324
29/07/2024,11:00:00,0.123367,0.248275,0,0.371642
29/07/2024,12:00:00,0.119987,0.248068,0,0.368055
29/07/2024,13:00:00,0.1167,0.247861,0,0.364561
29/07/2024,14:00:00,0.113503,0.247655,0,0.361158
29/07/2024,15:00:00,0.110393,0.247449,0,0.357842
29/07/2024,16:00:00,0.107369,0.247243,0,0.354612
29/07/2024,17:00:00,0.104428,0.247037,0,0.351465
29/07/2024,18:00:00,0.101567,0.246831,0,0.348398
29/07/2024,19:00:00,0.098784,0.246625,0,0.345409
29/07/2024,20:00:00,0.096078,0.24642,0,0.342498
29/07/2024,21:00:00,0.093446,0.246214,0,0.33966
29/07/2024,22:00:00,0.090886,0.246009,0,0.336895
29/07/2024,23:00:00,0.088396,0.245804,0,0.3342
30/07/2024,00:00:00,0.085974,0.2456,0,0.331574
30/07/2024,01:00:00,0.083619,0.245395,0,0.329014
30/07/2024,02:00:00,0.081328,0.245191,0,0.326519
30/07/2024,03:00:00,0.0791,0.244987,0,0.324087
30/07/2024,04:00:00,0.076933,0.244782,0,0.321715
30/07/2024,05:00:00,0.074826,0.244579,0,0.319405
30/07/2024,06:00:00,0.072776,0.244375,0,0.317151
30/07/2024,07:00:00,0.070782,0.244171,0,0.314953
30/07/2024,08:00:00,0.068843,0.243968,0,0.312811
30/07/2024,09:00:00,0.066957,0.243765,0,0.310722
30/07/2024,10:00:00,0.065123,0.243562,0,0.308685
30/07/2024,11:00:00,0.063339,0.243359,0,0.306698
30/07/2024,12:00:00,0.061603,0.243156,0,0.304759
30/07/2024,13:00:00,0.059916,0.242953,0,0.302869
30/07/2024,14:00:00,0.058274,0.242751,0,0.301025
30/07/2024,15:00:00,0.056678,0.242549,0,0.299227
30/07/2024,16:00:00,0.055125,0.242347,0,0.297472
30/07/2024,17:00:00,0.053615,0.242145,0,0.29576
30/07/2024,18:00:00,0.052146,0.241943,0,0.294089
30/07/2024,19:00:00,0.050718,0.241742,0,0.29246
30/07/2024,20:00:00,0.049328,0.24154,0,0.290868
30/07/2024,21:00:00,0.047977,0.241339,0,0.289316
30/07/2024,22:00:00,0.046662,0.241138,0,0.2878
30/07/2024,23:00:00,0.045384,0.240937,0,0.286321
31/07/2024,00:00:00,0.044141,0.240737,0,0.284878
31/07/2024,01:00:00,0.042931,0.240536,0,0.283467
31/07/2024,02:00:00,0.041755,0.240336,0,0.282091
31/07/2024,03:00:00,0.040611,0.240135,0,0.280746
31/07/2024,04:00:00,0.039499,0.239935,0,0.279434
31/07/2024,05:00:00,0.038417,0.239736,0,0.278153
31/07/2024,06:00:00,0.037364,0.239536,0,0.2769
31/07/2024,07:00:00,0.036341,0.239336,0,0.275677
31/07/2024,08:00:00,0.035345,0.239137,0,0.274482
31/07/2024,09:00:00,0.034377,0.238938,0,0.273315
31/07/2024,10:00:00,0.033435,0.238739,0,0.272174
31/07/2024,11:00:00,0.032519,0.23854,0,0.271059
31/07/2024,12:00:00,0.031628,0.238341,0,0.269969
31/07/2024,13:00:00,0.030762,0.238143,0,0.268905
31/07/2024,14:00:00,0.029919,0.237944,0,0.267863
31/07/2024,15:00:00,0.029099,0.237746,0,0.266845
31/07/2024,16:00:00,0.028302,0.237548,0,0.26585
31/07/2024,17:00:00,0.027527,0.23735,0,0.264877
31/07/2024,18:00:00,0.026773,0.237152,0,0.263925
31/07/2024,19:00:00,0.026039,0.236955,0,0.262994
31/07/2024,20:00:00,0.025326,0.236758,0,0.262084
31/07/2024,21:00:00,0.024632,0.23656,0,0.261192
31/07/2024,22:00:00,0.023957,0.236363,0,0.26032
31/07/2024,23:00:00,0.023301,0.236166,0,0.259467
01/08/2024,00:00:00,0.022663,0.23597,0,0.258633
01/08/2024,01:00:00,0.022042,0.235773,0,0.257815
01/08/2024,02:00:00,0.021438,0.235577,0,0.257015
01/08/2024,03:00:00,0.020851,0.23538,0,0.256231
01/08/2024,04:00:00,0.020279,0.235184,0,0.255463
01/08/2024,05:00:00,0.019724,0.234988,0.257015,0.254712
01/08/2024,06:00:00,0.019183,0.234793,1.744866,0.253976
01/08/2024,07:00:00,0.018658,0.234597,3.256917,0.253255
01/08/2024,08:00:00,0.018147,0.234402,1.055717,0.252549
01/08/2024,09:00:00,0.01765,0.234206,0.074029,0.251856
01/08/2024,10:00:00,0.017166,0.234011,0.106215,0.251177
01/08/2024,11:00:00,0.016696,0.233816,0.033855,0.250512
01/08/2024,12:00:00,0.016238,0.233622,0.001431,0.24986
01/08/2024,13:00:00,0.015794,0.233427,0,0.249221
01/08/2024,14:00:00,0.015361,0.233233,0,0.248594
01/08/2024,15:00:00,0.01494,0.233038,0,0.247978
01/08/2024,16:00:00,0.014531,0.232844,0,0.247375
01/08/2024,17:00:00,0.014133,0.23265,0,0.246783
01/08/2024,18:00:00,0.013746,0.232457,0,0.246203
01/08/2024,19:00:00,0.013369,0.232263,0,0.245632
01/08/2024,20:00:00,0.013003,0.232069,0,0.245072
01/08/2024,21:00:00,0.044253,0.232116,0,0.276369
01/08/2024,22:00:00,0.338916,0.234172,0,0.573088
01/08/2024,23:00:00,0.897333,0.238292,0,1.135625
02/08/2024,00:00:00,1.046248,0.239413,0,1.285661
02/08/2024,01:00:00,1.017586,0.239213,0,1.256799
02/08/2024,02:00:00,0.990676,0.239021,0,1.229697
02/08/2024,03:00:00,0.963536,0.238822,0,1.202358
02/08/2024,04:00:00,0.93714,0.238623,0,1.175763
02/08/2024,05:00:00,0.911466,0.238425,0,1.149891
02/08/2024,06:00:00,0.886496,0.238226,0,1.124722
02/08/2024,07:00:00,0.86221,0.238028,0,1.100238
02/08/2024,08:00:00,0.838589,0.237829,0,1.076418
02/08/2024,09:00:00,0.815616,0.237631,0,1.053247
02/08/2024,10:00:00,0.793271,0.237433,0,1.030704
02/08/2024,11:00:00,0.771539,0.237235,0,1.008774
02/08/2024,12:00:00,0.750403,0.237038,0,0.987441
02/08/2024,13:00:00,0.729845,0.23684,0,0.966685
02/08/2024,14:00:00,0.70985,0.236643,0,0.946493
02/08/2024,15:00:00,0.690404,0.236446,0,0.92685
02/08/2024,16:00:00,0.67149,0.236249,0,0.907739
02/08/2024,17:00:00,0.653094,0.236052,0,0.889146
02/08/2024,18:00:00,0.635202,0.235856,0,0.871058
02/08/2024,19:00:00,0.6178,0.235659,0,0.853459
02/08/2024,20:00:00,0.600875,0.235463,0,0.836338
02/08/2024,21:00:00,0.584414,0.235267,0,0.819681
02/08/2024,22:00:00,0.568404,0.235071,0,0.803475
02/08/2024,23:00:00,0.552832,0.234875,0,0.787707
03/08/2024,00:00:00,0.537687,0.234679,0,0.772366
03/08/2024,01:00:00,0.522957,0.234484,0,0.757441
03/08/2024,02:00:00,0.50863,0.234288,0,0.742918
03/08/2024,03:00:00,0.494696,0.234093,0,0.728789
03/08/2024,04:00:00,0.481143,0.233898,0,0.715041
03/08/2024,05:00:00,0.467962,0.233703,0,0.701665
03/08/2024,06:00:00,0.455142,0.233509,0,0.688651
03/08/2024,07:00:00,0.442673,0.233314,0,0.675987
03/08/2024,08:00:00,0.430546,0.23312,0,0.663666
03/08/2024,09:00:00,0.418751,0.232926,0,0.651677
03/08/2024,10:00:00,0.407279,0.232732,0,0.640011
03/08/2024,11:00:00,0.396122,0.232538,0,0.62866
03/08/2024,12:00:00,0.38527,0.232344,0,0.617614
03/08/2024,13:00:00,0.374715,0.232151,0,0.606866
03/08/2024,14:00:00,0.364449,0.231957,0,0.596406
03/08/2024,15:00:00,0.354465,0.231764,0,0.586229
03/08/2024,16:00:00,0.344754,0.231571,0,0.576325
03/08/2024,17:00:00,0.33531,0.231378,0,0.566688
03/08/2024,18:00:00,0.326124,0.231185,0,0.557309
03/08/2024,19:00:00,0.317189,0.230993,0,0.548182
03/08/2024,20:00:00,0.3085,0.2308,0.142694,0.5393
03/08/2024,21:00:00,0.300048,0.230608,0.007272,0.530656
03/08/2024,22:00:00,0.291828,0.230416,0.133276,0.522244
03/08/2024,23:00:00,0.283833,0.230224,0.482559,0.514057
04/08/2024,00:00:00,0.276058,0.230032,0.699759,0.50609
04/08/2024,01:00:00,0.268495,0.229841,0.624418,0.498336
04/08/2024,02:00:00,0.261139,0.229649,0.058532,0.490788
04/08/2024,03:00:00,0.253985,0.229458,0.00155,0.483443
04/08/2024,04:00:00,0.247027,0.229267,0,0.476294
04/08/2024,05:00:00,0.24026,0.229076,0,0.469336
04/08/2024,06:00:00,0.233678,0.228885,0,0.462563
04/08/2024,07:00:00,0.227276,0.228694,0,0.45597
04/08/2024,08:00:00,0.22105,0.228504,0,0.449554
04/08/2024,09:00:00,0.214994,0.228313,0,0.443307
04/08/2024,10:00:00,0.209104,0.228123,0,0.437227
04/08/2024,11:00:00,0.203376,0.227933,0,0.431309
04/08/2024,12:00:00,0.208717,0.227826,0,0.436543
04/08/2024,13:00:00,0.202999,0.227637,0,0.430636
04/08/2024,14:00:00,0.206825,0.227518,0,0.434343
04/08/2024,15:00:00,0.272201,0.227869,0,0.50007
04/08/2024,16:00:00,0.373812,0.228508,0,0.60232
04/08/2024,17:00:00,0.458597,0.22904,0,0.687637
04/08/2024,18:00:00,0.446033,0.228849,0,0.674882
04/08/2024,19:00:00,0.433814,0.228659,0,0.662473
04/08/2024,20:00:00,0.421929,0.228468,0,0.650397
04/08/2024,21:00:00,0.41037,0.228278,0,0.638648
04/08/2024,22:00:00,0.399128,0.228088,0,0.627216
04/08/2024,23:00:00,0.388194,0.227898,0,0.616092
05/08/2024,00:00:00,0.377559,0.227708,0,0.605267
05/08/2024,01:00:00,0.367216,0.227518,0,0.594734
05/08/2024,02:00:00,0.357156,0.227329,0,0.584485
05/08/2024,03:00:00,0.347371,0.227139,0,0.57451
05/08/2024,04:00:00,0.337855,0.22695,0,0.564805
05/08/2024,05:00:00,0.328599,0.226761,0,0.55536
05/08/2024,06:00:00,0.319597,0.226572,0,0.546169
05/08/2024,07:00:00,0.310841,0.226383,0,0.537224
05/08/2024,08:00:00,0.302326,0.226195,0,0.528521
05/08/2024,09:00:00,0.294043,0.226007,0,0.52005
05/08/2024,10:00:00,0.285988,0.225818,0,0.511806
05/08/2024,11:00:00,0.278153,0.22563,0,0.503783
05/08/2024,12:00:00,0.270533,0.225442,0,0.495975
05/08/2024,13:00:00,0.263121,0.225254,0,0.488375
05/08/2024,14:00:00,0.255913,0.225067,0,0.48098
05/08/2024,15:00:00,0.248902,0.224879,0,0.473781
05/08/2024,16:00:00,0.242083,0.224692,0,0.466775
05/08/2024,17:00:00,0.235451,0.224505,0,0.459956
05/08/2024,18:00:00,0.229001,0.224318,0,0.453319
05/08/2024,19:00:00,0.222728,0.224131,0,0.446859
05/08/2024,20:00:00,0.216626,0.223944,0,0.44057
05/08/2024,21:00:00,0.210691,0.223758,0,0.434449
05/08/2024,22:00:00,0.204919,0.223571,0,0.42849
05/08/2024,23:00:00,0.199305,0.223385,0,0.42269
06/08/2024,00:00:00,0.193845,0.223199,0,0.417044
06/08/2024,01:00:00,0.188535,0.223013,0,0.411548
06/08/2024,02:00:00,0.18337,0.222827,0,0.406197
06/08/2024,03:00:00,0.178346,0.222642,0,0.400988
06/08/2024,04:00:00,0.17346,0.222456,0,0.395916
06/08/2024,05:00:00,0.168708,0.222271,0,0.390979
06/08/2024,06:00:00,0.164086,0.222086,0,0.386172
06/08/2024,07:00:00,0.159591,0.221901,0,0.381492
06/08/2024,08:00:00,0.155219,0.221716,0,0.376935
06/08/2024,09:00:00,0.150967,0.221531,0,0.372498
06/08/2024,10:00:00,0.146831,0.221347,0,0.368178
06/08/2024,11:00:00,0.142808,0.221162,0,0.36397
06/08/2024,12:00:00,0.138896,0.220978,0,0.359874
06/08/2024,13:00:00,0.135091,0.220794,0,0.355885
06/08/2024,14:00:00,0.13139,0.22061,0,0.352
06/08/2024,15:00:00,0.127791,0.220426,0,0.348217
06/08/2024,16:00:00,0.12429,0.220243,0,0.344533
06/08/2024,17:00:00,0.120885,0.220059,0,0.340944
06/08/2024,18:00:00,0.117573,0.219876,0,0.337449
06/08/2024,19:00:00,0.114352,0.219693,0,0.334045
06/08/2024,20:00:00,0.111219,0.21951,0,0.330729
06/08/2024,21:00:00,0.108172,0.219327,0,0.327499
06/08/2024,22:00:00,0.105209,0.219144,0,0.324353
06/08/2024,23:00:00,0.102327,0.218962,0,0.321289
07/08/2024,00:00:00,0.099523,0.218779,0,0.318302
07/08/2024,01:00:00,0.096797,0.218597,0,0.315394
07/08/2024,02:00:00,0.094145,0.218415,1.74129,0.31256
07/08/2024,03:00:00,0.091566,0.218233,0.088692,0.309799
07/08/2024,04:00:00,0.089058,0.218051,0,0.307109
07/08/2024,05:00:00,0.086618,0.21787,0.028491,0.304488
07/08/2024,06:00:00,0.084245,0.217688,0.039577,0.301933
07/08/2024,07:00:00,0.081937,0.217507,0.639439,0.299444
07/08/2024,08:00:00,0.079692,0.217326,0.089526,0.297018
07/08/2024,09:00:00,0.077509,0.217145,0.00298,0.294654
07/08/2024,10:00:00,0.075386,0.216964,0,0.29235
07/08/2024,11:00:00,0.07332,0.216783,0,0.290103
07/08/2024,12:00:00,0.071312,0.216602,0,0.287914
07/08/2024,13:00:00,0.069358,0.216422,0,0.28578
07/08/2024,14:00:00,0.067458,0.216242,0,0.2837
07/08/2024,15:00:00,0.06561,0.216062,0,0.281672
07/08/2024,16:00:00,0.063812,0.215882,0,0.279694
07/08/2024,17:00:00,0.062064,0.215702,0,0.277766
07/08/2024,18:00:00,0.338509,0.217636,0,0.556145
07/08/2024,19:00:00,0.329235,0.217455,0,0.54669
07/08/2024,20:00:00,0.320215,0.217274,0,0.537489
07/08/2024,21:00:00,0.311443,0.217093,0,0.528536
07/08/2024,22:00:00,0.302911,0.216912,0,0.519823
07/08/2024,23:00:00,0.383717,0.217409,0,0.601126
08/08/2024,00:00:00,0.373204,0.217228,0,0.590432
08/08/2024,01:00:00,0.36298,0.217047,0,0.580027
08/08/2024,02:00:00,0.353036,0.216866,0,0.569902
08/08/2024,03:00:00,0.343365,0.216685,0,0.56005
08/08/2024,04:00:00,0.333958,0.216505,0,0.550463
08/08/2024,05:00:00,0.324809,0.216325,0,0.541134
08/08/2024,06:00:00,0.315911,0.216144,0,0.532055
08/08/2024,07:00:00,0.307256,0.215964,0,0.52322
08/08/2024,08:00:00,0.298839,0.215784,0,0.514623
08/08/2024,09:00:00,0.290652,0.215605,0,0.506257
08/08/2024,10:00:00,0.282689,0.215425,0,0.498114
08/08/2024,11:00:00,0.274945,0.215246,0,0.490191
08/08/2024,12:00:00,0.267413,0.215066,0,0.482479
08/08/2024,13:00:00,0.260087,0.214887,0,0.474974
08/08/2024,14:00:00,0.252962,0.214708,0,0.46767
08/08/2024,15:00:00,0.246032,0.214529,0,0.460561
08/08/2024,16:00:00,0.239291,0.214351,0,0.453642
08/08/2024,17:00:00,0.232736,0.214172,0,0.446908
08/08/2024,18:00:00,0.22636,0.213994,0,0.440354
08/08/2024,19:00:00,0.220159,0.213815,0,0.433974
08/08/2024,20:00:00,0.214127,0.213637,0,0.427764
08/08/2024,21:00:00,0.208261,0.213459,0,0.42172
08/08/2024,22:00:00,0.202556,0.213282,0,0.415838
08/08/2024,23:00:00,0.197007,0.213104,0,0.410111
09/08/2024,00:00:00,0.19161,0.212926,0,0.404536
09/08/2024,01:00:00,0.18636,0.212749,0,0.399109
09/08/2024,02:00:00,0.181255,0.212572,0,0.393827
09/08/2024,03:00:00,0.176289,0.212395,0,0.388684
09/08/2024,04:00:00,0.17146,0.212218,0,0.383678
09/08/2024,05:00:00,0.166763,0.212041,0,0.378804
09/08/2024,06:00:00,0.162194,0.211864,0,0.374058
09/08/2024,07:00:00,0.157751,0.211688,0,0.369439
09/08/2024,08:00:00,0.153429,0.211512,0,0.364941
09/08/2024,09:00:00,0.149226,0.211335,0.513792,0.360561
09/08/2024,10:00:00,0.145138,0.211159,0.026107,0.356297
09/08/2024,11:00:00,0.141161,0.210983,0.295043,0.352144
09/08/2024,12:00:00,0.137294,0.210808,0.053048,0.348102
09/08/2024,13:00:00,0.133533,0.210632,0.001907,0.344165
09/08/2024,14:00:00,0.129875,0.210457,0,0.340332
09/08/2024,15:00:00,0.126317,0.210281,0,0.336598
09/08/2024,16:00:00,0.122856,0.210106,0,0.332962
09/08/2024,17:00:00,0.119491,0.209931,0,0.329422
09/08/2024,18:00:00,0.116217,0.209756,0,0.325973
09/08/2024,19:00:00,0.113033,0.209582,0,0.322615
09/08/2024,20:00:00,0.109937,0.209407,0,0.319344
09/08/2024,21:00:00,0.106925,0.209233,0,0.316158
09/08/2024,22:00:00,0.103996,0.209058,0,0.313054
09/08/2024,23:00:00,0.101147,0.208884,0,0.310031
10/08/2024,00:00:00,0.098376,0.20871,0,0.307086
10/08/2024,01:00:00,0.159363,0.20902,0,0.368383
10/08/2024,02:00:00,0.154997,0.208846,0,0.363843
10/08/2024,03:00:00,0.176683,0.208869,0,0.385552
10/08/2024,04:00:00,0.171842,0.208695,0,0.380537
10/08/2024,05:00:00,0.167135,0.208522,0,0.375657
10/08/2024,06:00:00,0.162556,0.208348,0,0.370904
10/08/2024,07:00:00,0.158103,0.208174,0,0.366277
10/08/2024,08:00:00,0.153771,0.208001,0,0.361772
10/08/2024,09:00:00,0.149559,0.207828,0,0.357387
10/08/2024,10:00:00,0.145461,0.207655,0,0.353116
10/08/2024,11:00:00,0.141476,0.207482,0,0.348958
10/08/2024,12:00:00,0.137601,0.207309,0,0.34491
10/08/2024,13:00:00,0.133831,0.207136,0,0.340967
10/08/2024,14:00:00,0.130165,0.206964,0,0.337129
10/08/2024,15:00:00,0.126599,0.206791,0,0.33339
10/08/2024,16:00:00,0.12313,0.206619,0,0.329749
10/08/2024,17:00:00,0.119757,0.206447,0,0.326204
10/08/2024,18:00:00,0.116476,0.206275,0,0.322751
10/08/2024,19:00:00,0.113285,0.206103,0,0.319388
10/08/2024,20:00:00,0.110182,0.205931,0,0.316113
10/08/2024,21:00:00,0.107163,0.20576,0,0.312923
10/08/2024,22:00:00,0.104228,0.205588,0,0.309816
10/08/2024,23:00:00,0.101372,0.205417,0,0.306789
11/08/2024,00:00:00,0.098595,0.205246,0,0.303841
11/08/2024,01:00:00,0.095894,0.205075,0,0.300969
11/08/2024,02:00:00,0.093267,0.204904,0,0.298171
11/08/2024,03:00:00,0.090712,0.204734,0,0.295446
11/08/2024,04:00:00,0.088227,0.204563,0,0.29279
11/08/2024,05:00:00,0.08581,0.204393,0,0.290203
11/08/2024,06:00:00,0.083459,0.204222,0,0.287681
11/08/2024,07:00:00,0.081173,0.204052,0,0.285225
11/08/2024,08:00:00,0.078949,0.203882,0,0.282831
11/08/2024,09:00:00,0.076786,0.203712,0,0.280498
11/08/2024,10:00:00,0.074682,0.203543,0,0.278225
11/08/2024,11:00:00,0.072636,0.203373,0,0.276009
11/08/2024,12:00:00,0.070646,0.203204,0,0.27385
11/08/2024,13:00:00,0.068711,0.203035,0,0.271746
11/08/2024,14:00:00,0.066829,0.202865,0,0.269694
11/08/2024,15:00:00,0.064998,0.202696,0,0.267694
11/08/2024,16:00:00,0.063217,0.202528,0,0.265745
11/08/2024,17:00:00,0.061485,0.202359,0,0.263844
11/08/2024,18:00:00,0.059801,0.20219,0,0.261991
11/08/2024,19:00:00,0.058163,0.202022,0,0.260185
11/08/2024,20:00:00,0.056569,0.201854,0,0.258423
11/08/2024,21:00:00,0.05502,0.201685,0,0.256705
11/08/2024,22:00:00,0.053512,0.201517,0,0.255029
11/08/2024,23:00:00,0.052046,0.20135,0,0.253396
12/08/2024,00:00:00,0.05062,0.201182,0,0.251802
12/08/2024,01:00:00,0.049234,0.201014,0,0.250248
12/08/2024,02:00:00,0.047885,0.200847,0,0.248732
12/08/2024,03:00:00,0.046573,0.20068,0,0.247253
12/08/2024,04:00:00,0.045297,0.200512,0,0.245809
12/08/2024,05:00:00,0.044056,0.200345,0,0.244401
12/08/2024,06:00:00,0.042849,0.200178,0,0.243027
12/08/2024,07:00:00,0.041675,0.200012,0,0.241687
12/08/2024,08:00:00,0.040534,0.199845,0,0.240379
12/08/2024,09:00:00,0.039423,0.199679,0,0.239102
12/08/2024,10:00:00,0.038343,0.199512,0,0.237855
12/08/2024,11:00:00,0.037293,0.199346,0,0.236639
12/08/2024,12:00:00,0.036271,0.19918,0,0.235451
12/08/2024,13:00:00,0.035277,0.199014,0,0.234291
12/08/2024,14:00:00,0.034311,0.198848,0,0.233159
12/08/2024,15:00:00,0.033371,0.198683,0,0.232054
12/08/2024,16:00:00,0.032457,0.198517,0,0.230974
12/08/2024,17:00:00,0.031568,0.198352,0,0.22992
12/08/2024,18:00:00,0.030703,0.198187,0,0.22889
12/08/2024,19:00:00,0.029862,0.198022,0,0.227884
12/08/2024,20:00:00,0.029044,0.197857,0,0.226901
12/08/2024,21:00:00,0.028248,0.197692,0,0.22594
12/08/2024,22:00:00,0.027474,0.197527,0,0.225001
12/08/2024,23:00:00,0.026721,0.197363,0,0.224084
13/08/2024,00:00:00,0.025989,0.197198,0,0.223187
13/08/2024,01:00:00,0.025277,0.197034,0,0.222311
13/08/2024,02:00:00,0.024585,0.19687,0,0.221455
13/08/2024,03:00:00,0.023911,0.196706,0,0.220617
13/08/2024,04:00:00,0.023256,0.196542,0,0.219798
13/08/2024,05:00:00,0.022619,0.196378,0,0.218997
13/08/2024,06:00:00,0.022,0.196215,0,0.218215
13/08/2024,07:00:00,0.021397,0.196051,0,0.217448
13/08/2024,08:00:00,0.020811,0.195888,0,0.216699
13/08/2024,09:00:00,0.020241,0.195725,0,0.215966
13/08/2024,10:00:00,0.019686,0.195562,0,0.215248
13/08/2024,11:00:00,0.019147,0.195399,0,0.214546
13/08/2024,12:00:00,0.018622,0.195236,0,0.213858
13/08/2024,13:00:00,0.018112,0.195073,0,0.213185
13/08/2024,14:00:00,0.017616,0.194911,0,0.212527
13/08/2024,15:00:00,0.017133,0.194749,0,0.211882
13/08/2024,16:00:00,0.016664,0.194586,0,0.21125
13/08/2024,17:00:00,0.016207,0.194424,0,0.210631
13/08/2024,18:00:00,0.015763,0.194262,0,0.210025
13/08/2024,19:00:00,0.015332,0.1941,0.60904,0.209432
13/08/2024,20:00:00,0.014911,0.193939,11.70671,0.20885
13/08/2024,21:00:00,0.014503,0.193777,0.594258,0.20828
13/08/2024,22:00:00,0.014106,0.193616,0,0.207722
13/08/2024,23:00:00,0.013719,0.193455,0,0.207174
14/08/2024,00:00:00,0.013343,0.193293,0,0.206636
14/08/2024,01:00:00,0.012978,0.193132,0,0.20611
14/08/2024,02:00:00,0.012622,0.192972,0,0.205594
14/08/2024,03:00:00,0.012277,0.192811,0,0.205088
14/08/2024,04:00:00,0.01194,0.19265,0.390172,0.20459
14/08/2024,05:00:00,0.011613,0.19249,0.019908,0.204103
14/08/2024,06:00:00,0.011295,0.192329,0,0.203624
14/08/2024,07:00:00,0.010986,0.192169,0,0.203155
14/08/2024,08:00:00,0.010685,0.192009,0,0.202694
14/08/2024,09:00:00,0.010392,0.191849,0.085592,0.202241
14/08/2024,10:00:00,0.010107,0.191689,0.004411,0.201796
14/08/2024,11:00:00,0.092847,0.192161,0,0.285008
14/08/2024,12:00:00,1.926556,0.205958,0,2.132514
14/08/2024,13:00:00,1.958696,0.206432,0,2.165128
14/08/2024,14:00:00,1.905037,0.20626,0,2.111297
14/08/2024,15:00:00,1.852847,0.206088,0,2.058935
14/08/2024,16:00:00,1.802087,0.205916,0,2.008003
14/08/2024,17:00:00,1.752718,0.205745,0,1.958463
14/08/2024,18:00:00,1.704702,0.205573,0,1.910275
14/08/2024,19:00:00,1.658,0.205402,0,1.863402
14/08/2024,20:00:00,1.663575,0.205619,0,1.869194
14/08/2024,21:00:00,1.618001,0.205448,0,1.823449
14/08/2024,22:00:00,1.573674,0.205276,0,1.77895
14/08/2024,23:00:00,1.530563,0.205105,0,1.735668
15/08/2024,00:00:00,1.488632,0.204935,0,1.693567
15/08/2024,01:00:00,1.44785,0.204764,0,1.652614
15/08/2024,02:00:00,1.408186,0.204593,0,1.612779
15/08/2024,03:00:00,1.369608,0.204423,0,1.574031
15/08/2024,04:00:00,1.332087,0.204253,0,1.53634
15/08/2024,05:00:00,1.295594,0.204082,0,1.499676
15/08/2024,06:00:00,1.2601,0.203912,0,1.464012
15/08/2024,07:00:00,1.225579,0.203743,0,1.429322
15/08/2024,08:00:00,1.192004,0.203573,0,1.395577
15/08/2024,09:00:00,1.159348,0.203403,0,1.362751
15/08/2024,10:00:00,1.127587,0.203234,0,1.330821
15/08/2024,11:00:00,1.096696,0.203065,0,1.299761
15/08/2024,12:00:00,1.066652,0.202895,0,1.269547
15/08/2024,13:00:00,1.03743,0.202726,0,1.240156
15/08/2024,14:00:00,1.009009,0.202558,0,1.211567
15/08/2024,15:00:00,0.981367,0.202389,0,1.183756
15/08/2024,16:00:00,0.954482,0.20222,0,1.156702
15/08/2024,17:00:00,0.928333,0.202052,0,1.130385
15/08/2024,18:00:00,0.902901,0.201883,0,1.104784
15/08/2024,19:00:00,0.878166,0.201715,0,1.079881
15/08/2024,20:00:00,0.854108,0.201547,0,1.055655
15/08/2024,21:00:00,0.830709,0.201379,0,1.032088
15/08/2024,22:00:00,0.807951,0.201212,0,1.009163
15/08/2024,23:00:00,0.785817,0.201044,0,0.986861
16/08/2024,00:00:00,0.764289,0.200877,0,0.965166
16/08/2024,01:00:00,0.743351,0.200709,0,0.94406
16/08/2024,02:00:00,0.722987,0.200542,0,0.923529
16/08/2024,03:00:00,0.70318,0.200375,0,0.903555
16/08/2024,04:00:00,0.683916,0.200208,0,0.884124
16/08/2024,05:00:00,0.66518,0.200041,0,0.865221
16/08/2024,06:00:00,0.646957,0.199875,0,0.846832
16/08/2024,07:00:00,0.629233,0.199708,0.066519,0.828941
16/08/2024,08:00:00,0.611995,0.199542,1.602054,0.811537
16/08/2024,09:00:00,0.595229,0.199376,0.109911,0.794605
16/08/2024,10:00:00,0.578923,0.19921,0.191808,0.778133
16/08/2024,11:00:00,0.563063,0.199044,0.437856,0.762107
16/08/2024,12:00:00,0.547637,0.198878,0.754476,0.746515
16/08/2024,13:00:00,0.532634,0.198712,0.208616,0.731346
16/08/2024,14:00:00,0.518043,0.198547,0.275135,0.71659
16/08/2024,15:00:00,0.503851,0.198381,0.099182,0.702232
16/08/2024,16:00:00,0.490047,0.198216,0.004411,0.688263
16/08/2024,17:00:00,0.476622,0.198051,0,0.674673
16/08/2024,18:00:00,0.463565,0.197886,0.028491,0.661451
16/08/2024,19:00:00,0.450865,0.197721,0.058651,0.648586
16/08/2024,20:00:00,0.438514,0.197556,0.002861,0.63607
16/08/2024,21:00:00,0.4265,0.197392,0.589967,0.623892
16/08/2024,22:00:00,0.414816,0.197227,0.410676,0.612043
16/08/2024,23:00:00,0.403681,0.197065,2.788424,0.600746
17/08/2024,00:00:00,0.634645,0.19874,2.025008,0.833385
17/08/2024,01:00:00,0.622819,0.198617,0.133991,0.821436
17/08/2024,02:00:00,0.623528,0.198587,0.182748,0.822115
17/08/2024,03:00:00,0.662473,0.198847,0.009179,0.86132
17/08/2024,04:00:00,0.749904,0.199484,0,0.949388
17/08/2024,05:00:00,0.747591,0.199457,0,0.947048
17/08/2024,06:00:00,0.755172,0.199504,0,0.954676
17/08/2024,07:00:00,0.734484,0.199338,0,0.933822
17/08/2024,08:00:00,0.714363,0.199172,0,0.913535
17/08/2024,09:00:00,0.694792,0.199006,0,0.893798
17/08/2024,10:00:00,0.675758,0.19884,0,0.874598
17/08/2024,11:00:00,0.657245,0.198674,0,0.855919
17/08/2024,12:00:00,0.63924,0.198509,0,0.837749
17/08/2024,13:00:00,0.694472,0.198896,0,0.893368
17/08/2024,14:00:00,0.719016,0.199062,0,0.918078
17/08/2024,15:00:00,1.12154,0.202106,0,1.323646
17/08/2024,16:00:00,1.392825,0.204233,0,1.597058
17/08/2024,17:00:00,1.354668,0.204063,0,1.558731
17/08/2024,18:00:00,1.324488,0.203946,0,1.528434
17/08/2024,19:00:00,1.288203,0.203776,0,1.491979
17/08/2024,20:00:00,1.252912,0.203606,0,1.456518
17/08/2024,21:00:00,1.218588,0.203436,0,1.422024
17/08/2024,22:00:00,1.185204,0.203267,0,1.388471
17/08/2024,23:00:00,1.152735,0.203098,0,1.355833
18/08/2024,00:00:00,1.121155,0.202928,0,1.324083
18/08/2024,01:00:00,1.090441,0.202759,0,1.2932
18/08/2024,02:00:00,1.060567,0.20259,0,1.263157
18/08/2024,03:00:00,1.031513,0.202422,0,1.233935
18/08/2024,04:00:00,1.003254,0.202253,0,1.205507
18/08/2024,05:00:00,0.975769,0.202085,0,1.177854
18/08/2024,06:00:00,0.949037,0.201916,0,1.150953
18/08/2024,07:00:00,0.923038,0.201748,0,1.124786
18/08/2024,08:00:00,0.897751,0.20158,0,1.099331
18/08/2024,09:00:00,0.873156,0.201412,0,1.074568
18/08/2024,10:00:00,0.849236,0.201244,0,1.05048
18/08/2024,11:00:00,0.825971,0.201077,0,1.027048
18/08/2024,12:00:00,0.803343,0.200909,0,1.004252
18/08/2024,13:00:00,0.781335,0.200742,0,0.982077
18/08/2024,14:00:00,0.75993,0.200575,0,0.960505
18/08/2024,15:00:00,0.739111,0.200408,0,0.939519
18/08/2024,16:00:00,0.718863,0.200241,0,0.919104
18/08/2024,17:00:00,0.699169,0.200074,0,0.899243
18/08/2024,18:00:00,0.680015,0.199907,0,0.879922
18/08/2024,19:00:00,0.661386,0.199741,0,0.861127
18/08/2024,20:00:00,0.643267,0.199574,0,0.842841
18/08/2024,21:00:00,0.625644,0.199408,0,0.825052
18/08/2024,22:00:00,0.608504,0.199242,0,0.807746
18/08/2024,23:00:00,0.591834,0.199076,0,0.79091
19/08/2024,00:00:00,0.57562,0.19891,0,0.77453
19/08/2024,01:00:00,0.559851,0.198744,0,0.758595
19/08/2024,02:00:00,0.544513,0.198579,0,0.743092
19/08/2024,03:00:00,0.529596,0.198413,0,0.728009
19/08/2024,04:00:00,0.515088,0.198248,0,0.713336
19/08/2024,05:00:00,0.500977,0.198083,0,0.69906
19/08/2024,06:00:00,0.487252,0.197918,0,0.68517
19/08/2024,07:00:00,0.473903,0.197753,0,0.671656
19/08/2024,08:00:00,0.460921,0.197588,0,0.658509
19/08/2024,09:00:00,0.448293,0.197424,0,0.645717
19/08/2024,10:00:00,0.436012,0.197259,0,0.633271
19/08/2024,11:00:00,0.424067,0.197095,0,0.621162
19/08/2024,12:00:00,0.41245,0.196931,0,0.609381
19/08/2024,13:00:00,0.401151,0.196767,0,0.597918
19/08/2024,14:00:00,0.390161,0.196603,0,0.586764
19/08/2024,15:00:00,0.379472,0.196439,0,0.575911
19/08/2024,16:00:00,0.369076,0.196276,0,0.565352
19/08/2024,17:00:00,0.358965,0.196112,0,0.555077
19/08/2024,18:00:00,0.349131,0.195949,0,0.54508
19/08/2024,19:00:00,0.339567,0.195786,0,0.535353
19/08/2024,20:00:00,0.330264,0.195622,0,0.525886
19/08/2024,21:00:00,0.321216,0.195459,0,0.516675
19/08/2024,22:00:00,0.312416,0.195297,0,0.507713
19/08/2024,23:00:00,0.303858,0.195134,0,0.498992
20/08/2024,00:00:00,0.295533,0.194971,0,0.490504
20/08/2024,01:00:00,0.287437,0.194809,0,0.482246
20/08/2024,02:00:00,0.279563,0.194647,0,0.47421
20/08/2024,03:00:00,0.271904,0.194485,0,0.466389
20/08/2024,04:00:00,0.264455,0.194323,0,0.458778
20/08/2024,05:00:00,0.25721,0.194161,0,0.451371
20/08/2024,06:00:00,0.250164,0.193999,0,0.444163
20/08/2024,07:00:00,0.24331,0.193837,0,0.437147
20/08/2024,08:00:00,0.236645,0.193676,0,0.430321
20/08/2024,09:00:00,0.230162,0.193515,0,0.423677
20/08/2024,10:00:00,0.223856,0.193353,0,0.417209
20/08/2024,11:00:00,0.217724,0.193192,0,0.410916
20/08/2024,12:00:00,0.211759,0.193031,0,0.40479
20/08/2024,13:00:00,0.205958,0.192871,5.595207,0.398829
20/08/2024,14:00:00,0.200315,0.19271,0.931859,0.393025
20/08/2024,15:00:00,0.194828,0.192549,0.289798,0.387377
20/08/2024,16:00:00,0.18949,0.192389,9.376526,0.381879
20/08/2024,17:00:00,0.184299,0.192229,10.449052,0.376528
20/08/2024,18:00:00,0.17925,0.192069,14.704943,0.371319
20/08/2024,19:00:00,0.174339,0.191909,1.379251,0.366248
20/08/2024,20:00:00,0.169563,0.191749,0.033379,0.361312
20/08/2024,21:00:00,0.164918,0.191589,0,0.356507
20/08/2024,22:00:00,0.1604,0.19143,0,0.35183
20/08/2024,23:00:00,0.156006,0.19127,0,0.347276
21/08/2024,00:00:00,0.151732,0.191111,0,0.342843
21/08/2024,01:00:00,0.147575,0.190952,0,0.338527
21/08/2024,02:00:00,0.143532,0.190792,0,0.334324
21/08/2024,03:00:00,0.1396,0.190634,0,0.330234
21/08/2024,04:00:00,0.135776,0.190475,0,0.326251
21/08/2024,05:00:00,0.987441,0.196818,0,1.184259
21/08/2024,06:00:00,1.088297,0.197626,0,1.285923
21/08/2024,07:00:00,1.085098,0.197664,0,1.282762
21/08/2024,08:00:00,2.533276,0.208733,0,2.742009
21/08/2024,09:00:00,4.155812,0.22142,0,4.377232
21/08/2024,10:00:00,6.509166,0.239988,0,6.749154
21/08/2024,11:00:00,6.546746,0.241429,0,6.788175
21/08/2024,12:00:00,6.367393,0.241228,0,6.608621
21/08/2024,13:00:00,6.192956,0.241027,0,6.433983
21/08/2024,14:00:00,6.023296,0.240827,0,6.264123
21/08/2024,15:00:00,5.858285,0.240626,0,6.098911
21/08/2024,16:00:00,5.697794,0.240426,0,5.93822
21/08/2024,17:00:00,5.5417,0.240225,0,5.781925
21/08/2024,18:00:00,5.389883,0.240025,0,5.629908
21/08/2024,19:00:00,5.242224,0.239825,0,5.482049
21/08/2024,20:00:00,5.09861,0.239625,0,5.338235
21/08/2024,21:00:00,4.958931,0.239426,0,5.198357
21/08/2024,22:00:00,4.823079,0.239226,0,5.062305
21/08/2024,23:00:00,4.690948,0.239027,0,4.929975
22/08/2024,00:00:00,4.562437,0.238828,0,4.801265
22/08/2024,01:00:00,4.437447,0.238629,0,4.676076
22/08/2024,02:00:00,4.315881,0.23843,0,4.554311
22/08/2024,03:00:00,4.197645,0.238232,0,4.435877
22/08/2024,04:00:00,4.082648,0.238033,0,4.320681
22/08/2024,05:00:00,3.970802,0.237835,0,4.208637
22/08/2024,06:00:00,3.86202,0.237637,0,4.099657
22/08/2024,07:00:00,3.756217,0.237439,0,3.993656
22/08/2024,08:00:00,3.653314,0.237241,0,3.890555
22/08/2024,09:00:00,3.55323,0.237043,0,3.790273
22/08/2024,10:00:00,3.455887,0.236846,0,3.692733
22/08/2024,11:00:00,3.361211,0.236649,0,3.59786
22/08/2024,12:00:00,3.269129,0.236452,0,3.505581
22/08/2024,13:00:00,3.179569,0.236255,0,3.415824
22/08/2024,14:00:00,3.092463,0.236058,0,3.328521
22/08/2024,15:00:00,3.007744,0.235861,0,3.243605
22/08/2024,16:00:00,2.925345,0.235665,0,3.16101
22/08/2024,17:00:00,2.845204,0.235468,0,3.080672
22/08/2024,18:00:00,2.767258,0.235272,0,3.00253
22/08/2024,19:00:00,2.691447,0.235076,0,2.926523
22/08/2024,20:00:00,2.617714,0.234881,0,2.852595
22/08/2024,21:00:00,2.546,0.234685,0,2.780685
22/08/2024,22:00:00,2.476251,0.234489,0,2.71074
22/08/2024,23:00:00,2.408413,0.234294,0,2.642707
23/08/2024,00:00:00,2.342433,0.234099,0,2.576532
23/08/2024,01:00:00,2.278261,0.233904,0,2.512165
23/08/2024,02:00:00,2.215847,0.233709,0,2.449556
23/08/2024,03:00:00,2.155143,0.233514,0,2.388657
23/08/2024,04:00:00,2.096102,0.23332,0,2.329422
23/08/2024,05:00:00,2.038677,0.233126,0,2.271803
23/08/2024,06:00:00,1.982827,0.232931,0,2.215758
23/08/2024,07:00:00,1.928506,0.232737,0,2.161243
23/08/2024,08:00:00,1.875674,0.232543,0,2.108217
23/08/2024,09:00:00,1.824289,0.23235,0,2.056639
23/08/2024,10:00:00,1.774311,0.232156,0,2.006467
23/08/2024,11:00:00,1.725703,0.231963,0.038028,1.957666
23/08/2024,12:00:00,1.678427,0.23177,0.14472,1.910197
23/08/2024,13:00:00,1.632445,0.231577,0.007272,1.864022
23/08/2024,14:00:00,1.587724,0.231384,0,1.819108
23/08/2024,15:00:00,1.544227,0.231191,0,1.775418
23/08/2024,16:00:00,1.501922,0.230998,0,1.73292
23/08/2024,17:00:00,1.460776,0.230806,0,1.691582
23/08/2024,18:00:00,1.420758,0.230614,0,1.651372
23/08/2024,19:00:00,1.381835,0.230422,0,1.612257
23/08/2024,20:00:00,1.343979,0.23023,0,1.574209
23/08/2024,21:00:00,1.30716,0.230038,0,1.537198
23/08/2024,22:00:00,1.27135,0.229846,0,1.501196
23/08/2024,23:00:00,1.23652,0.229655,0,1.466175
24/08/2024,00:00:00,1.202645,0.229463,0,1.432108
24/08/2024,01:00:00,1.169698,0.229272,0,1.39897
24/08/2024,02:00:00,1.137654,0.229081,0,1.366735
24/08/2024,03:00:00,1.106487,0.22889,0.114202,1.335377
24/08/2024,04:00:00,1.08296,0.228751,0.034332,1.311711
24/08/2024,05:00:00,1.053292,0.228561,0.001431,1.281853
24/08/2024,06:00:00,1.024436,0.22837,0,1.252806
24/08/2024,07:00:00,0.996371,0.22818,0,1.224551
24/08/2024,08:00:00,0.969075,0.22799,0,1.197065
24/08/2024,09:00:00,0.942527,0.2278,0,1.170327
24/08/2024,10:00:00,0.916706,0.227611,0,1.144317
24/08/2024,11:00:00,0.891592,0.227421,0,1.119013
24/08/2024,12:00:00,0.867166,0.227231,0,1.094397
24/08/2024,13:00:00,0.84341,0.227042,0,1.070452
24/08/2024,14:00:00,0.820304,0.226853,0,1.047157
24/08/2024,15:00:00,0.797832,0.226664,6.099582,1.024496
24/08/2024,16:00:00,0.775975,0.226475,0.310421,1.00245
24/08/2024,17:00:00,0.754716,0.226287,0.685096,0.981003
24/08/2024,18:00:00,0.73404,0.226098,0.225186,0.960138
24/08/2024,19:00:00,0.713931,0.22591,0.095367,0.939841
24/08/2024,20:00:00,0.694373,0.225722,0.004292,0.920095
24/08/2024,21:00:00,0.67535,0.225534,0,0.900884
24/08/2024,22:00:00,0.656848,0.225346,0,0.882194
24/08/2024,23:00:00,0.638854,0.225158,0,0.864012
25/08/2024,00:00:00,0.621352,0.22497,0,0.846322
25/08/2024,01:00:00,0.60433,0.224783,0,0.829113
25/08/2024,02:00:00,0.587774,0.224596,0,0.81237
25/08/2024,03:00:00,0.571671,0.224409,0,0.79608
25/08/2024,04:00:00,0.55601,0.224222,0,0.780232
25/08/2024,05:00:00,0.540778,0.224035,0,0.764813
25/08/2024,06:00:00,0.525963,0.223848,0,0.749811
25/08/2024,07:00:00,1.51018,0.231253,0,1.741433
25/08/2024,08:00:00,1.498211,0.231284,0,1.729495
25/08/2024,09:00:00,1.549793,0.231795,0,1.781588
25/08/2024,10:00:00,1.522191,0.231715,0,1.753906
25/08/2024,11:00:00,1.48049,0.231522,0,1.712012
25/08/2024,12:00:00,1.439931,0.231329,0,1.67126
25/08/2024,13:00:00,1.400483,0.231136,0,1.631619
25/08/2024,14:00:00,1.362116,0.230944,0,1.59306
25/08/2024,15:00:00,1.324801,0.230751,0,1.555552
25/08/2024,16:00:00,1.288507,0.230559,0,1.519066
25/08/2024,17:00:00,1.253208,0.230367,0.047684,1.483575
25/08/2024,18:00:00,1.218875,0.230175,0.002384,1.44905
25/08/2024,19:00:00,1.185484,0.229984,0,1.415468
25/08/2024,20:00:00,1.153007,0.229792,0,1.382799
25/08/2024,21:00:00,1.121419,0.229601,0,1.35102
25/08/2024,22:00:00,1.090698,0.229409,0,1.320107
25/08/2024,23:00:00,1.060817,0.229218,0,1.290035
26/08/2024,00:00:00,1.031756,0.229027,0,1.260783
26/08/2024,01:00:00,1.00349,0.228837,0,1.232327
26/08/2024,02:00:00,0.975999,0.228646,0,1.204645
26/08/2024,03:00:00,0.949261,0.228455,0,1.177716
26/08/2024,04:00:00,0.923256,0.228265,0,1.151521
26/08/2024,05:00:00,0.897963,0.228075,0,1.126038
26/08/2024,06:00:00,0.873362,0.227885,0,1.101247
26/08/2024,07:00:00,0.849436,0.227695,0,1.077131
26/08/2024,08:00:00,0.826165,0.227505,0,1.05367
26/08/2024,09:00:00,0.803532,0.227316,0,1.030848
26/08/2024,10:00:00,0.781519,0.227127,0,1.008646
26/08/2024,11:00:00,0.760109,0.226937,0,0.987046
26/08/2024,12:00:00,0.739285,0.226748,0,0.966033
26/08/2024,13:00:00,0.719032,0.22656,0,0.945592
26/08/2024,14:00:00,0.699334,0.226371,0,0.925705
26/08/2024,15:00:00,0.680175,0.226182,0,0.906357
26/08/2024,16:00:00,0.661542,0.225994,0,0.887536
26/08/2024,17:00:00,0.643418,0.225806,0,0.869224
26/08/2024,18:00:00,0.625791,0.225617,0,0.851408
26/08/2024,19:00:00,0.608648,0.22543,0,0.834078
26/08/2024,20:00:00,0.591973,0.225242,0,0.817215
26/08/2024,21:00:00,0.575756,0.225054,0,0.80081
26/08/2024,22:00:00,0.559983,0.224867,0,0.78485
26/08/2024,23:00:00,0.544642,0.224679,0,0.769321
27/08/2024,00:00:00,0.529721,0.224492,0,0.754213
27/08/2024,01:00:00,0.515209,0.224305,0,0.739514
27/08/2024,02:00:00,0.501095,0.224118,0,0.725213
27/08/2024,03:00:00,0.487367,0.223932,0,0.711299
27/08/2024,04:00:00,0.474015,0.223745,0,0.69776
27/08/2024,05:00:00,0.461029,0.223559,0,0.684588
27/08/2024,06:00:00,0.448399,0.223373,0,0.671772
27/08/2024,07:00:00,0.436115,0.223186,0,0.659301
27/08/2024,08:00:00,0.424167,0.223001,0,0.647168
27/08/2024,09:00:00,0.412547,0.222815,0,0.635362
27/08/2024,10:00:00,0.401245,0.222629,0,0.623874
27/08/2024,11:00:00,0.390253,0.222444,0,0.612697
27/08/2024,12:00:00,0.379562,0.222258,0,0.60182
27/08/2024,13:00:00,0.369163,0.222073,0,0.591236
27/08/2024,14:00:00,0.35905,0.221888,0,0.580938
27/08/2024,15:00:00,0.349214,0.221704,0,0.570918
27/08/2024,16:00:00,0.339647,0.221519,0,0.561166
27/08/2024,17:00:00,0.330342,0.221334,0,0.551676
27/08/2024,18:00:00,0.321292,0.22115,0,0.542442
27/08/2024,19:00:00,0.31249,0.220966,0,0.533456
27/08/2024,20:00:00,0.303929,0.220782,0,0.524711
27/08/2024,21:00:00,0.295603,0.220598,0,0.516201
27/08/2024,22:00:00,0.287505,0.220414,0,0.507919
27/08/2024,23:00:00,0.279628,0.22023,0,0.499858
28/08/2024,00:00:00,0.271968,0.220047,0,0.492015
28/08/2024,01:00:00,0.264517,0.219864,0,0.484381
28/08/2024,02:00:00,0.257271,0.219681,0,0.476952
28/08/2024,03:00:00,0.250223,0.219498,0,0.469721
28/08/2024,04:00:00,0.243368,0.219315,0,0.462683
28/08/2024,05:00:00,0.2367,0.219132,0,0.455832
28/08/2024,06:00:00,0.230216,0.218949,0,0.449165
28/08/2024,07:00:00,0.223909,0.218767,0,0.442676
28/08/2024,08:00:00,0.217775,0.218585,0,0.43636
28/08/2024,09:00:00,0.211809,0.218403,0,0.430212
28/08/2024,10:00:00,0.206006,0.218221,0,0.424227
28/08/2024,11:00:00,0.200363,0.218039,0,0.418402
28/08/2024,12:00:00,0.194873,0.217857,0,0.41273
28/08/2024,13:00:00,0.189535,0.217676,0,0.407211
28/08/2024,14:00:00,0.184342,0.217495,0,0.401837
28/08/2024,15:00:00,0.179292,0.217314,0,0.396606
28/08/2024,16:00:00,0.17438,0.217132,0,0.391512
28/08/2024,17:00:00,0.169603,0.216952,0,0.386555
28/08/2024,18:00:00,0.164957,0.216771,0,0.381728
28/08/2024,19:00:00,0.160438,0.21659,0,0.377028
28/08/2024,20:00:00,0.156042,0.21641,0,0.372452
28/08/2024,21:00:00,0.151768,0.21623,0,0.367998
28/08/2024,22:00:00,0.14761,0.21605,0,0.36366
28/08/2024,23:00:00,0.143566,0.21587,0,0.359436
29/08/2024,00:00:00,0.139633,0.21569,0,0.355323
29/08/2024,01:00:00,0.135808,0.21551,0,0.351318
29/08/2024,02:00:00,0.132087,0.215331,0,0.347418
29/08/2024,03:00:00,0.128469,0.215151,0,0.34362
29/08/2024,04:00:00,0.124949,0.214972,0,0.339921
29/08/2024,05:00:00,0.121526,0.214793,0,0.336319
29/08/2024,06:00:00,0.118197,0.214614,0,0.332811
29/08/2024,07:00:00,0.114959,0.214435,0,0.329394
29/08/2024,08:00:00,0.111809,0.214257,0,0.326066
29/08/2024,09:00:00,0.108746,0.214078,0,0.322824
29/08/2024,10:00:00,0.105767,0.2139,0,0.319667
29/08/2024,11:00:00,0.10287,0.213722,0,0.316592
29/08/2024,12:00:00,0.100051,0.213544,0,0.313595
29/08/2024,13:00:00,0.09731,0.213366,0,0.310676
29/08/2024,14:00:00,0.094645,0.213188,0,0.307833
29/08/2024,15:00:00,0.092052,0.21301,0,0.305062
29/08/2024,16:00:00,0.08953,0.212833,0,0.302363
29/08/2024,17:00:00,0.087077,0.212656,0,0.299733
29/08/2024,18:00:00,0.084692,0.212479,0,0.297171
29/08/2024,19:00:00,0.082371,0.212302,0,0.294673
29/08/2024,20:00:00,0.080115,0.212125,0,0.29224
29/08/2024,21:00:00,0.07792,0.211948,0,0.289868
29/08/2024,22:00:00,0.075785,0.211771,0,0.287556
29/08/2024,23:00:00,0.073709,0.211595,0,0.285304
30/08/2024,00:00:00,0.07169,0.211419,0.038028,0.283109
30/08/2024,01:00:00,0.069726,0.211243,0.277877,0.280969
30/08/2024,02:00:00,0.067816,0.211067,0.042677,0.278883
30/08/2024,03:00:00,0.065958,0.210891,0.001431,0.276849
30/08/2024,04:00:00,0.064151,0.210715,0.028491,0.274866
30/08/2024,05:00:00,0.062394,0.21054,0.001431,0.272934
30/08/2024,06:00:00,0.060684,0.210364,0,0.271048
30/08/2024,07:00:00,0.059022,0.210189,0,0.269211
30/08/2024,08:00:00,0.057405,0.210014,0,0.267419
30/08/2024,09:00:00,0.055832,0.209839,0,0.265671
30/08/2024,10:00:00,0.054303,0.209664,0,0.263967
30/08/2024,11:00:00,0.052815,0.20949,0,0.262305
30/08/2024,12:00:00,0.051368,0.209315,0,0.260683
30/08/2024,13:00:00,0.049961,0.209141,0,0.259102
30/08/2024,14:00:00,0.048592,0.208967,0,0.257559
30/08/2024,15:00:00,0.047261,0.208793,0,0.256054
30/08/2024,16:00:00,0.045966,0.208619,0,0.254585
30/08/2024,17:00:00,0.077782,0.208696,0,0.286478
30/08/2024,18:00:00,0.075652,0.208522,0,0.284174
30/08/2024,19:00:00,0.073579,0.208349,0,0.281928
30/08/2024,20:00:00,0.071563,0.208175,0,0.279738
30/08/2024,21:00:00,0.069603,0.208002,0,0.277605
30/08/2024,22:00:00,0.067696,0.207828,0,0.275524
30/08/2024,23:00:00,0.065841,0.207655,0.342607,0.273496
31/08/2024,00:00:00,0.064038,0.207482,0.160217,0.27152
31/08/2024,01:00:00,0.062283,0.20731,0.083327,0.269593
31/08/2024,02:00:00,0.060577,0.207137,0.003934,0.267714
31/08/2024,03:00:00,0.058917,0.206964,0,0.265881
31/08/2024,04:00:00,0.057303,0.206792,0,0.264095
31/08/2024,05:00:00,0.055734,0.20662,0,0.262354
31/08/2024,06:00:00,0.054207,0.206448,0,0.260655
31/08/2024,07:00:00,0.052722,0.206276,0,0.258998
31/08/2024,08:00:00,0.051277,0.206104,0,0.257381
31/08/2024,09:00:00,0.049873,0.205932,0,0.255805
31/08/2024,10:00:00,0.048506,0.205761,0,0.254267
31/08/2024,11:00:00,0.047177,0.205589,0,0.252766
31/08/2024,12:00:00,0.045885,0.205418,0,0.251303
31/08/2024,13:00:00,0.044628,0.205247,0,0.249875
31/08/2024,14:00:00,0.043405,0.205076,0,0.248481
31/08/2024,15:00:00,0.075063,0.205155,0,0.280218
31/08/2024,16:00:00,0.076817,0.205013,0,0.28183
31/08/2024,17:00:00,0.074713,0.204842,0,0.279555
31/08/2024,18:00:00,0.072666,0.204671,0,0.277337
31/08/2024,19:00:00,0.070675,0.204501,0,0.275176
31/08/2024,20:00:00,0.068739,0.204331,0,0.27307
31/08/2024,21:00:00,0.066856,0.20416,0,0.271016
31/08/2024,22:00:00,0.065025,0.20399,0,0.269015
31/08/2024,23:00:00,0.063243,0.20382,0,0.267063
01/09/2024,00:00:00,0.061511,0.203651,0,0.265162
01/09/2024,01:00:00,0.059826,0.203481,0,0.263307
01/09/2024,02:00:00,0.058187,0.203311,0,0.261498
01/09/2024,03:00:00,0.056593,0.203142,0,0.259735
01/09/2024,04:00:00,0.055042,0.202973,0,0.258015
01/09/2024,05:00:00,0.053534,0.202804,0,0.256338
01/09/2024,06:00:00,0.052068,0.202635,0,0.254703
01/09/2024,07:00:00,0.050641,0.202466,0,0.253107
01/09/2024,08:00:00,0.049254,0.202297,0,0.251551
01/09/2024,09:00:00,0.047905,0.202129,0,0.250034
01/09/2024,10:00:00,0.046592,0.201961,0,0.248553
01/09/2024,11:00:00,0.045316,0.201792,0,0.247108
01/09/2024,12:00:00,0.044074,0.201624,0,0.245698
01/09/2024,13:00:00,0.042867,0.201456,0,0.244323
01/09/2024,14:00:00,0.041692,0.201288,0,0.24298
01/09/2024,15:00:00,0.04055,0.201121,0,0.241671
01/09/2024,16:00:00,0.039439,0.200953,0,0.240392
01/09/2024,17:00:00,0.038359,0.200786,0,0.239145
01/09/2024,18:00:00,0.037308,0.200619,0,0.237927
01/09/2024,19:00:00,0.036286,0.200452,0,0.236738
01/09/2024,20:00:00,0.035292,0.200285,0,0.235577
01/09/2024,21:00:00,0.034325,0.200118,0,0.234443
01/09/2024,22:00:00,0.033385,0.199951,0,0.233336
01/09/2024,23:00:00,0.03247,0.199784,0,0.232254
02/09/2024,00:00:00,0.031581,0.199618,0,0.231199
02/09/2024,01:00:00,0.030715,0.199452,0,0.230167
02/09/2024,02:00:00,0.029874,0.199286,0,0.22916
02/09/2024,03:00:00,0.029056,0.19912,0,0.228176
02/09/2024,04:00:00,0.02826,0.198954,0,0.227214
02/09/2024,05:00:00,0.027485,0.198788,0,0.226273
02/09/2024,06:00:00,0.026732,0.198622,0,0.225354
02/09/2024,07:00:00,0.026,0.198457,0,0.224457
02/09/2024,08:00:00,0.025288,0.198292,0,0.22358
02/09/2024,09:00:00,0.024595,0.198126,0,0.222721
02/09/2024,10:00:00,0.023921,0.197961,0,0.221882
02/09/2024,11:00:00,0.023266,0.197797,0,0.221063
02/09/2024,12:00:00,0.022628,0.197632,0,0.22026
02/09/2024,13:00:00,0.022009,0.197467,0,0.219476
02/09/2024,14:00:00,0.021406,0.197303,0,0.218709
02/09/2024,15:00:00,0.020819,0.197138,0,0.217957
02/09/2024,16:00:00,0.020249,0.196974,0,0.217223
02/09/2024,17:00:00,0.019694,0.19681,0,0.216504
02/09/2024,18:00:00,0.019155,0.196646,0,0.215801
02/09/2024,19:00:00,0.01863,0.196482,0,0.215112
02/09/2024,20:00:00,0.018119,0.196319,0,0.214438
02/09/2024,21:00:00,0.017623,0.196155,0,0.213778
02/09/2024,22:00:00,0.01714,0.195992,0,0.213132
02/09/2024,23:00:00,0.016671,0.195828,0,0.212499
03/09/2024,00:00:00,0.016214,0.195665,0,0.211879
03/09/2024,01:00:00,0.01577,0.195502,0,0.211272
03/09/2024,02:00:00,0.015338,0.19534,0,0.210678
03/09/2024,03:00:00,0.014918,0.195177,0,0.210095
03/09/2024,04:00:00,0.014509,0.195014,0,0.209523
03/09/2024,05:00:00,0.014111,0.194852,0,0.208963
03/09/2024,06:00:00,0.013725,0.194689,0,0.208414
03/09/2024,07:00:00,0.013349,0.194527,0,0.207876
03/09/2024,08:00:00,0.012983,0.194365,0,0.207348
03/09/2024,09:00:00,0.012627,0.194203,0,0.20683
03/09/2024,10:00:00,0.012282,0.194042,0,0.206324
03/09/2024,11:00:00,0.011945,0.19388,0,0.205825
03/09/2024,12:00:00,0.011618,0.193718,0.076056,0.205336
03/09/2024,13:00:00,0.0113,0.193557,0.003934,0.204857
03/09/2024,14:00:00,0.01099,0.193396,0,0.204386
03/09/2024,15:00:00,0.010689,0.193235,0,0.203924
03/09/2024,16:00:00,0.010396,0.193074,2.845168,0.20347
03/09/2024,17:00:00,0.010111,0.192913,0.591993,0.203024
03/09/2024,18:00:00,0.009834,0.192752,1.716614,0.202586
03/09/2024,19:00:00,0.009565,0.192592,0.733256,0.202157
03/09/2024,20:00:00,0.009303,0.192431,0.204206,0.201734
03/09/2024,21:00:00,0.009048,0.192271,0.046849,0.201319
03/09/2024,22:00:00,0.0088,0.192111,0.097036,0.200911
03/09/2024,23:00:00,0.008559,0.191951,0.004888,0.20051
04/09/2024,00:00:00,0.008325,0.191791,0,0.200116
04/09/2024,01:00:00,0.008097,0.191631,0,0.199728
04/09/2024,02:00:00,0.007875,0.191472,0,0.199347
04/09/2024,03:00:00,0.007659,0.191312,0,0.198971
04/09/2024,04:00:00,0.011034,0.19118,0,0.202214
04/09/2024,05:00:00,0.010732,0.191021,0,0.201753
04/09/2024,06:00:00,0.010438,0.190862,0,0.2013
04/09/2024,07:00:00,0.010152,0.190703,0,0.200855
04/09/2024,08:00:00,0.435865,0.193782,0,0.629647
04/09/2024,09:00:00,0.506478,0.194248,0,0.700726
04/09/2024,10:00:00,0.748251,0.196029,0,0.94428
04/09/2024,11:00:00,0.832539,0.196663,0,1.029202
04/09/2024,12:00:00,0.832923,0.196675,0,1.029598
04/09/2024,13:00:00,0.810104,0.196511,0,1.006615
04/09/2024,14:00:00,0.794515,0.196398,0,0.990913
04/09/2024,15:00:00,0.772749,0.196234,0,0.968983
04/09/2024,16:00:00,0.751579,0.196071,0,0.94765
04/09/2024,17:00:00,0.730989,0.195907,0,0.926896
04/09/2024,18:00:00,0.710963,0.195744,0,0.906707
04/09/2024,19:00:00,0.691486,0.195581,0,0.887067
04/09/2024,20:00:00,0.672542,0.195418,0,0.86796
04/09/2024,21:00:00,0.654118,0.195255,0,0.849373
04/09/2024,22:00:00,0.636198,0.195093,0,0.831291
04/09/2024,23:00:00,0.618769,0.19493,0,0.813699
05/09/2024,00:00:00,0.601817,0.194768,0,0.796585
05/09/2024,01:00:00,0.58533,0.194606,0,0.779936
05/09/2024,02:00:00,0.569295,0.194444,0,0.763739
05/09/2024,03:00:00,0.553699,0.194282,0,0.747981
05/09/2024,04:00:00,0.53853,0.19412,0,0.73265
05/09/2024,05:00:00,0.523777,0.193958,0,0.717735
05/09/2024,06:00:00,0.509427,0.193797,0,0.703224
05/09/2024,07:00:00,0.495471,0.193635,0,0.689106
05/09/2024,08:00:00,0.481898,0.193474,0,0.675372
05/09/2024,09:00:00,0.468696,0.193313,0,0.662009
05/09/2024,10:00:00,0.455856,0.193152,0,0.649008
05/09/2024,11:00:00,0.443367,0.192991,0,0.636358
05/09/2024,12:00:00,0.431221,0.19283,0,0.624051
05/09/2024,13:00:00,0.419407,0.192669,0,0.612076
05/09/2024,14:00:00,0.407918,0.192509,0,0.600427
05/09/2024,15:00:00,0.396742,0.192349,0,0.589091
05/09/2024,16:00:00,0.385873,0.192188,0,0.578061
05/09/2024,17:00:00,0.375302,0.192028,0,0.56733
05/09/2024,18:00:00,0.365021,0.191868,0,0.556889
05/09/2024,19:00:00,0.355021,0.191708,0,0.546729
05/09/2024,20:00:00,0.345295,0.191549,0,0.536844
05/09/2024,21:00:00,0.335835,0.191389,0,0.527224
05/09/2024,22:00:00,0.326635,0.19123,0,0.517865
05/09/2024,23:00:00,0.317686,0.19107,0,0.508756
06/09/2024,00:00:00,0.308983,0.190911,0,0.499894
06/09/2024,01:00:00,0.300519,0.190752,0,0.491271
06/09/2024,02:00:00,0.292286,0.190593,0,0.482879
06/09/2024,03:00:00,0.284278,0.190435,0,0.474713
06/09/2024,04:00:00,0.27649,0.190276,0,0.466766
06/09/2024,05:00:00,0.268916,0.190117,0,0.459033
06/09/2024,06:00:00,0.261549,0.189959,0,0.451508
06/09/2024,07:00:00,0.254383,0.189801,0,0.444184
06/09/2024,08:00:00,0.247414,0.189643,0,0.437057
06/09/2024,09:00:00,0.240636,0.189485,0,0.430121
06/09/2024,10:00:00,0.234044,0.189327,0,0.423371
06/09/2024,11:00:00,0.227632,0.189169,0,0.416801
06/09/2024,12:00:00,0.221396,0.189012,0,0.410408
06/09/2024,13:00:00,0.215331,0.188854,0,0.404185
06/09/2024,14:00:00,0.209432,0.188697,0.409126,0.398129
06/09/2024,15:00:00,0.203694,0.18854,0.515699,0.392234
06/09/2024,16:00:00,0.198114,0.188383,0.072718,0.386497
06/09/2024,17:00:00,0.192687,0.188226,0.002384,0.380913
06/09/2024,18:00:00,0.187408,0.188069,0,0.375477
06/09/2024,19:00:00,0.182274,0.187912,0,0.370186
06/09/2024,20:00:00,0.17728,0.187756,0,0.365036
06/09/2024,21:00:00,0.172424,0.187599,0,0.360023
06/09/2024,22:00:00,0.1677,0.187443,0,0.355143
06/09/2024,23:00:00,0.163106,0.187287,0,0.350393
07/09/2024,00:00:00,0.158637,0.187131,0,0.345768
07/09/2024,01:00:00,0.154291,0.186975,0,0.341266
07/09/2024,02:00:00,0.150064,0.186819,0,0.336883
07/09/2024,03:00:00,0.145953,0.186664,0,0.332617
07/09/2024,04:00:00,0.141955,0.186508,0,0.328463
07/09/2024,05:00:00,0.138066,0.186353,0,0.324419
07/09/2024,06:00:00,0.185164,0.186584,0,0.371748
07/09/2024,07:00:00,0.246669,0.186935,0,0.433604
07/09/2024,08:00:00,0.239911,0.186779,0,0.42669
07/09/2024,09:00:00,0.233339,0.186624,0,0.419963
07/09/2024,10:00:00,0.226946,0.186468,0,0.413414
07/09/2024,11:00:00,0.220729,0.186313,0,0.407042
07/09/2024,12:00:00,0.214682,0.186158,0,0.40084
07/09/2024,13:00:00,0.208801,0.186003,0,0.394804
07/09/2024,14:00:00,0.203081,0.185848,0,0.388929
07/09/2024,15:00:00,0.197517,0.185693,0,0.38321
07/09/2024,16:00:00,0.192106,0.185538,0,0.377644
07/09/2024,17:00:00,0.186843,0.185384,0,0.372227
07/09/2024,18:00:00,0.181725,0.185229,0,0.366954
07/09/2024,19:00:00,0.176746,0.185075,0,0.361821
07/09/2024,20:00:00,0.171904,0.184921,0,0.356825
07/09/2024,21:00:00,0.167195,0.184767,1.731873,0.351962
07/09/2024,22:00:00,0.162614,0.184613,2.172112,0.347227
07/09/2024,23:00:00,0.158159,0.184459,0.924349,0.342618
08/09/2024,00:00:00,0.153826,0.184306,0.041723,0.338132
08/09/2024,01:00:00,0.149612,0.184152,0,0.333764
08/09/2024,02:00:00,0.145514,0.183999,0,0.329513
08/09/2024,03:00:00,0.141527,0.183845,0,0.325372
08/09/2024,04:00:00,0.13765,0.183692,0,0.321342
08/09/2024,05:00:00,0.133879,0.183539,0,0.317418
08/09/2024,06:00:00,0.130211,0.183386,0,0.313597
08/09/2024,07:00:00,0.126644,0.183234,0,0.309878
08/09/2024,08:00:00,0.123175,0.183081,0,0.306256
08/09/2024,09:00:00,0.1198,0.182928,0,0.302728
08/09/2024,10:00:00,0.116518,0.182776,0,0.299294
08/09/2024,11:00:00,0.113326,0.182624,0,0.29595
08/09/2024,12:00:00,0.110221,0.182472,0,0.292693
08/09/2024,13:00:00,0.354011,0.184196,0,0.538207
08/09/2024,14:00:00,0.659611,0.186439,0,0.84605
08/09/2024,15:00:00,0.767014,0.187238,0,0.954252
08/09/2024,16:00:00,0.746002,0.187082,0,0.933084
08/09/2024,17:00:00,0.725564,0.186926,0,0.91249
08/09/2024,18:00:00,0.705687,0.18677,0,0.892457
08/09/2024,19:00:00,0.686355,0.186614,0,0.872969
08/09/2024,20:00:00,0.667551,0.186459,0,0.85401
08/09/2024,21:00:00,0.649264,0.186304,0,0.835568
08/09/2024,22:00:00,0.631477,0.186148,0,0.817625
08/09/2024,23:00:00,0.614177,0.185993,0,0.80017
09/09/2024,00:00:00,0.597351,0.185838,0,0.783189
09/09/2024,01:00:00,0.580987,0.185684,0.114202,0.766671
09/09/2024,02:00:00,0.56507,0.185529,0.005722,0.750599
09/09/2024,03:00:00,0.54959,0.185374,0,0.734964
09/09/2024,04:00:00,0.534533,0.18522,0,0.719753
09/09/2024,05:00:00,0.51989,0.185066,0,0.704956
09/09/2024,06:00:00,0.505647,0.184912,0,0.690559
09/09/2024,07:00:00,0.491795,0.184758,0,0.676553
09/09/2024,08:00:00,0.478322,0.184604,0.02861,0.662926
09/09/2024,09:00:00,0.465218,0.18445,0.001431,0.649668
09/09/2024,10:00:00,0.452473,0.184296,0.038028,0.636769
09/09/2024,11:00:00,0.440077,0.184143,0.325561,0.62422
09/09/2024,12:00:00,0.428021,0.183989,0.016451,0.61201
09/09/2024,13:00:00,0.416295,0.183836,0,0.600131
09/09/2024,14:00:00,0.40489,0.183683,0,0.588573
09/09/2024,15:00:00,0.393798,0.18353,0,0.577328
09/09/2024,16:00:00,0.38301,0.183377,0.180721,0.566387
09/09/2024,17:00:00,0.384373,0.183314,0.009298,0.567687
09/09/2024,18:00:00,0.373843,0.183162,0,0.557005
09/09/2024,19:00:00,0.363602,0.183009,0,0.546611
09/09/2024,20:00:00,0.353641,0.182857,0,0.536498
09/09/2024,21:00:00,0.343952,0.182704,0,0.526656
09/09/2024,22:00:00,0.33453,0.182552,0,0.517082
09/09/2024,23:00:00,0.325365,0.1824,0.047565,0.507765
10/09/2024,00:00:00,0.316451,0.182248,0.297427,0.498699
10/09/2024,01:00:00,0.307782,0.182096,0.300407,0.489878
10/09/2024,02:00:00,0.299955,0.181949,0.014544,0.481904
10/09/2024,03:00:00,0.336167,0.182136,0,0.518303
10/09/2024,04:00:00,0.326957,0.181984,0,0.508941
10/09/2024,05:00:00,0.318,0.181832,0,0.499832
10/09/2024,06:00:00,0.309288,0.181681,0,0.490969
10/09/2024,07:00:00,0.300815,0.181529,0,0.482344
10/09/2024,08:00:00,0.315161,0.18155,0,0.496711
10/09/2024,09:00:00,0.306527,0.181399,0,0.487926
10/09/2024,10:00:00,0.29813,0.181248,0,0.479378
10/09/2024,11:00:00,0.289962,0.181097,0,0.471059
10/09/2024,12:00:00,0.282019,0.180946,0.066638,0.462965
10/09/2024,13:00:00,0.274292,0.180795,0.745654,0.455087
10/09/2024,14:00:00,0.266778,0.180644,0.228047,0.447422
10/09/2024,15:00:00,0.262029,0.180513,0.79,0.442542
10/09/2024,16:00:00,0.295338,0.180671,0.477433,0.476009
10/09/2024,17:00:00,0.327927,0.18083,0.21255,0.508757
10/09/2024,18:00:00,0.318943,0.180679,0.552058,0.499622
10/09/2024,19:00:00,0.310206,0.180528,1.160026,0.490734
10/09/2024,20:00:00,0.301707,0.180378,0.26691,0.482085
10/09/2024,21:00:00,0.293442,0.180228,0.629187,0.47367
10/09/2024,22:00:00,0.285403,0.180078,2.419949,0.465481
10/09/2024,23:00:00,0.277584,0.179928,3.965855,0.457512
11/09/2024,00:00:00,0.26998,0.179778,3.021836,0.449758
11/09/2024,01:00:00,0.262583,0.179628,1.190543,0.442211
11/09/2024,02:00:00,0.25539,0.179478,0.053287,0.434868
11/09/2024,03:00:00,0.248393,0.179329,0,0.427722
11/09/2024,04:00:00,0.243262,0.179192,0,0.422454
11/09/2024,05:00:00,0.341468,0.17984,0,0.521308
11/09/2024,06:00:00,0.357821,0.179886,0,0.537707
11/09/2024,07:00:00,0.459304,0.180582,0,0.639886
11/09/2024,08:00:00,0.510042,0.180913,0,0.690955
11/09/2024,09:00:00,0.518569,0.180933,0.209332,0.699502
11/09/2024,10:00:00,0.578613,0.181347,0.010729,0.75996
11/09/2024,11:00:00,0.730242,0.182469,1.027703,0.912711
11/09/2024,12:00:00,0.740279,0.182545,0.727892,0.922824
11/09/2024,13:00:00,0.805556,0.183044,0.072479,0.9886
11/09/2024,14:00:00,1.146007,0.185647,8.423328,1.331654
11/09/2024,15:00:00,1.720992,0.190101,1.208901,1.911093
11/09/2024,16:00:00,2.137087,0.193464,0.077724,2.330551
11/09/2024,17:00:00,2.254564,0.194641,0.230312,2.449205
11/09/2024,18:00:00,2.192799,0.194479,0.011683,2.387278
11/09/2024,19:00:00,2.132726,0.194317,0,2.327043
11/09/2024,20:00:00,2.074299,0.194155,0,2.268454
11/09/2024,21:00:00,2.017472,0.193993,0.228286,2.211465
11/09/2024,22:00:00,1.962202,0.193832,1.324892,2.156034
11/09/2024,23:00:00,1.908447,0.19367,1.693964,2.102117
12/09/2024,00:00:00,1.856164,0.193509,0.08285,2.049673
12/09/2024,01:00:00,1.82678,0.193511,0,2.020291
12/09/2024,02:00:00,1.776735,0.19335,0.038028,1.970085
12/09/2024,03:00:00,1.87939,0.194339,0.182748,2.073729
12/09/2024,04:00:00,1.932049,0.194969,0.009179,2.127018
12/09/2024,05:00:00,1.879281,0.194808,0,2.074089
12/09/2024,06:00:00,3.169983,0.204847,0.15223,3.37483
12/09/2024,07:00:00,3.268351,0.206085,0.711918,3.474436
12/09/2024,08:00:00,3.180071,0.205923,0.188112,3.385994
12/09/2024,09:00:00,3.119166,0.20595,0.007749,3.325116
12/09/2024,10:00:00,3.033715,0.205779,0.171304,3.239494
12/09/2024,11:00:00,2.950604,0.205607,0.008702,3.156211
12/09/2024,12:00:00,2.869771,0.205436,0,3.075207
12/09/2024,13:00:00,2.817425,0.205465,0,3.02289
12/09/2024,14:00:00,2.945637,0.206855,0,3.152492
12/09/2024,15:00:00,3.131704,0.20871,0,3.340414
12/09/2024,16:00:00,3.048748,0.208558,0,3.257306
12/09/2024,17:00:00,2.965226,0.208384,0,3.17361
12/09/2024,18:00:00,2.883992,0.208211,0,3.092203
12/09/2024,19:00:00,2.824475,0.208185,0,3.03266
12/09/2024,20:00:00,2.747097,0.208012,0,2.955109
12/09/2024,21:00:00,2.671839,0.207839,0,2.879678
12/09/2024,22:00:00,2.613374,0.207778,0,2.821152
12/09/2024,23:00:00,2.648568,0.208416,0,2.856984
13/09/2024,00:00:00,2.596827,0.208401,0,2.805228
13/09/2024,01:00:00,2.525685,0.208227,0,2.733912
13/09/2024,02:00:00,2.474712,0.208192,0,2.682904
13/09/2024,03:00:00,2.406916,0.208019,0,2.614935
13/09/2024,04:00:00,2.340978,0.207846,0,2.548824
13/09/2024,05:00:00,2.276845,0.207673,0,2.484518
13/09/2024,06:00:00,2.21447,0.2075,0,2.42197
13/09/2024,07:00:00,2.153803,0.207327,0.038028,2.36113
13/09/2024,08:00:00,2.094799,0.207154,0.002027,2.301953
13/09/2024,09:00:00,2.037411,0.206981,0,2.244392
13/09/2024,10:00:00,1.981595,0.206809,0,2.188404
13/09/2024,11:00:00,1.927308,0.206637,5.147934,2.133945
13/09/2024,12:00:00,1.874508,0.206465,0.347614,2.080973
13/09/2024,13:00:00,1.823155,0.206293,0.004411,2.029448
13/09/2024,14:00:00,1.773209,0.206121,0,1.97933
13/09/2024,15:00:00,1.724631,0.205949,0,1.93058
13/09/2024,16:00:00,1.677384,0.205778,0,1.883162
13/09/2024,17:00:00,1.631431,0.205606,0,1.837037
13/09/2024,18:00:00,1.586737,0.205435,0,1.792172
13/09/2024,19:00:00,1.543268,0.205264,0,1.748532
13/09/2024,20:00:00,1.500989,0.205093,0,1.706082
13/09/2024,21:00:00,1.459869,0.204922,0,1.664791
13/09/2024,22:00:00,1.419875,0.204751,0,1.624626
13/09/2024,23:00:00,1.380977,0.204581,0,1.585558
14/09/2024,00:00:00,1.343144,0.20441,0,1.547554
14/09/2024,01:00:00,1.306348,0.20424,0,1.510588
14/09/2024,02:00:00,1.27056,0.20407,0,1.47463
14/09/2024,03:00:00,2.071804,0.210255,0,2.282059
14/09/2024,04:00:00,2.060085,0.210422,0,2.270507
14/09/2024,05:00:00,2.003648,0.210247,0,2.213895
14/09/2024,06:00:00,1.948757,0.210072,0,2.158829
14/09/2024,07:00:00,1.895369,0.209897,0,2.105266
14/09/2024,08:00:00,1.843445,0.209722,0,2.053167
14/09/2024,09:00:00,1.792943,0.209547,0,2.00249
14/09/2024,10:00:00,1.743824,0.209373,0,1.953197
14/09/2024,11:00:00,1.696051,0.209198,0,1.905249
14/09/2024,12:00:00,1.649587,0.209024,0,1.858611
14/09/2024,13:00:00,1.604396,0.20885,0,1.813246
14/09/2024,14:00:00,1.560442,0.208676,0,1.769118
14/09/2024,15:00:00,1.517693,0.208502,0,1.726195
14/09/2024,16:00:00,1.476115,0.208329,0,1.684444
14/09/2024,17:00:00,1.435676,0.208155,0,1.643831
14/09/2024,18:00:00,1.396345,0.207982,0,1.604327
14/09/2024,19:00:00,1.358091,0.207808,0,1.565899
14/09/2024,20:00:00,1.320886,0.207635,0,1.528521
14/09/2024,21:00:00,1.284699,0.207462,0,1.492161
14/09/2024,22:00:00,1.249504,0.207289,0,1.456793
14/09/2024,23:00:00,1.215274,0.207117,0,1.422391
15/09/2024,00:00:00,1.181981,0.206944,0,1.388925
15/09/2024,01:00:00,1.1496,0.206772,0,1.356372
15/09/2024,02:00:00,1.118106,0.2066,0,1.324706
15/09/2024,03:00:00,1.087475,0.206428,0,1.293903
15/09/2024,04:00:00,1.057683,0.206256,0,1.263939
15/09/2024,05:00:00,1.028707,0.206084,0,1.234791
15/09/2024,06:00:00,1.000525,0.205912,0,1.206437
15/09/2024,07:00:00,0.973115,0.205741,0,1.178856
15/09/2024,08:00:00,0.946456,0.205569,0,1.152025
15/09/2024,09:00:00,0.920527,0.205398,0,1.125925
15/09/2024,10:00:00,0.895309,0.205227,0,1.100536
15/09/2024,11:00:00,0.870782,0.205056,0,1.075838
15/09/2024,12:00:00,0.846926,0.204885,0,1.051811
15/09/2024,13:00:00,0.823724,0.204714,0,1.028438
15/09/2024,14:00:00,0.801158,0.204544,0,1.005702
15/09/2024,15:00:00,0.77921,0.204374,0,0.983584
15/09/2024,16:00:00,0.757863,0.204203,0,0.962066
15/09/2024,17:00:00,0.737101,0.204033,0,0.941134
15/09/2024,18:00:00,0.716907,0.203863,0,0.92077
15/09/2024,19:00:00,0.697267,0.203693,0,0.90096
15/09/2024,20:00:00,0.678165,0.203524,0,0.881689
15/09/2024,21:00:00,0.659587,0.203354,0,0.862941
15/09/2024,22:00:00,0.641517,0.203185,0,0.844702
15/09/2024,23:00:00,0.623942,0.203016,0,0.826958
16/09/2024,00:00:00,0.606849,0.202846,0,0.809695
16/09/2024,01:00:00,0.590224,0.202678,0,0.792902
16/09/2024,02:00:00,0.574055,0.202509,0,0.776564
16/09/2024,03:00:00,0.558328,0.20234,0,0.760668
16/09/2024,04:00:00,0.543032,0.202171,0,0.745203
16/09/2024,05:00:00,0.528156,0.202003,0,0.730159
16/09/2024,06:00:00,0.513687,0.201835,0,0.715522
16/09/2024,07:00:00,0.499614,0.201667,0.209332,0.701281
16/09/2024,08:00:00,0.485927,0.201499,0.01061,0.687426
16/09/2024,09:00:00,0.472615,0.201331,0.02861,0.673946
16/09/2024,10:00:00,0.459667,0.201163,0.24879,0.66083
16/09/2024,11:00:00,0.447074,0.200996,0.012636,0.64807
16/09/2024,12:00:00,0.434826,0.200828,0,0.635654
16/09/2024,13:00:00,0.422914,0.200661,0,0.623575
16/09/2024,14:00:00,0.411328,0.200494,0,0.611822
16/09/2024,15:00:00,0.40006,0.200327,0,0.600387
16/09/2024,16:00:00,0.3891,0.20016,0,0.58926
16/09/2024,17:00:00,0.37844,0.199993,0,0.578433
16/09/2024,18:00:00,0.368073,0.199826,0,0.567899
16/09/2024,19:00:00,0.357989,0.19966,0,0.557649
16/09/2024,20:00:00,0.348182,0.199494,0,0.547676
16/09/2024,21:00:00,0.338643,0.199328,0,0.537971
16/09/2024,22:00:00,0.329366,0.199162,0,0.528528
16/09/2024,23:00:00,0.343465,0.199171,0,0.542636
17/09/2024,00:00:00,0.334055,0.199005,0,0.53306
17/09/2024,01:00:00,0.324904,0.19884,0,0.523744
17/09/2024,02:00:00,0.344317,0.198889,0,0.543206
17/09/2024,03:00:00,0.334884,0.198724,0,0.533608
17/09/2024,04:00:00,0.32571,0.198558,0,0.524268
17/09/2024,05:00:00,0.316787,0.198393,0,0.51518
17/09/2024,06:00:00,0.308108,0.198227,0,0.506335
17/09/2024,07:00:00,0.299668,0.198062,0,0.49773
17/09/2024,08:00:00,0.291458,0.197897,0,0.489355
17/09/2024,09:00:00,0.283473,0.197733,0,0.481206
17/09/2024,10:00:00,0.275707,0.197568,0,0.473275
17/09/2024,11:00:00,0.268154,0.197403,0,0.465557
17/09/2024,12:00:00,0.260808,0.197239,0,0.458047
17/09/2024,13:00:00,0.253663,0.197075,0,0.450738
17/09/2024,14:00:00,0.246714,0.19691,0,0.443624
17/09/2024,15:00:00,0.239955,0.196746,0,0.436701
17/09/2024,16:00:00,0.233381,0.196582,0,0.429963
17/09/2024,17:00:00,0.226988,0.196419,0,0.423407
17/09/2024,18:00:00,0.220769,0.196255,0,0.417024
17/09/2024,19:00:00,0.214721,0.196092,0,0.410813
17/09/2024,20:00:00,0.208839,0.195928,0,0.404767
17/09/2024,21:00:00,0.203118,0.195765,0,0.398883
17/09/2024,22:00:00,0.197553,0.195602,0,0.393155
17/09/2024,23:00:00,0.192141,0.195439,0,0.38758
18/09/2024,00:00:00,0.186877,0.195276,0,0.382153
18/09/2024,01:00:00,0.181758,0.195114,0,0.376872
18/09/2024,02:00:00,0.176778,0.194951,0,0.371729
18/09/2024,03:00:00,0.171935,0.194789,0,0.366724
18/09/2024,04:00:00,0.167225,0.194626,0,0.361851
18/09/2024,05:00:00,0.162644,0.194464,0,0.357108
18/09/2024,06:00:00,0.158188,0.194302,0,0.35249
18/09/2024,07:00:00,0.153854,0.19414,0,0.347994
18/09/2024,08:00:00,0.14964,0.193979,0,0.343619
18/09/2024,09:00:00,0.14554,0.193817,0,0.339357
18/09/2024,10:00:00,0.141553,0.193656,0,0.335209
18/09/2024,11:00:00,0.137675,0.193494,0,0.331169
18/09/2024,12:00:00,0.133903,0.193333,0,0.327236
18/09/2024,13:00:00,0.130235,0.193172,0,0.323407
18/09/2024,14:00:00,0.126667,0.193011,0,0.319678
18/09/2024,15:00:00,0.123197,0.19285,0,0.316047
18/09/2024,16:00:00,0.119822,0.19269,0,0.312512
18/09/2024,17:00:00,0.116539,0.192529,0,0.309068
18/09/2024,18:00:00,0.113347,0.192369,0,0.305716
18/09/2024,19:00:00,0.110242,0.192209,0,0.302451
18/09/2024,20:00:00,0.107221,0.192049,0,0.29927
18/09/2024,21:00:00,0.104284,0.191889,0,0.296173
18/09/2024,22:00:00,0.101427,0.191729,0,0.293156
18/09/2024,23:00:00,0.098648,0.191569,0,0.290217
19/09/2024,00:00:00,0.095946,0.191409,0,0.287355
19/09/2024,01:00:00,0.093317,0.19125,0,0.284567
19/09/2024,02:00:00,0.090761,0.191091,0,0.281852
19/09/2024,03:00:00,0.088275,0.190932,0,0.279207
19/09/2024,04:00:00,0.085856,0.190773,0,0.276629
19/09/2024,05:00:00,0.083504,0.190614,0,0.274118
19/09/2024,06:00:00,0.081216,0.190455,0,0.271671
19/09/2024,07:00:00,0.078992,0.190296,0,0.269288
19/09/2024,08:00:00,0.076828,0.190138,0,0.266966
19/09/2024,09:00:00,0.074723,0.189979,0,0.264702
19/09/2024,10:00:00,0.072676,0.189821,0,0.262497
19/09/2024,11:00:00,0.070685,0.189663,0,0.260348
19/09/2024,12:00:00,0.068748,0.189505,0,0.258253
19/09/2024,13:00:00,0.066865,0.189347,0,0.256212
19/09/2024,14:00:00,0.065033,0.189189,0,0.254222
19/09/2024,15:00:00,0.063251,0.189032,0,0.252283
19/09/2024,16:00:00,0.061519,0.188874,0,0.250393
19/09/2024,17:00:00,0.059833,0.188717,0,0.24855
19/09/2024,18:00:00,0.058194,0.18856,0,0.246754
19/09/2024,19:00:00,0.0566,0.188403,0,0.245003
19/09/2024,20:00:00,0.055049,0.188246,0,0.243295
19/09/2024,21:00:00,0.053541,0.188089,0,0.24163
19/09/2024,22:00:00,0.052074,0.187932,0,0.240006
19/09/2024,23:00:00,0.050648,0.187776,0,0.238424
20/09/2024,00:00:00,0.04926,0.187619,0,0.236879
20/09/2024,01:00:00,0.047911,0.187463,0,0.235374
20/09/2024,02:00:00,0.046598,0.187307,0,0.233905
20/09/2024,03:00:00,0.045322,0.187151,0,0.232473
20/09/2024,04:00:00,0.04408,0.186995,0,0.231075
20/09/2024,05:00:00,0.042872,0.186839,0,0.229711
20/09/2024,06:00:00,0.041698,0.186684,0,0.228382
20/09/2024,07:00:00,0.040556,0.186528,0,0.227084
20/09/2024,08:00:00,0.039445,0.186373,0,0.225818
20/09/2024,09:00:00,0.038364,0.186217,0,0.224581
20/09/2024,10:00:00,0.037313,0.186062,0,0.223375
20/09/2024,11:00:00,0.036291,0.185907,0,0.222198
20/09/2024,12:00:00,0.035297,0.185752,0,0.221049
20/09/2024,13:00:00,0.03433,0.185598,0,0.219928
20/09/2024,14:00:00,0.033389,0.185443,0,0.218832
20/09/2024,15:00:00,0.032474,0.185289,0,0.217763
20/09/2024,16:00:00,0.031585,0.185134,0,0.216719
20/09/2024,17:00:00,0.030719,0.18498,0,0.215699
20/09/2024,18:00:00,0.029878,0.184826,0,0.214704
20/09/2024,19:00:00,0.029059,0.184672,0,0.213731
20/09/2024,20:00:00,0.028263,0.184518,0,0.212781
20/09/2024,21:00:00,0.027489,0.184365,0,0.211854
20/09/2024,22:00:00,0.026736,0.184211,0,0.210947
20/09/2024,23:00:00,0.026003,0.184058,0,0.210061
21/09/2024,00:00:00,0.025291,0.183904,0,0.209195
21/09/2024,01:00:00,0.024598,0.183751,0,0.208349
21/09/2024,02:00:00,0.023924,0.183598,0,0.207522
21/09/2024,03:00:00,0.023269,0.183445,0,0.206714
21/09/2024,04:00:00,0.022631,0.183292,0,0.205923
21/09/2024,05:00:00,0.022011,0.18314,0,0.205151
21/09/2024,06:00:00,0.021408,0.182987,0,0.204395
21/09/2024,07:00:00,0.020822,0.182835,0,0.203657
21/09/2024,08:00:00,0.020252,0.182682,0,0.202934
21/09/2024,09:00:00,0.019697,0.18253,0,0.202227
21/09/2024,10:00:00,0.019157,0.182378,0,0.201535
21/09/2024,11:00:00,0.018632,0.182226,0,0.200858
21/09/2024,12:00:00,0.018122,0.182074,0,0.200196
21/09/2024,13:00:00,0.017625,0.181923,0,0.199548
21/09/2024,14:00:00,0.017143,0.181771,0,0.198914
21/09/2024,15:00:00,0.016673,0.18162,0,0.198293
21/09/2024,16:00:00,0.016216,0.181468,0,0.197684
21/09/2024,17:00:00,0.015772,0.181317,0,0.197089
21/09/2024,18:00:00,0.01534,0.181166,0,0.196506
21/09/2024,19:00:00,0.01492,0.181015,0,0.195935
21/09/2024,20:00:00,0.014511,0.180865,0,0.195376
21/09/2024,21:00:00,0.014113,0.180714,0,0.194827
21/09/2024,22:00:00,0.013727,0.180563,0,0.19429
21/09/2024,23:00:00,0.013351,0.180413,0,0.193764
22/09/2024,00:00:00,0.012985,0.180263,0,0.193248
22/09/2024,01:00:00,0.012629,0.180113,0,0.192742
22/09/2024,02:00:00,0.012283,0.179963,0,0.192246
22/09/2024,03:00:00,0.011947,0.179813,0,0.19176
22/09/2024,04:00:00,0.011619,0.179663,0,0.191282
22/09/2024,05:00:00,0.011301,0.179513,0,0.190814
22/09/2024,06:00:00,0.010991,0.179364,0,0.190355
22/09/2024,07:00:00,0.01069,0.179214,0,0.189904
22/09/2024,08:00:00,0.010397,0.179065,0,0.189462
22/09/2024,09:00:00,0.010113,0.178916,0,0.189029
22/09/2024,10:00:00,0.009836,0.178767,0,0.188603
22/09/2024,11:00:00,0.009566,0.178618,0,0.188184
22/09/2024,12:00:00,0.009304,0.178469,0,0.187773
22/09/2024,13:00:00,0.009049,0.17832,0,0.187369
22/09/2024,14:00:00,0.008801,0.178172,0,0.186973
22/09/2024,15:00:00,0.00856,0.178023,0,0.186583
22/09/2024,16:00:00,0.008326,0.177875,0,0.186201
22/09/2024,17:00:00,0.008098,0.177727,0,0.185825
22/09/2024,18:00:00,0.007876,0.177579,0,0.185455
22/09/2024,19:00:00,0.00766,0.177431,0,0.185091
22/09/2024,20:00:00,0.00745,0.177283,0,0.184733
22/09/2024,21:00:00,0.007246,0.177136,0,0.184382
22/09/2024,22:00:00,0.007048,0.176988,0,0.184036
22/09/2024,23:00:00,0.006854,0.176841,0,0.183695
23/09/2024,00:00:00,0.006667,0.176693,0,0.18336
23/09/2024,01:00:00,0.006484,0.176546,0,0.18303
23/09/2024,02:00:00,0.006306,0.176399,0,0.182705
23/09/2024,03:00:00,0.006134,0.176252,0,0.182386
23/09/2024,04:00:00,0.005966,0.176105,0,0.182071
23/09/2024,05:00:00,0.005802,0.175959,0,0.181761
23/09/2024,06:00:00,0.005643,0.175812,0,0.181455
23/09/2024,07:00:00,0.005489,0.175666,0,0.181155
23/09/2024,08:00:00,0.005338,0.175519,0,0.180857
23/09/2024,09:00:00,0.005192,0.175373,0,0.180565
23/09/2024,10:00:00,0.00505,0.175227,0,0.180277
23/09/2024,11:00:00,0.004911,0.175081,0,0.179992
23/09/2024,12:00:00,0.004777,0.174935,0,0.179712
23/09/2024,13:00:00,0.004646,0.174789,0,0.179435
23/09/2024,14:00:00,0.004519,0.174644,0,0.179163
23/09/2024,15:00:00,0.004395,0.174498,0,0.178893
23/09/2024,16:00:00,0.004275,0.174353,0,0.178628
23/09/2024,17:00:00,0.004157,0.174208,0,0.178365
23/09/2024,18:00:00,0.004044,0.174063,0,0.178107
23/09/2024,19:00:00,0.003933,0.173918,0,0.177851
23/09/2024,20:00:00,0.003825,0.173773,0,0.177598
23/09/2024,21:00:00,0.00372,0.173628,0,0.177348
23/09/2024,22:00:00,0.003618,0.173483,0,0.177101
23/09/2024,23:00:00,0.003519,0.173339,0,0.176858
24/09/2024,00:00:00,0.003423,0.173194,0,0.176617
24/09/2024,01:00:00,0.003329,0.17305,0,0.176379
24/09/2024,02:00:00,0.003238,0.172906,0,0.176144
24/09/2024,03:00:00,0.003149,0.172762,0,0.175911
24/09/2024,04:00:00,0.003063,0.172618,0,0.175681
24/09/2024,05:00:00,0.002979,0.172474,0,0.175453
24/09/2024,06:00:00,0.002897,0.172331,0,0.175228
24/09/2024,07:00:00,0.002818,0.172187,0,0.175005
24/09/2024,08:00:00,0.002741,0.172044,0,0.174785
24/09/2024,09:00:00,0.002666,0.1719,0,0.174566
24/09/2024,10:00:00,0.002593,0.171757,0,0.17435
24/09/2024,11:00:00,0.002522,0.171614,0.218868,0.174136
24/09/2024,12:00:00,0.002453,0.171471,0.011086,0.173924
24/09/2024,13:00:00,0.002385,0.171328,0,0.173713
24/09/2024,14:00:00,0.00232,0.171186,0.418782,0.173506
24/09/2024,15:00:00,0.002256,0.171043,0.3829,0.173299
24/09/2024,16:00:00,0.002195,0.170901,0.018358,0.173096
24/09/2024,17:00:00,0.002134,0.170758,0,0.172892
24/09/2024,18:00:00,0.002076,0.170616,0,0.172692
24/09/2024,19:00:00,0.002019,0.170474,0,0.172493
24/09/2024,20:00:00,0.001964,0.170332,0,0.172296
24/09/2024,21:00:00,0.00191,0.17019,0,0.1721
24/09/2024,22:00:00,0.001858,0.170048,0,0.171906
24/09/2024,23:00:00,0.001807,0.169907,0,0.171714
25/09/2024,00:00:00,0.001757,0.169765,0,0.171522
25/09/2024,01:00:00,0.001709,0.169624,0,0.171333
25/09/2024,02:00:00,0.001662,0.169482,0,0.171144
25/09/2024,03:00:00,0.028169,0.169543,0,0.197712
25/09/2024,04:00:00,0.027397,0.169402,0,0.196799
25/09/2024,05:00:00,0.026646,0.169261,0,0.195907
25/09/2024,06:00:00,0.083189,0.169555,0,0.252744
25/09/2024,07:00:00,0.132743,0.169808,0.323534,0.302551
25/09/2024,08:00:00,0.129106,0.169666,0.016451,0.298772
25/09/2024,09:00:00,0.125569,0.169525,0,0.295094
25/09/2024,10:00:00,0.122129,0.169384,0,0.291513
25/09/2024,11:00:00,0.118783,0.169243,0,0.288026
25/09/2024,12:00:00,0.115529,0.169102,0,0.284631
25/09/2024,13:00:00,0.112364,0.168961,0,0.281325
25/09/2024,14:00:00,0.109286,0.16882,0,0.278106
25/09/2024,15:00:00,0.106292,0.168679,0,0.274971
25/09/2024,16:00:00,0.10338,0.168539,0,0.271919
25/09/2024,17:00:00,0.100548,0.168399,0,0.268947
25/09/2024,18:00:00,0.097793,0.168258,0,0.266051
25/09/2024,19:00:00,0.095114,0.168118,0,0.263232
25/09/2024,20:00:00,0.092509,0.167978,0.114202,0.260487
25/09/2024,21:00:00,0.089974,0.167838,1.613975,0.257812
25/09/2024,22:00:00,0.087509,0.167698,1.737595,0.255207
25/09/2024,23:00:00,0.12848,0.167888,2.95794,0.296368
26/09/2024,00:00:00,0.12496,0.167748,1.992345,0.292708
26/09/2024,01:00:00,0.121537,0.167609,0.731468,0.289146
26/09/2024,02:00:00,0.118207,0.167469,0.356078,0.285676
26/09/2024,03:00:00,0.114969,0.16733,0.016451,0.282299
26/09/2024,04:00:00,0.111819,0.16719,0,0.279009
26/09/2024,05:00:00,0.108756,0.167051,0,0.275807
26/09/2024,06:00:00,0.105777,0.166912,0,0.272689
26/09/2024,07:00:00,0.102879,0.166773,0,0.269652
26/09/2024,08:00:00,0.10006,0.166634,0,0.266694
26/09/2024,09:00:00,0.097319,0.166495,0,0.263814
26/09/2024,10:00:00,0.094653,0.166356,0.73266,0.261009
26/09/2024,11:00:00,0.09206,0.166218,0.037313,0.258278
26/09/2024,12:00:00,0.101913,0.166173,0,0.268086
26/09/2024,13:00:00,0.342054,0.167882,0,0.509936
26/09/2024,14:00:00,0.59587,0.169742,0.285506,0.765612
26/09/2024,15:00:00,1.034027,0.173056,0.014544,1.207083
26/09/2024,16:00:00,1.312237,0.175242,0,1.487479
26/09/2024,17:00:00,1.386083,0.17593,0.390053,1.562013
26/09/2024,18:00:00,1.39904,0.176171,0.057936,1.575211
26/09/2024,19:00:00,1.360713,0.176024,0.258923,1.536737
26/09/2024,20:00:00,1.323435,0.175877,0.012994,1.499312
26/09/2024,21:00:00,1.287179,0.175731,0,1.46291
26/09/2024,22:00:00,1.251916,0.175585,0,1.427501
26/09/2024,23:00:00,1.217619,0.175438,0,1.393057
27/09/2024,00:00:00,1.184262,0.175292,0,1.359554
27/09/2024,01:00:00,1.151818,0.175146,0,1.326964
27/09/2024,02:00:00,1.230349,0.175837,0,1.406186
27/09/2024,03:00:00,1.197386,0.175696,0,1.373082
27/09/2024,04:00:00,1.164583,0.17555,0,1.340133
27/09/2024,05:00:00,1.132679,0.175404,0,1.308083
27/09/2024,06:00:00,1.141412,0.17556,0,1.316972
27/09/2024,07:00:00,1.110142,0.175414,0,1.285556
27/09/2024,08:00:00,1.079729,0.175267,0,1.254996
27/09/2024,09:00:00,1.106382,0.175549,0,1.281931
27/09/2024,10:00:00,1.079977,0.175432,0,1.255409
27/09/2024,11:00:00,1.085953,0.175557,0,1.26151
27/09/2024,12:00:00,1.056203,0.17541,0,1.231613
27/09/2024,13:00:00,1.027268,0.175264,0.399709,1.202532
27/09/2024,14:00:00,0.999125,0.175118,1.333475,1.174243
27/09/2024,15:00:00,0.971754,0.174972,2.598047,1.146726
27/09/2024,16:00:00,0.945132,0.174827,0.576019,1.119959
27/09/2024,17:00:00,0.91924,0.174681,0.022769,1.093921
27/09/2024,18:00:00,0.894057,0.174535,0,1.068592
27/09/2024,19:00:00,0.869564,0.17439,0,1.043954
27/09/2024,20:00:00,0.845741,0.174245,0.295043,1.019986
27/09/2024,21:00:00,0.822572,0.1741,0.01502,0.996672
27/09/2024,22:00:00,0.800037,0.173955,0,0.973992
27/09/2024,23:00:00,0.77812,0.17381,0.627995,0.95193
28/09/2024,00:00:00,0.756803,0.173665,0.031948,0.930468
28/09/2024,01:00:00,0.73607,0.17352,0,0.90959
28/09/2024,02:00:00,0.715905,0.173376,0,0.889281
28/09/2024,03:00:00,0.696292,0.173231,0,0.869523
28/09/2024,04:00:00,0.677217,0.173087,0,0.850304
28/09/2024,05:00:00,0.714219,0.173365,2.160072,0.887584
28/09/2024,06:00:00,0.897449,0.174762,0.452518,1.072211
28/09/2024,07:00:00,1.276988,0.177689,2.348781,1.454677
28/09/2024,08:00:00,1.325797,0.178178,0.223279,1.503975
28/09/2024,09:00:00,1.289476,0.178029,0.005364,1.467505
28/09/2024,10:00:00,1.25415,0.177881,0,1.432031
28/09/2024,11:00:00,1.219792,0.177733,1.750946,1.397525
28/09/2024,12:00:00,1.224832,0.177877,0.288844,1.402709
28/09/2024,13:00:00,1.191278,0.177729,0.010252,1.369007
28/09/2024,14:00:00,1.158642,0.177581,0,1.336223
28/09/2024,15:00:00,1.218,0.178125,0,1.396125
28/09/2024,16:00:00,1.184632,0.177977,0,1.362609
28/09/2024,17:00:00,1.152178,0.177829,0,1.330007
28/09/2024,18:00:00,1.120614,0.177681,0,1.298295
28/09/2024,19:00:00,1.089914,0.177533,0,1.267447
28/09/2024,20:00:00,1.060055,0.177385,0,1.23744
28/09/2024,21:00:00,1.367365,0.179794,0,1.547159
28/09/2024,22:00:00,1.393659,0.180129,0,1.573788
28/09/2024,23:00:00,1.724606,0.182784,0,1.90739
29/09/2024,00:00:00,1.704648,0.18284,0,1.887488
29/09/2024,01:00:00,1.657948,0.182687,0,1.840635
29/09/2024,02:00:00,1.612528,0.182535,0,1.795063
29/09/2024,03:00:00,1.84294,0.18447,0,2.02741
29/09/2024,04:00:00,1.830708,0.184607,0,2.015315
29/09/2024,05:00:00,1.780555,0.184454,0,1.965009
29/09/2024,06:00:00,1.731776,0.1843,0,1.916076
29/09/2024,07:00:00,1.684333,0.184146,0,1.868479
29/09/2024,08:00:00,1.63819,0.183993,0,1.822183
29/09/2024,09:00:00,1.593311,0.18384,0,1.777151
29/09/2024,10:00:00,1.549661,0.183687,0,1.733348
29/09/2024,11:00:00,1.507207,0.183534,0,1.690741
29/09/2024,12:00:00,1.465917,0.183381,0,1.649298
29/09/2024,13:00:00,1.425757,0.183228,0,1.608985
29/09/2024,14:00:00,1.386698,0.183075,0,1.569773
29/09/2024,15:00:00,1.348708,0.182923,0,1.531631
29/09/2024,16:00:00,1.31176,0.182771,0,1.494531
29/09/2024,17:00:00,1.275823,0.182618,0,1.458441
29/09/2024,18:00:00,1.240872,0.182466,0,1.423338
29/09/2024,19:00:00,1.206877,0.182314,0,1.389191
29/09/2024,20:00:00,1.173814,0.182162,0,1.355976
29/09/2024,21:00:00,1.141657,0.182011,0,1.323668
29/09/2024,22:00:00,1.110381,0.181859,0,1.29224
29/09/2024,23:00:00,1.079961,0.181707,0,1.261668
30/09/2024,00:00:00,1.050375,0.181556,0,1.231931
30/09/2024,01:00:00,1.0216,0.181405,0,1.203005
30/09/2024,02:00:00,0.993612,0.181254,0,1.174866
30/09/2024,03:00:00,0.966392,0.181103,0,1.147495
30/09/2024,04:00:00,0.939917,0.180952,0,1.120869
30/09/2024,05:00:00,0.914168,0.180801,0,1.094969
30/09/2024,06:00:00,0.889123,0.180651,0,1.069774
30/09/2024,07:00:00,0.864765,0.1805,0,1.045265
30/09/2024,08:00:00,0.841075,0.18035,0.133157,1.021425
30/09/2024,09:00:00,0.818033,0.1802,0.140071,0.998233
30/09/2024,10:00:00,0.795623,0.180049,0.701427,0.975672
30/09/2024,11:00:00,0.773826,0.179899,0.901222,0.953725
30/09/2024,12:00:00,0.752627,0.17975,0.510335,0.932377
30/09/2024,13:00:00,0.732008,0.1796,0.023723,0.911608
30/09/2024,14:00:00,0.711954,0.17945,0.399709,0.891404
30/09/2024,15:00:00,0.69245,0.179301,0.191569,0.871751
30/09/2024,16:00:00,0.67348,0.179151,0.161052,0.852631
30/09/2024,17:00:00,0.65503,0.179002,0.007749,0.834032
30/09/2024,18:00:00,0.637085,0.178853,0,0.815938
30/09/2024,19:00:00,0.619631,0.178704,0,0.798335
30/09/2024,20:00:00,0.602656,0.178555,0,0.781211
30/09/2024,21:00:00,0.586146,0.178406,0,0.764552
30/09/2024,22:00:00,0.570089,0.178258,0,0.748347
30/09/2024,23:00:00,0.554471,0.178109,0,0.73258
01/10/2024,00:00:00,0.558602,0.178108,0,0.73671
01/10/2024,01:00:00,0.5637,0.178115,0,0.741815
01/10/2024,02:00:00,0.659406,0.178811,0,0.838217
01/10/2024,03:00:00,0.78507,0.179755,0.12362,0.964825
01/10/2024,04:00:00,0.844094,0.180217,0.586748,1.024311
01/10/2024,05:00:00,0.822521,0.180079,0.172257,1.0026
01/10/2024,06:00:00,0.86259,0.180405,0.216722,1.042995
01/10/2024,07:00:00,0.867765,0.180473,0.096202,1.048238
01/10/2024,08:00:00,0.867803,0.180504,0.004411,1.048307
01/10/2024,09:00:00,0.844029,0.180354,0,1.024383
01/10/2024,10:00:00,0.820906,0.180203,0,1.001109
01/10/2024,11:00:00,0.798417,0.180053,0,0.97847
01/10/2024,12:00:00,0.776544,0.179903,0,0.956447
01/10/2024,13:00:00,0.75527,0.179754,0,0.935024
01/10/2024,14:00:00,0.734579,0.179604,0,0.914183
01/10/2024,15:00:00,0.714455,0.179454,0,0.893909
01/10/2024,16:00:00,0.694882,0.179305,0,0.874187
01/10/2024,17:00:00,0.675846,0.179155,0,0.855001
01/10/2024,18:00:00,0.657331,0.179006,0,0.836337
01/10/2024,19:00:00,0.656893,0.178991,0,0.835884
01/10/2024,20:00:00,0.731843,0.179548,0,0.911391
01/10/2024,21:00:00,0.737299,0.179592,0,0.916891
01/10/2024,22:00:00,0.749837,0.179692,0,0.929529
01/10/2024,23:00:00,0.74242,0.179642,0,0.922062
02/10/2024,00:00:00,0.722081,0.179492,0,0.901573
02/10/2024,01:00:00,0.7023,0.179343,0,0.881643
02/10/2024,02:00:00,0.68306,0.179193,0,0.862253
02/10/2024,03:00:00,0.664347,0.179044,0,0.843391
02/10/2024,04:00:00,0.646147,0.178895,0,0.825042
02/10/2024,05:00:00,0.628445,0.178746,0,0.807191
02/10/2024,06:00:00,0.611229,0.178597,0,0.789826
02/10/2024,07:00:00,0.594484,0.178448,0,0.772932
02/10/2024,08:00:00,0.578198,0.178299,0.228405,0.756497
02/10/2024,09:00:00,0.562358,0.178151,0.401735,0.740509
02/10/2024,10:00:00,0.546952,0.178002,0.07689,0.724954
02/10/2024,11:00:00,0.531968,0.177854,0.00298,0.709822
02/10/2024,12:00:00,0.517394,0.177706,0,0.6951
02/10/2024,13:00:00,0.50322,0.177558,0,0.680778
02/10/2024,14:00:00,0.489434,0.17741,0,0.666844
02/10/2024,15:00:00,0.476025,0.177262,0,0.653287
02/10/2024,16:00:00,0.462985,0.177115,0,0.6401
02/10/2024,17:00:00,0.450301,0.176967,0,0.627268
02/10/2024,18:00:00,0.437965,0.17682,0,0.614785
02/10/2024,19:00:00,0.425966,0.176672,0,0.602638
02/10/2024,20:00:00,0.414297,0.176525,0,0.590822
02/10/2024,21:00:00,0.402947,0.176378,0,0.579325
02/10/2024,22:00:00,0.391908,0.176231,0,0.568139
02/10/2024,23:00:00,0.381171,0.176085,0,0.557256
03/10/2024,00:00:00,0.402701,0.176181,0,0.578882
03/10/2024,01:00:00,0.451619,0.17649,0,0.628109
03/10/2024,02:00:00,0.445965,0.176394,0,0.622359
03/10/2024,03:00:00,0.433747,0.176247,0,0.609994
03/10/2024,04:00:00,0.421865,0.1761,0,0.597965
03/10/2024,05:00:00,0.410308,0.175953,0,0.586261
03/10/2024,06:00:00,0.399067,0.175807,0,0.574874
03/10/2024,07:00:00,0.388134,0.17566,0,0.563794
03/10/2024,08:00:00,0.377501,0.175514,0,0.553015
03/10/2024,09:00:00,0.367159,0.175368,0,0.542527
03/10/2024,10:00:00,0.357101,0.175222,0,0.532323
03/10/2024,11:00:00,0.347318,0.175076,0,0.522394
03/10/2024,12:00:00,0.337803,0.17493,0,0.512733
03/10/2024,13:00:00,0.328549,0.174784,0,0.503333
03/10/2024,14:00:00,0.319548,0.174639,0,0.494187
03/10/2024,15:00:00,0.310794,0.174493,0,0.485287
03/10/2024,16:00:00,0.302279,0.174348,0,0.476627
03/10/2024,17:00:00,0.293998,0.174203,0,0.468201
03/10/2024,18:00:00,0.285944,0.174058,0,0.460002
03/10/2024,19:00:00,0.27811,0.173913,0,0.452023
03/10/2024,20:00:00,0.270491,0.173768,0,0.444259
03/10/2024,21:00:00,0.263081,0.173623,0,0.436704
03/10/2024,22:00:00,0.255874,0.173478,0,0.429352
03/10/2024,23:00:00,0.248864,0.173334,0,0.422198
04/10/2024,00:00:00,0.242046,0.173189,0,0.415235
04/10/2024,01:00:00,0.235415,0.173045,0,0.40846
04/10/2024,02:00:00,0.228966,0.172901,0,0.401867
04/10/2024,03:00:00,0.222693,0.172757,0,0.39545
04/10/2024,04:00:00,0.216593,0.172613,0,0.389206
04/10/2024,05:00:00,0.210659,0.172469,0,0.383128
04/10/2024,06:00:00,0.204888,0.172326,0,0.377214
04/10/2024,07:00:00,0.199275,0.172182,0,0.371457
04/10/2024,08:00:00,0.193816,0.172039,0,0.365855
04/10/2024,09:00:00,0.188506,0.171895,0,0.360401
04/10/2024,10:00:00,0.183342,0.171752,0,0.355094
04/10/2024,11:00:00,0.178319,0.171609,0,0.349928
04/10/2024,12:00:00,0.173434,0.171466,0,0.3449
04/10/2024,13:00:00,0.168682,0.171323,0,0.340005
04/10/2024,14:00:00,0.164061,0.171181,0,0.335242
04/10/2024,15:00:00,0.159567,0.171038,0,0.330605
04/10/2024,16:00:00,0.155195,0.170896,0,0.326091
04/10/2024,17:00:00,0.150944,0.170753,0,0.321697
04/10/2024,18:00:00,0.146809,0.170611,0,0.31742
04/10/2024,19:00:00,0.142787,0.170469,0,0.313256
04/10/2024,20:00:00,0.138875,0.170327,0,0.309202
04/10/2024,21:00:00,0.13507,0.170185,0,0.305255
04/10/2024,22:00:00,0.13137,0.170043,0,0.301413
04/10/2024,23:00:00,0.127771,0.169902,0,0.297673
05/10/2024,00:00:00,0.124271,0.16976,0,0.294031
05/10/2024,01:00:00,0.120866,0.169619,0,0.290485
05/10/2024,02:00:00,0.117555,0.169477,0,0.287032
05/10/2024,03:00:00,0.114335,0.169336,0,0.283671
05/10/2024,04:00:00,0.111202,0.169195,0,0.280397
05/10/2024,05:00:00,0.108156,0.169054,0,0.27721
05/10/2024,06:00:00,0.105193,0.168913,0,0.274106
05/10/2024,07:00:00,0.102311,0.168773,0,0.271084
05/10/2024,08:00:00,0.099508,0.168632,0,0.26814
05/10/2024,09:00:00,0.096782,0.168492,0,0.265274
05/10/2024,10:00:00,0.094131,0.168351,0,0.262482
05/10/2024,11:00:00,0.091552,0.168211,0,0.259763
05/10/2024,12:00:00,0.089044,0.168071,0,0.257115
05/10/2024,13:00:00,0.086604,0.167931,0,0.254535
05/10/2024,14:00:00,0.084232,0.167791,0,0.252023
05/10/2024,15:00:00,0.081924,0.167651,0,0.249575
05/10/2024,16:00:00,0.07968,0.167512,0,0.247192
05/10/2024,17:00:00,0.077497,0.167372,0,0.244869
05/10/2024,18:00:00,0.075374,0.167233,0,0.242607
05/10/2024,19:00:00,0.073309,0.167093,0,0.240402
05/10/2024,20:00:00,0.071301,0.166954,0,0.238255
05/10/2024,21:00:00,0.069347,0.166815,0,0.236162
05/10/2024,22:00:00,0.067448,0.166676,0,0.234124
05/10/2024,23:00:00,0.0656,0.166537,0,0.232137
06/10/2024,00:00:00,0.063803,0.166399,0,0.230202
06/10/2024,01:00:00,0.062055,0.16626,0,0.228315
06/10/2024,02:00:00,0.060355,0.166122,0,0.226477
06/10/2024,03:00:00,0.058701,0.165983,0,0.224684
06/10/2024,04:00:00,0.057093,0.165845,0,0.222938
06/10/2024,05:00:00,0.055529,0.165707,0,0.221236
06/10/2024,06:00:00,0.054008,0.165569,0,0.219577
06/10/2024,07:00:00,0.052528,0.165431,0,0.217959
06/10/2024,08:00:00,0.051089,0.165293,0,0.216382
06/10/2024,09:00:00,0.04969,0.165155,0,0.214845
06/10/2024,10:00:00,0.048328,0.165018,0,0.213346
06/10/2024,11:00:00,0.047004,0.16488,0,0.211884
06/10/2024,12:00:00,0.045717,0.164743,0,0.21046
06/10/2024,13:00:00,0.044464,0.164606,0,0.20907
06/10/2024,14:00:00,0.043246,0.164469,0,0.207715
06/10/2024,15:00:00,0.042061,0.164332,0,0.206393
06/10/2024,16:00:00,0.040909,0.164195,0,0.205104
06/10/2024,17:00:00,0.039788,0.164058,0,0.203846
06/10/2024,18:00:00,0.038698,0.163921,0,0.202619
06/10/2024,19:00:00,0.037638,0.163785,0,0.201423
06/10/2024,20:00:00,0.036607,0.163648,0,0.200255
06/10/2024,21:00:00,0.035604,0.163512,0,0.199116
06/10/2024,22:00:00,0.034629,0.163376,0.133157,0.198005
06/10/2024,23:00:00,0.03368,0.16324,0.035405,0.19692
07/10/2024,00:00:00,0.032757,0.163104,0.001431,0.195861
07/10/2024,01:00:00,0.03186,0.162968,0,0.194828
07/10/2024,02:00:00,0.030987,0.162832,0,0.193819
07/10/2024,03:00:00,0.030138,0.162696,0,0.192834
07/10/2024,04:00:00,0.029313,0.162561,0,0.191874
07/10/2024,05:00:00,0.02851,0.162426,0,0.190936
07/10/2024,06:00:00,0.027729,0.16229,0,0.190019
07/10/2024,07:00:00,0.026969,0.162155,0,0.189124
07/10/2024,08:00:00,0.02623,0.16202,0,0.18825
07/10/2024,09:00:00,0.025511,0.161885,0,0.187396
07/10/2024,10:00:00,0.024813,0.16175,0,0.186563
07/10/2024,11:00:00,0.024133,0.161615,0,0.185748
07/10/2024,12:00:00,0.023472,0.161481,0,0.184953
07/10/2024,13:00:00,0.022829,0.161346,0,0.184175
07/10/2024,14:00:00,0.033693,0.161299,0,0.194992
07/10/2024,15:00:00,0.03277,0.161165,0,0.193935
07/10/2024,16:00:00,0.031873,0.161031,0,0.192904
07/10/2024,17:00:00,0.030999,0.160896,0.190258,0.191895
07/10/2024,18:00:00,0.03015,0.160762,0.171542,0.190912
07/10/2024,19:00:00,0.029324,0.160629,0.008225,0.189953
07/10/2024,20:00:00,0.028521,0.160495,0.038028,0.189016
07/10/2024,21:00:00,0.027739,0.160361,0.791788,0.1881
07/10/2024,22:00:00,0.02698,0.160227,0.040174,0.187207
07/10/2024,23:00:00,0.02624,0.160094,0.180721,0.186334
08/10/2024,00:00:00,0.025522,0.159961,0.047326,0.185483
08/10/2024,01:00:00,0.024822,0.159827,0.001907,0.184649
08/10/2024,02:00:00,0.024142,0.159694,0,0.183836
08/10/2024,03:00:00,0.023481,0.159561,0,0.183042
08/10/2024,04:00:00,0.022838,0.159428,0,0.182266
08/10/2024,05:00:00,0.022212,0.159296,0,0.181508
08/10/2024,06:00:00,0.021604,0.159163,0,0.180767
08/10/2024,07:00:00,0.021012,0.15903,0,0.180042
08/10/2024,08:00:00,0.020436,0.158898,0,0.179334
08/10/2024,09:00:00,0.041626,0.158931,0,0.200557
08/10/2024,10:00:00,0.059322,0.158942,0,0.218264
08/10/2024,11:00:00,0.057697,0.158809,0,0.216506
08/10/2024,12:00:00,0.056116,0.158677,0,0.214793
08/10/2024,13:00:00,0.172056,0.159438,0,0.331494
08/10/2024,14:00:00,0.167342,0.159305,0,0.326647
08/10/2024,15:00:00,0.183459,0.15933,0,0.342789
08/10/2024,16:00:00,0.178433,0.159197,0,0.33763
08/10/2024,17:00:00,0.173545,0.159064,0,0.332609
08/10/2024,18:00:00,0.16879,0.158932,0,0.327722
08/10/2024,19:00:00,0.164166,0.158799,0,0.322965
08/10/2024,20:00:00,0.159669,0.158667,0,0.318336
08/10/2024,21:00:00,0.155294,0.158535,0,0.313829
08/10/2024,22:00:00,0.15104,0.158403,0,0.309443
08/10/2024,23:00:00,0.146902,0.158271,0,0.305173
09/10/2024,00:00:00,0.142878,0.158139,0,0.301017
09/10/2024,01:00:00,0.138964,0.158007,0,0.296971
09/10/2024,02:00:00,0.135157,0.157876,0,0.293033
09/10/2024,03:00:00,0.131454,0.157744,0,0.289198
09/10/2024,04:00:00,0.127853,0.157613,0,0.285466
09/10/2024,05:00:00,0.12435,0.157481,0,0.281831
09/10/2024,06:00:00,0.120943,0.15735,0,0.278293
09/10/2024,07:00:00,0.11763,0.157219,0,0.274849
09/10/2024,08:00:00,0.114408,0.157088,0,0.271496
09/10/2024,09:00:00,0.111273,0.156957,0,0.26823
09/10/2024,10:00:00,0.108225,0.156827,0,0.265052
09/10/2024,11:00:00,0.10526,0.156696,0.066638,0.261956
09/10/2024,12:00:00,0.102376,0.156566,0.212669,0.258942
09/10/2024,13:00:00,0.099572,0.156435,0.277162,0.256007
09/10/2024,14:00:00,0.096844,0.156305,0.422716,0.253149
09/10/2024,15:00:00,0.094191,0.156175,0.981927,0.250366
09/10/2024,16:00:00,0.09161,0.156045,1.171708,0.247655
09/10/2024,17:00:00,0.089101,0.155915,1.684427,0.245016
09/10/2024,18:00:00,0.08666,0.155785,1.462579,0.242445
09/10/2024,19:00:00,0.084286,0.155655,0.840902,0.239941
09/10/2024,20:00:00,0.081977,0.155525,0.619769,0.237502
09/10/2024,21:00:00,0.079731,0.155396,0.334024,0.235127
09/10/2024,22:00:00,0.077547,0.155266,0.177264,0.232813
09/10/2024,23:00:00,0.075422,0.155137,0.036716,0.230559
10/10/2024,00:00:00,0.073356,0.155008,0.00155,0.228364
10/10/2024,01:00:00,0.071346,0.154879,0.4282,0.226225
10/10/2024,02:00:00,0.069392,0.15475,0.059843,0.224142
10/10/2024,03:00:00,0.074714,0.154676,0.001907,0.22939
10/10/2024,04:00:00,0.102898,0.154777,0.038028,0.257675
10/10/2024,05:00:00,0.140385,0.154954,0.173211,0.295339
10/10/2024,06:00:00,0.199842,0.155306,0.008821,0.355148
10/10/2024,07:00:00,0.346519,0.156333,0.047565,0.502852
10/10/2024,08:00:00,0.519718,0.157592,0.069022,0.67731
10/10/2024,09:00:00,0.770712,0.159477,0.003338,0.930189
10/10/2024,10:00:00,0.980143,0.161096,0,1.141239
10/10/2024,11:00:00,1.084216,0.161957,0,1.246173
10/10/2024,12:00:00,1.149804,0.162547,0,1.312351
10/10/2024,13:00:00,1.167393,0.162785,0,1.330178
10/10/2024,14:00:00,1.159026,0.162828,0,1.321854
10/10/2024,15:00:00,1.128022,0.162698,0,1.29072
10/10/2024,16:00:00,1.097119,0.162563,0,1.259682
10/10/2024,17:00:00,1.13098,0.162913,0,1.293893
10/10/2024,18:00:00,1.10425,0.16281,0,1.26706
10/10/2024,19:00:00,1.073998,0.162674,0,1.236672
10/10/2024,20:00:00,1.045175,0.162543,0,1.207718
10/10/2024,21:00:00,1.038962,0.162579,0,1.201541
10/10/2024,22:00:00,1.010499,0.162443,0.038147,1.172942
10/10/2024,23:00:00,0.984768,0.162323,0.001907,1.147091
11/10/2024,00:00:00,0.963152,0.162228,0.028491,1.12538
11/10/2024,01:00:00,0.936766,0.162093,0.001431,1.098859
11/10/2024,02:00:00,0.911103,0.161958,0,1.073061
11/10/2024,03:00:00,0.886143,0.161823,0,1.047966
11/10/2024,04:00:00,0.861866,0.161688,0,1.023554
11/10/2024,05:00:00,0.838255,0.161554,0,0.999809
11/10/2024,06:00:00,0.815291,0.161419,0,0.97671
11/10/2024,07:00:00,0.792955,0.161285,0,0.95424
11/10/2024,08:00:00,0.771232,0.16115,0,0.932382
11/10/2024,09:00:00,0.750104,0.161016,0,0.91112
11/10/2024,10:00:00,0.729554,0.160882,0,0.890436
11/10/2024,11:00:00,0.709568,0.160748,0,0.870316
11/10/2024,12:00:00,0.690129,0.160614,0,0.850743
11/10/2024,13:00:00,0.671222,0.16048,0,0.831702
11/10/2024,14:00:00,0.652834,0.160346,0,0.81318
11/10/2024,15:00:00,0.634949,0.160213,0,0.795162
11/10/2024,16:00:00,0.617554,0.160079,0,0.777633
11/10/2024,17:00:00,0.600636,0.159946,0,0.760582
11/10/2024,18:00:00,0.584181,0.159813,0,0.743994
11/10/2024,19:00:00,0.568177,0.15968,0,0.727857
11/10/2024,20:00:00,0.552612,0.159547,0,0.712159
11/10/2024,21:00:00,0.537473,0.159414,0,0.696887
11/10/2024,22:00:00,0.522748,0.159281,0,0.682029
11/10/2024,23:00:00,0.508427,0.159148,0,0.667575
12/10/2024,00:00:00,0.494499,0.159016,0,0.653515
12/10/2024,01:00:00,0.480952,0.158883,0,0.639835
12/10/2024,02:00:00,0.467776,0.158751,0,0.626527
12/10/2024,03:00:00,0.454961,0.158619,0,0.61358
12/10/2024,04:00:00,0.442497,0.158487,0,0.600984
12/10/2024,05:00:00,0.430375,0.158355,0,0.58873
12/10/2024,06:00:00,0.418584,0.158223,0,0.576807
12/10/2024,07:00:00,0.407117,0.158091,0,0.565208
12/10/2024,08:00:00,0.395964,0.157959,0,0.553923
12/10/2024,09:00:00,0.385116,0.157828,0,0.542944
12/10/2024,10:00:00,0.374566,0.157696,0,0.532262
12/10/2024,11:00:00,0.364304,0.157565,0,0.521869
12/10/2024,12:00:00,0.354324,0.157434,0,0.511758
12/10/2024,13:00:00,0.344617,0.157302,0,0.501919
12/10/2024,14:00:00,0.335176,0.157171,0,0.492347
12/10/2024,15:00:00,0.325994,0.157041,0,0.483035
12/10/2024,16:00:00,0.317063,0.15691,0,0.473973
12/10/2024,17:00:00,0.308377,0.156779,0,0.465156
12/10/2024,18:00:00,0.299929,0.156648,0,0.456577
12/10/2024,19:00:00,0.291712,0.156518,0,0.44823
12/10/2024,20:00:00,0.28372,0.156388,0,0.440108
12/10/2024,21:00:00,0.275948,0.156257,0.418782,0.432205
12/10/2024,22:00:00,0.268388,0.156127,1.401067,0.424515
12/10/2024,23:00:00,0.261035,0.155997,0.070214,0.417032
13/10/2024,00:00:00,0.253884,0.155867,0,0.409751
13/10/2024,01:00:00,0.246929,0.155737,0,0.402666
13/10/2024,02:00:00,0.240164,0.155608,0,0.395772
13/10/2024,03:00:00,0.233585,0.155478,0,0.389063
13/10/2024,04:00:00,0.227185,0.155348,0,0.382533
13/10/2024,05:00:00,0.220962,0.155219,0,0.376181
13/10/2024,06:00:00,0.214908,0.15509,0.066638,0.369998
13/10/2024,07:00:00,0.209021,0.154961,0.031948,0.363982
13/10/2024,08:00:00,0.203295,0.154831,0.001431,0.358126
13/10/2024,09:00:00,0.197725,0.154702,0,0.352427
13/10/2024,10:00:00,0.192308,0.154574,0,0.346882
13/10/2024,11:00:00,0.18704,0.154445,0,0.341485
13/10/2024,12:00:00,0.181916,0.154316,0,0.336232
13/10/2024,13:00:00,0.23853,0.154656,0,0.393186
13/10/2024,14:00:00,0.452092,0.1562,0,0.608292
13/10/2024,15:00:00,0.444974,0.15611,0,0.601084
13/10/2024,16:00:00,0.432784,0.15598,0,0.588764
13/10/2024,17:00:00,0.420927,0.15585,0,0.576777
13/10/2024,18:00:00,0.409396,0.15572,0,0.565116
13/10/2024,19:00:00,0.39818,0.155591,0,0.553771
13/10/2024,20:00:00,0.387272,0.155461,0,0.542733
13/10/2024,21:00:00,0.376662,0.155331,0,0.531993
13/10/2024,22:00:00,0.372134,0.155246,0,0.52738
13/10/2024,23:00:00,0.362311,0.15512,0,0.517431
14/10/2024,00:00:00,0.352385,0.15499,0,0.507375
14/10/2024,01:00:00,0.342731,0.154861,0,0.497592
14/10/2024,02:00:00,0.333342,0.154732,0,0.488074
14/10/2024,03:00:00,0.32421,0.154603,0,0.478813
14/10/2024,04:00:00,0.315328,0.154475,0,0.469803
14/10/2024,05:00:00,0.306689,0.154346,0,0.461035
14/10/2024,06:00:00,0.298287,0.154217,0,0.452504
14/10/2024,07:00:00,0.290116,0.154089,0,0.444205
14/10/2024,08:00:00,0.282168,0.153961,0.504255,0.436129
14/10/2024,09:00:00,0.274438,0.153832,1.101017,0.42827
14/10/2024,10:00:00,0.266919,0.153704,1.196623,0.420623
14/10/2024,11:00:00,0.259607,0.153576,2.094388,0.413183
14/10/2024,12:00:00,0.252495,0.153448,1.664281,0.405943
14/10/2024,13:00:00,0.245578,0.15332,0.079393,0.398898
14/10/2024,14:00:00,0.23885,0.153193,0,0.392043
14/10/2024,15:00:00,0.232307,0.153065,0,0.385372
14/10/2024,16:00:00,0.225942,0.152938,0,0.37888
14/10/2024,17:00:00,0.219753,0.15281,0,0.372563
14/10/2024,18:00:00,0.213732,0.152683,0,0.366415
14/10/2024,19:00:00,0.207877,0.152556,0,0.360433
14/10/2024,20:00:00,0.202182,0.152429,0,0.354611
14/10/2024,21:00:00,0.196643,0.152302,0,0.348945
14/10/2024,22:00:00,0.191256,0.152175,0,0.343431
14/10/2024,23:00:00,0.186017,0.152048,0,0.338065
15/10/2024,00:00:00,0.259221,0.152517,0,0.411738
15/10/2024,01:00:00,0.426904,0.153718,0,0.580622
15/10/2024,02:00:00,0.605877,0.155039,0,0.760916
15/10/2024,03:00:00,0.926849,0.157476,0,1.084325
15/10/2024,04:00:00,1.170097,0.159387,0,1.329484
15/10/2024,05:00:00,1.14717,0.159324,0,1.306494
15/10/2024,06:00:00,1.115742,0.159191,0,1.274933
15/10/2024,07:00:00,1.085176,0.159058,0,1.244234
15/10/2024,08:00:00,1.055447,0.158926,0,1.214373
15/10/2024,09:00:00,1.026533,0.158794,0,1.185327
15/10/2024,10:00:00,0.99841,0.158661,0,1.157071
15/10/2024,11:00:00,0.971058,0.158529,0,1.129587
15/10/2024,12:00:00,0.944456,0.158397,0,1.102853
15/10/2024,13:00:00,0.918582,0.158265,0,1.076847
15/10/2024,14:00:00,0.893417,0.158133,0,1.05155
15/10/2024,15:00:00,0.868941,0.158002,0,1.026943
15/10/2024,16:00:00,0.845136,0.15787,0,1.003006
15/10/2024,17:00:00,0.821983,0.157738,0,0.979721
15/10/2024,18:00:00,0.799464,0.157607,0,0.957071
15/10/2024,19:00:00,0.777562,0.157476,0,0.935038
15/10/2024,20:00:00,0.756261,0.157345,0,0.913606
15/10/2024,21:00:00,0.735543,0.157214,0,0.892757
15/10/2024,22:00:00,0.715392,0.157083,0,0.872475
15/10/2024,23:00:00,0.695794,0.156952,0,0.852746
16/10/2024,00:00:00,0.676732,0.156821,0,0.833553
16/10/2024,01:00:00,0.658193,0.15669,0,0.814883
16/10/2024,02:00:00,0.640161,0.15656,0,0.796721
16/10/2024,03:00:00,0.622623,0.156429,0,0.779052
16/10/2024,04:00:00,0.605566,0.156299,0,0.761865
16/10/2024,05:00:00,0.588977,0.156169,0,0.745146
16/10/2024,06:00:00,0.572841,0.156039,0,0.72888
16/10/2024,07:00:00,0.557148,0.155909,0,0.713057
16/10/2024,08:00:00,0.541885,0.155779,0,0.697664
16/10/2024,09:00:00,0.527039,0.155649,0,0.682688
16/10/2024,10:00:00,0.512601,0.15552,0,0.668121
16/10/2024,11:00:00,0.498558,0.15539,0,0.653948
16/10/2024,12:00:00,0.4849,0.155261,0,0.640161
16/10/2024,13:00:00,0.471616,0.155131,0,0.626747
16/10/2024,14:00:00,0.458695,0.155002,0,0.613697
16/10/2024,15:00:00,0.446129,0.154873,0,0.601002
16/10/2024,16:00:00,0.433907,0.154744,0,0.588651
16/10/2024,17:00:00,0.42202,0.154615,0,0.576635
16/10/2024,18:00:00,0.410459,0.154486,0,0.564945
16/10/2024,19:00:00,0.399214,0.154358,0,0.553572
16/10/2024,20:00:00,0.388277,0.154229,0,0.542506
16/10/2024,21:00:00,0.37764,0.154101,0,0.531741
16/10/2024,22:00:00,0.367295,0.153972,0,0.521267
16/10/2024,23:00:00,0.357232,0.153844,0,0.511076
17/10/2024,00:00:00,0.347446,0.153716,0,0.501162
17/10/2024,01:00:00,0.337927,0.153588,0,0.491515
17/10/2024,02:00:00,0.32867,0.15346,0,0.48213
17/10/2024,03:00:00,0.319666,0.153332,0.057101,0.472998
17/10/2024,04:00:00,0.310908,0.153204,0.002861,0.464112
17/10/2024,05:00:00,0.302391,0.153077,0,0.455468
17/10/2024,06:00:00,0.294106,0.152949,0.038147,0.447055
17/10/2024,07:00:00,0.286049,0.152822,0.001907,0.438871
17/10/2024,08:00:00,0.278213,0.152694,0,0.430907
17/10/2024,09:00:00,0.270591,0.152567,0,0.423158
17/10/2024,10:00:00,0.263178,0.15244,0,0.415618
17/10/2024,11:00:00,0.255968,0.152313,0,0.408281
17/10/2024,12:00:00,0.248956,0.152186,0,0.401142
17/10/2024,13:00:00,0.242135,0.152059,0,0.394194
17/10/2024,14:00:00,0.235502,0.151933,0,0.387435
17/10/2024,15:00:00,0.22905,0.151806,0,0.380856
17/10/2024,16:00:00,0.222775,0.15168,0,0.374455
17/10/2024,17:00:00,0.216672,0.151553,0,0.368225
17/10/2024,18:00:00,0.210736,0.151427,0,0.362163
17/10/2024,19:00:00,0.209257,0.151334,0,0.360591
17/10/2024,20:00:00,0.203525,0.151208,0.18084,0.354733
17/10/2024,21:00:00,0.197949,0.151082,0.009179,0.349031
17/10/2024,22:00:00,0.194203,0.150969,0,0.345172
17/10/2024,23:00:00,0.188883,0.150843,0,0.339726
18/10/2024,00:00:00,0.183708,0.150717,0,0.334425
18/10/2024,01:00:00,0.178675,0.150592,0,0.329267
18/10/2024,02:00:00,0.173781,0.150466,0,0.324247
18/10/2024,03:00:00,0.16902,0.150341,0,0.319361
18/10/2024,04:00:00,0.164389,0.150216,0.15223,0.314605
18/10/2024,05:00:00,0.159886,0.150091,0.49305,0.309977
18/10/2024,06:00:00,0.155506,0.149965,0.176907,0.305471
18/10/2024,07:00:00,0.151245,0.149841,0.007749,0.301086
18/10/2024,08:00:00,0.147102,0.149716,0,0.296818
18/10/2024,09:00:00,0.143072,0.149591,0,0.292663
18/10/2024,10:00:00,0.139153,0.149466,0,0.288619
18/10/2024,11:00:00,0.13534,0.149342,0,0.284682
18/10/2024,12:00:00,0.158786,0.149424,0,0.30821
18/10/2024,13:00:00,0.154436,0.149299,0,0.303735
18/10/2024,14:00:00,0.150205,0.149175,0,0.29938
18/10/2024,15:00:00,0.14609,0.149051,0,0.295141
18/10/2024,16:00:00,0.142088,0.148927,0,0.291015
18/10/2024,17:00:00,0.138195,0.148803,0,0.286998
18/10/2024,18:00:00,0.134409,0.148679,0,0.283088
18/10/2024,19:00:00,0.130727,0.148555,0,0.279282
18/10/2024,20:00:00,0.149883,0.148604,0,0.298487
18/10/2024,21:00:00,0.223968,0.149075,0,0.373043
18/10/2024,22:00:00,0.244486,0.149153,0,0.393639
18/10/2024,23:00:00,0.237788,0.149029,0,0.386817
19/10/2024,00:00:00,0.231274,0.148905,0,0.380179
19/10/2024,01:00:00,0.224938,0.148781,0.161767,0.373719
19/10/2024,02:00:00,0.218776,0.148657,0.036836,0.367433
19/10/2024,03:00:00,0.212782,0.148533,0.030041,0.361315
19/10/2024,04:00:00,0.206953,0.148409,0.001431,0.355362
19/10/2024,05:00:00,0.201283,0.148285,0,0.349568
19/10/2024,06:00:00,0.195769,0.148162,0,0.343931
19/10/2024,07:00:00,0.190406,0.148038,0,0.338444
19/10/2024,08:00:00,0.18519,0.147915,0,0.333105
19/10/2024,09:00:00,0.180116,0.147792,0,0.327908
19/10/2024,10:00:00,0.175182,0.147669,0,0.322851
19/10/2024,11:00:00,0.170383,0.147546,0,0.317929
19/10/2024,12:00:00,0.165715,0.147423,0,0.313138
19/10/2024,13:00:00,0.161175,0.1473,0,0.308475
19/10/2024,14:00:00,0.15676,0.147177,0,0.303937
19/10/2024,15:00:00,0.152465,0.147055,0,0.29952
19/10/2024,16:00:00,0.148288,0.146932,0,0.29522
19/10/2024,17:00:00,0.166926,0.146983,0,0.313909
19/10/2024,18:00:00,0.164584,0.146877,0,0.311461
19/10/2024,19:00:00,0.16109,0.146762,0,0.307852
19/10/2024,20:00:00,0.156677,0.14664,0,0.303317
19/10/2024,21:00:00,0.152385,0.146518,0,0.298903
19/10/2024,22:00:00,0.14821,0.146396,0.038028,0.294606
19/10/2024,23:00:00,0.14415,0.146274,0.001907,0.290424
20/10/2024,00:00:00,0.140201,0.146152,0,0.286353
20/10/2024,01:00:00,0.13636,0.14603,0,0.28239
20/10/2024,02:00:00,0.132624,0.145909,0,0.278533
20/10/2024,03:00:00,0.128991,0.145787,0,0.274778
20/10/2024,04:00:00,0.125457,0.145666,0,0.271123
20/10/2024,05:00:00,0.12202,0.145544,0.114202,0.267564
20/10/2024,06:00:00,0.118677,0.145423,0.005841,0.2641
20/10/2024,07:00:00,0.115426,0.145302,0,0.260728
20/10/2024,08:00:00,0.112264,0.145181,0,0.257445
20/10/2024,09:00:00,0.109188,0.14506,0,0.254248
20/10/2024,10:00:00,0.106197,0.144939,0,0.251136
20/10/2024,11:00:00,0.103288,0.144819,0,0.248107
20/10/2024,12:00:00,0.100458,0.144698,0,0.245156
20/10/2024,13:00:00,0.097706,0.144577,0,0.242283
20/10/2024,14:00:00,0.095254,0.144459,0,0.239713
20/10/2024,15:00:00,0.092645,0.144338,0,0.236983
20/10/2024,16:00:00,0.090107,0.144218,0,0.234325
20/10/2024,17:00:00,0.087638,0.144098,0,0.231736
20/10/2024,18:00:00,0.085237,0.143978,0,0.229215
20/10/2024,19:00:00,0.082902,0.143858,0,0.22676
20/10/2024,20:00:00,0.080631,0.143738,0,0.224369
20/10/2024,21:00:00,0.092001,0.143722,0.133157,0.235723
20/10/2024,22:00:00,0.08948,0.143602,0.672936,0.233082
20/10/2024,23:00:00,0.087029,0.143482,0.233769,0.230511
21/10/2024,00:00:00,0.084645,0.143363,0.010133,0.228008
21/10/2024,01:00:00,0.082326,0.143243,0,0.225569
21/10/2024,02:00:00,0.08007,0.143124,0,0.223194
21/10/2024,03:00:00,0.077877,0.143005,0,0.220882
21/10/2024,04:00:00,0.075743,0.142886,0,0.218629
21/10/2024,05:00:00,0.073668,0.142767,0,0.216435
21/10/2024,06:00:00,0.07165,0.142648,0.085592,0.214298
21/10/2024,07:00:00,0.069687,0.142529,1.365185,0.212216
21/10/2024,08:00:00,0.067778,0.14241,0.554562,0.210188
21/10/2024,09:00:00,0.065921,0.142292,0.253081,0.208213
21/10/2024,10:00:00,0.064115,0.142173,0.011563,0.206288
21/10/2024,11:00:00,0.062359,0.142055,0,0.204414
21/10/2024,12:00:00,0.060651,0.141936,0,0.202587
21/10/2024,13:00:00,0.078969,0.14197,0,0.220939
21/10/2024,14:00:00,0.184727,0.142672,0.047565,0.327399
21/10/2024,15:00:00,0.216462,0.142833,0.782728,0.359295
21/10/2024,16:00:00,0.210947,0.142717,0.582099,0.353664
21/10/2024,17:00:00,0.205168,0.142598,0.027657,0.347766
21/10/2024,18:00:00,0.199547,0.142479,0,0.342026
21/10/2024,19:00:00,0.19408,0.142361,0,0.336441
21/10/2024,20:00:00,0.188763,0.142242,2.978325,0.331005
21/10/2024,21:00:00,0.183592,0.142124,2.901673,0.325716
21/10/2024,22:00:00,0.190075,0.142093,3.660798,0.332168
21/10/2024,23:00:00,0.404831,0.143646,0.531197,0.548477
22/10/2024,00:00:00,0.481554,0.144194,0.018001,0.625748
22/10/2024,01:00:00,0.506733,0.144366,0,0.651099
22/10/2024,02:00:00,0.49285,0.144246,0,0.637096
22/10/2024,03:00:00,0.479349,0.144126,0,0.623475
22/10/2024,04:00:00,0.466217,0.144005,0,0.610222
22/10/2024,05:00:00,0.453444,0.143885,0,0.597329
22/10/2024,06:00:00,0.444774,0.143794,0,0.588568
22/10/2024,07:00:00,0.556562,0.144617,0,0.701179
22/10/2024,08:00:00,0.632384,0.145189,0,0.777573
22/10/2024,09:00:00,0.615059,0.145068,0,0.760127
22/10/2024,10:00:00,0.598209,0.144947,0,0.743156
22/10/2024,11:00:00,0.581821,0.144826,0,0.726647
22/10/2024,12:00:00,1.051453,0.148396,0,1.199849
22/10/2024,13:00:00,1.498934,0.151893,0,1.650827
22/10/2024,14:00:00,2.065068,0.156382,0,2.22145
22/10/2024,15:00:00,2.091901,0.156886,0,2.248787
22/10/2024,16:00:00,2.034592,0.156755,0,2.191347
22/10/2024,17:00:00,1.978853,0.156625,0,2.135478
22/10/2024,18:00:00,1.924642,0.156494,0,2.081136
22/10/2024,19:00:00,1.871915,0.156364,0,2.028279
22/10/2024,20:00:00,1.820633,0.156234,0,1.976867
22/10/2024,21:00:00,1.770756,0.156103,0,1.926859
22/10/2024,22:00:00,1.722245,0.155973,0,1.878218
22/10/2024,23:00:00,1.675063,0.155844,0,1.830907
23/10/2024,00:00:00,1.629174,0.155714,0,1.784888
23/10/2024,01:00:00,1.584542,0.155584,0,1.740126
23/10/2024,02:00:00,1.541133,0.155454,0,1.696587
23/10/2024,03:00:00,1.498912,0.155325,0,1.654237
23/10/2024,04:00:00,1.457849,0.155196,0,1.613045
23/10/2024,05:00:00,1.41791,0.155066,0,1.572976
23/10/2024,06:00:00,1.379066,0.154937,0,1.534003
23/10/2024,07:00:00,1.341286,0.154808,0,1.496094
23/10/2024,08:00:00,1.304541,0.154679,0,1.45922
23/10/2024,09:00:00,1.268802,0.15455,0,1.423352
23/10/2024,10:00:00,1.234042,0.154421,0,1.388463
23/10/2024,11:00:00,1.200235,0.154293,0,1.354528
23/10/2024,12:00:00,1.167354,0.154164,0,1.321518
23/10/2024,13:00:00,1.135374,0.154036,0,1.28941
23/10/2024,14:00:00,1.10427,0.153908,0,1.258178
23/10/2024,15:00:00,1.074018,0.153779,0,1.227797
23/10/2024,16:00:00,1.044594,0.153651,0,1.198245
23/10/2024,17:00:00,1.015977,0.153523,0,1.1695
23/10/2024,18:00:00,0.988144,0.153395,0,1.141539
23/10/2024,19:00:00,0.961073,0.153268,0,1.114341
23/10/2024,20:00:00,0.934744,0.15314,0,1.087884
23/10/2024,21:00:00,0.909136,0.153012,0,1.062148
23/10/2024,22:00:00,0.88423,0.152885,0,1.037115
23/10/2024,23:00:00,0.860006,0.152758,0,1.012764
24/10/2024,00:00:00,0.836446,0.15263,0,0.989076
24/10/2024,01:00:00,0.813531,0.152503,0,0.966034
24/10/2024,02:00:00,0.791244,0.152376,0,0.94362
24/10/2024,03:00:00,0.769567,0.152249,0,0.921816
24/10/2024,04:00:00,0.748485,0.152122,0,0.900607
24/10/2024,05:00:00,0.727979,0.151996,0,0.879975
24/10/2024,06:00:00,0.708036,0.151869,0,0.859905
24/10/2024,07:00:00,0.688639,0.151743,0,0.840382
24/10/2024,08:00:00,0.669773,0.151616,0.028491,0.821389
24/10/2024,09:00:00,0.651425,0.15149,0.001431,0.802915
24/10/2024,10:00:00,0.633579,0.151364,0,0.784943
24/10/2024,11:00:00,0.616221,0.151238,0,0.767459
24/10/2024,12:00:00,0.59934,0.151112,0,0.750452
24/10/2024,13:00:00,0.58292,0.150986,0,0.733906
24/10/2024,14:00:00,0.566951,0.15086,0,0.717811
24/10/2024,15:00:00,0.551419,0.150734,0,0.702153
24/10/2024,16:00:00,0.536313,0.150609,0,0.686922
24/10/2024,17:00:00,0.52162,0.150483,0,0.672103
24/10/2024,18:00:00,0.50733,0.150358,0,0.657688
24/10/2024,19:00:00,0.493431,0.150233,0,0.643664
24/10/2024,20:00:00,0.479914,0.150108,0,0.630022
24/10/2024,21:00:00,0.466766,0.149983,0,0.616749
24/10/2024,22:00:00,0.453979,0.149858,0,0.603837
24/10/2024,23:00:00,0.441542,0.149733,0,0.591275
25/10/2024,00:00:00,0.429446,0.149608,0,0.579054
25/10/2024,01:00:00,0.417681,0.149483,0,0.567164
25/10/2024,02:00:00,0.406238,0.149359,0,0.555597
25/10/2024,03:00:00,0.395109,0.149235,0,0.544344
25/10/2024,04:00:00,0.384285,0.14911,0,0.533395
25/10/2024,05:00:00,0.373757,0.148986,0,0.522743
25/10/2024,06:00:00,0.363518,0.148862,0,0.51238
25/10/2024,07:00:00,0.353559,0.148738,0,0.502297
25/10/2024,08:00:00,0.343873,0.148614,0,0.492487
25/10/2024,09:00:00,0.334453,0.14849,0,0.482943
25/10/2024,10:00:00,0.32529,0.148367,0,0.473657
25/10/2024,11:00:00,0.316379,0.148243,0,0.464622
25/10/2024,12:00:00,0.307711,0.148119,0,0.45583
25/10/2024,13:00:00,0.299281,0.147996,0,0.447277
25/10/2024,14:00:00,0.291082,0.147873,0,0.438955
25/10/2024,15:00:00,0.283108,0.14775,0,0.430858
25/10/2024,16:00:00,0.275352,0.147627,0,0.422979
25/10/2024,17:00:00,0.267809,0.147504,0,0.415313
25/10/2024,18:00:00,0.260472,0.147381,0,0.407853
25/10/2024,19:00:00,0.253336,0.147258,0,0.400594
25/10/2024,20:00:00,0.246396,0.147135,0,0.393531
25/10/2024,21:00:00,0.239646,0.147013,0,0.386659
25/10/2024,22:00:00,0.233081,0.14689,0,0.379971
25/10/2024,23:00:00,0.226695,0.146768,0,0.373463
26/10/2024,00:00:00,0.220485,0.146646,0,0.367131
26/10/2024,01:00:00,0.214444,0.146523,0,0.360967
26/10/2024,02:00:00,0.20857,0.146401,0,0.354971
26/10/2024,03:00:00,0.202856,0.146279,0,0.349135
26/10/2024,04:00:00,0.197298,0.146158,0,0.343456
26/10/2024,05:00:00,0.191893,0.146036,0,0.337929
26/10/2024,06:00:00,0.186636,0.145914,0,0.33255
26/10/2024,07:00:00,0.181523,0.145793,0,0.327316
26/10/2024,08:00:00,0.17655,0.145671,0,0.322221
26/10/2024,09:00:00,0.171714,0.14555,0,0.317264
26/10/2024,10:00:00,0.167009,0.145429,0,0.312438
26/10/2024,11:00:00,0.162434,0.145308,0,0.307742
26/10/2024,12:00:00,0.157984,0.145187,0,0.303171
26/10/2024,13:00:00,0.153656,0.145066,0,0.298722
26/10/2024,14:00:00,0.149447,0.144945,0,0.294392
26/10/2024,15:00:00,0.145352,0.144824,0,0.290176
26/10/2024,16:00:00,0.14137,0.144703,0,0.286073
26/10/2024,17:00:00,0.137498,0.144583,0,0.282081
26/10/2024,18:00:00,0.133731,0.144462,0,0.278193
26/10/2024,19:00:00,0.130067,0.144342,0,0.274409
26/10/2024,20:00:00,0.126504,0.144222,0,0.270726
26/10/2024,21:00:00,0.123038,0.144102,0,0.26714
26/10/2024,22:00:00,0.119668,0.143982,0,0.26365
26/10/2024,23:00:00,0.116389,0.143862,0,0.260251
27/10/2024,00:00:00,0.113201,0.143742,0,0.256943
27/10/2024,01:00:00,0.110099,0.143622,0,0.253721
27/10/2024,02:00:00,0.107083,0.143503,0,0.250586
27/10/2024,03:00:00,0.10415,0.143383,0,0.247533
27/10/2024,04:00:00,0.101296,0.143264,0,0.24456
27/10/2024,05:00:00,0.098521,0.143144,0,0.241665
27/10/2024,06:00:00,0.095822,0.143025,0.114202,0.238847
27/10/2024,07:00:00,0.093197,0.142906,0.005841,0.236103
27/10/2024,08:00:00,0.090644,0.142787,0,0.233431
27/10/2024,09:00:00,0.088161,0.142668,0,0.230829
27/10/2024,10:00:00,0.085746,0.142549,0,0.228295
27/10/2024,11:00:00,0.083396,0.14243,0,0.225826
27/10/2024,12:00:00,0.081112,0.142312,0,0.223424
27/10/2024,13:00:00,0.07889,0.142193,0,0.221083
27/10/2024,14:00:00,0.076728,0.142075,0,0.218803
27/10/2024,15:00:00,0.074626,0.141956,0,0.216582
27/10/2024,16:00:00,0.072582,0.141838,0,0.21442
27/10/2024,17:00:00,0.070594,0.14172,0,0.212314
27/10/2024,18:00:00,0.06866,0.141602,0,0.210262
27/10/2024,19:00:00,0.066779,0.141484,0,0.208263
27/10/2024,20:00:00,0.064949,0.141366,0,0.206315
27/10/2024,21:00:00,0.06317,0.141248,0,0.204418
27/10/2024,22:00:00,0.075979,0.141241,0,0.21722
27/10/2024,23:00:00,0.073897,0.141123,0,0.21502
28/10/2024,00:00:00,0.071873,0.141006,0,0.212879
28/10/2024,01:00:00,0.069904,0.140888,0,0.210792
28/10/2024,02:00:00,0.067989,0.140771,0,0.20876
28/10/2024,03:00:00,0.066126,0.140654,0,0.20678
28/10/2024,04:00:00,0.064315,0.140537,0.02861,0.204852
28/10/2024,05:00:00,0.062553,0.14042,0.001431,0.202973
28/10/2024,06:00:00,0.060839,0.140303,0.028491,0.201142
28/10/2024,07:00:00,0.059172,0.140186,0.001431,0.199358
28/10/2024,08:00:00,0.057551,0.140069,0,0.19762
28/10/2024,09:00:00,0.055975,0.139952,0,0.195927
28/10/2024,10:00:00,0.054441,0.139836,0,0.194277
28/10/2024,11:00:00,0.05295,0.139719,0,0.192669
28/10/2024,12:00:00,0.051499,0.139603,0,0.191102
28/10/2024,13:00:00,0.050088,0.139487,0,0.189575
28/10/2024,14:00:00,0.048716,0.13937,0,0.188086
28/10/2024,15:00:00,0.047381,0.139254,0,0.186635
28/10/2024,16:00:00,0.046083,0.139138,0,0.185221
28/10/2024,17:00:00,0.044821,0.139022,0,0.183843
28/10/2024,18:00:00,0.043593,0.138907,0,0.1825
28/10/2024,19:00:00,0.042399,0.138791,0,0.18119
28/10/2024,20:00:00,0.043353,0.138691,0,0.182044
28/10/2024,21:00:00,0.042166,0.138576,0.142813,0.180742
28/10/2024,22:00:00,0.043373,0.138478,1.130104,0.181851
28/10/2024,23:00:00,0.042185,0.138363,0.171304,0.180548
29/10/2024,00:00:00,0.041029,0.138248,0.062943,0.179277
29/10/2024,01:00:00,0.039905,0.138133,0.136137,0.178038
29/10/2024,02:00:00,0.038812,0.138018,0.225544,0.17683
29/10/2024,03:00:00,0.037749,0.137903,0.239611,0.175652
29/10/2024,04:00:00,0.036715,0.137788,0.335097,0.174503
29/10/2024,05:00:00,0.035709,0.137673,0.178218,0.173382
29/10/2024,06:00:00,0.03473,0.137558,0.208139,0.172288
29/10/2024,07:00:00,0.033779,0.137444,0.343204,0.171223
29/10/2024,08:00:00,0.032854,0.137329,0.378489,0.170183
29/10/2024,09:00:00,0.031954,0.137215,0.13268,0.169169
29/10/2024,10:00:00,0.031078,0.137101,0.215054,0.168179
29/10/2024,11:00:00,0.030227,0.136986,0.010729,0.167213
29/10/2024,12:00:00,0.029399,0.136872,0.038028,0.166271
29/10/2024,13:00:00,0.051639,0.136933,0.382543,0.188572
29/10/2024,14:00:00,0.23657,0.138236,0.019431,0.374806
29/10/2024,15:00:00,0.258192,0.138334,0.038028,0.396526
29/10/2024,16:00:00,0.261343,0.138297,0.030518,0.39964
29/10/2024,17:00:00,0.276543,0.138352,0.001431,0.414895
29/10/2024,18:00:00,0.306176,0.138519,0,0.444695
29/10/2024,19:00:00,0.337327,0.138704,0,0.476031
29/10/2024,20:00:00,0.383528,0.13901,0,0.522538
29/10/2024,21:00:00,0.402459,0.139118,0,0.541577
29/10/2024,22:00:00,0.425848,0.139264,0,0.565112
29/10/2024,23:00:00,0.471092,0.13958,0,0.610672
30/10/2024,00:00:00,0.521035,0.139942,0,0.660977
30/10/2024,01:00:00,0.528715,0.139992,0,0.668707
30/10/2024,02:00:00,0.549954,0.140147,0.066638,0.690101
30/10/2024,03:00:00,0.536561,0.140043,0.079513,0.676604
30/10/2024,04:00:00,0.52811,0.139974,0.003815,0.668084
30/10/2024,05:00:00,0.577327,0.140342,0,0.717669
30/10/2024,06:00:00,0.564664,0.140249,0,0.704913
30/10/2024,07:00:00,0.555474,0.140179,0,0.695653
30/10/2024,08:00:00,0.545281,0.140101,0,0.685382
30/10/2024,09:00:00,0.530532,0.139986,0,0.670518
30/10/2024,10:00:00,0.515998,0.139869,0,0.655867
30/10/2024,11:00:00,0.501862,0.139753,0,0.641615
30/10/2024,12:00:00,0.488113,0.139636,0,0.627749
30/10/2024,13:00:00,0.474741,0.13952,0,0.614261
30/10/2024,14:00:00,0.461735,0.139404,0,0.601139
30/10/2024,15:00:00,0.449086,0.139287,0,0.588373
30/10/2024,16:00:00,0.436783,0.139171,0,0.575954
30/10/2024,17:00:00,0.424817,0.139056,0,0.563873
30/10/2024,18:00:00,0.423983,0.139022,0,0.563005
30/10/2024,19:00:00,0.425206,0.139004,0,0.56421
30/10/2024,20:00:00,0.413652,0.138889,0,0.552541
30/10/2024,21:00:00,0.40232,0.138773,0,0.541093
30/10/2024,22:00:00,0.391298,0.138657,0,0.529955
30/10/2024,23:00:00,0.380578,0.138542,0,0.51912
31/10/2024,00:00:00,0.370152,0.138426,0,0.508578
31/10/2024,01:00:00,0.360012,0.138311,0,0.498323
31/10/2024,02:00:00,0.350149,0.138196,0,0.488345
31/10/2024,03:00:00,0.340556,0.138081,0,0.478637
31/10/2024,04:00:00,0.331227,0.137966,0,0.469193
31/10/2024,05:00:00,0.322152,0.137851,0,0.460003
31/10/2024,06:00:00,0.313327,0.137736,0,0.451063
31/10/2024,07:00:00,0.304743,0.137621,0,0.442364
31/10/2024,08:00:00,0.296395,0.137507,0,0.433902
31/10/2024,09:00:00,0.288275,0.137392,0,0.425667
31/10/2024,10:00:00,0.280377,0.137278,0,0.417655
31/10/2024,11:00:00,0.272696,0.137163,0,0.409859
31/10/2024,12:00:00,0.265226,0.137049,0,0.402275
31/10/2024,13:00:00,0.25796,0.136935,0,0.394895
31/10/2024,14:00:00,0.250893,0.136821,0,0.387714
31/10/2024,15:00:00,0.244019,0.136707,0,0.380726
31/10/2024,16:00:00,0.237334,0.136593,0,0.373927
31/10/2024,17:00:00,0.230832,0.136479,0,0.367311
31/10/2024,18:00:00,0.224509,0.136365,0,0.360874
31/10/2024,19:00:00,0.218358,0.136252,0,0.35461
31/10/2024,20:00:00,0.212376,0.136138,0,0.348514
31/10/2024,21:00:00,0.206558,0.136025,0,0.342583
31/10/2024,22:00:00,0.200899,0.135912,0,0.336811
31/10/2024,23:00:00,0.195395,0.135798,0,0.331193
01/11/2024,00:00:00,0.190042,0.135685,0,0.325727
01/11/2024,01:00:00,0.184836,0.135572,0,0.320408
01/11/2024,02:00:00,0.179772,0.135459,0.066638,0.315231
01/11/2024,03:00:00,0.174847,0.135347,0.031948,0.310194
01/11/2024,04:00:00,0.170057,0.135234,0.030041,0.305291
01/11/2024,05:00:00,0.165399,0.135121,0.068069,0.30052
01/11/2024,06:00:00,0.160867,0.135009,0.060439,0.295876
01/11/2024,07:00:00,0.15646,0.134896,0.002861,0.291356
01/11/2024,08:00:00,0.152174,0.134784,0,0.286958
01/11/2024,09:00:00,0.148005,0.134671,0,0.282676
01/11/2024,10:00:00,0.14395,0.134559,0,0.278509
01/11/2024,11:00:00,0.140007,0.134447,0,0.274454
01/11/2024,12:00:00,0.136171,0.134335,0,0.270506
01/11/2024,13:00:00,0.132441,0.134223,0,0.266664
01/11/2024,14:00:00,0.128813,0.134112,0,0.262925
01/11/2024,15:00:00,0.125284,0.134,0,0.259284
01/11/2024,16:00:00,0.121851,0.133888,0,0.255739
01/11/2024,17:00:00,0.118513,0.133777,0,0.25229
01/11/2024,18:00:00,0.125723,0.133745,0,0.259468
01/11/2024,19:00:00,0.126989,0.133669,0,0.260658
01/11/2024,20:00:00,0.127928,0.133591,0,0.261519
01/11/2024,21:00:00,0.135215,0.133562,0.02861,0.268777
01/11/2024,22:00:00,0.14107,0.133524,0.068069,0.274594
01/11/2024,23:00:00,0.137206,0.133412,0.003338,0.270618
02/11/2024,00:00:00,0.133447,0.133301,0,0.266748
02/11/2024,01:00:00,0.129792,0.13319,0,0.262982
02/11/2024,02:00:00,0.126236,0.133079,0,0.259315
02/11/2024,03:00:00,0.122778,0.132968,0,0.255746
02/11/2024,04:00:00,0.119414,0.132858,0,0.252272
02/11/2024,05:00:00,0.116143,0.132747,0,0.24889
02/11/2024,06:00:00,0.112961,0.132636,0.057101,0.245597
02/11/2024,07:00:00,0.109866,0.132526,0.269413,0.242392
02/11/2024,08:00:00,0.106856,0.132415,0.108719,0.239271
02/11/2024,09:00:00,0.103929,0.132305,0.004768,0.236234
02/11/2024,10:00:00,0.101082,0.132195,0,0.233277
02/11/2024,11:00:00,0.098313,0.132085,0,0.230398
02/11/2024,12:00:00,0.095619,0.131975,0,0.227594
02/11/2024,13:00:00,0.097684,0.1319,0,0.229584
02/11/2024,14:00:00,0.106309,0.131877,0,0.238186
02/11/2024,15:00:00,0.103948,0.131771,0,0.235719
02/11/2024,16:00:00,0.1011,0.131661,0,0.232761
02/11/2024,17:00:00,0.09833,0.131551,0,0.229881
02/11/2024,18:00:00,0.095637,0.131442,0,0.227079
02/11/2024,19:00:00,0.093017,0.131332,0,0.224349
02/11/2024,20:00:00,0.090468,0.131223,0,0.221691
02/11/2024,21:00:00,0.08799,0.131114,0,0.219104
02/11/2024,22:00:00,0.094586,0.131073,0,0.225659
02/11/2024,23:00:00,0.136327,0.131301,0,0.267628
03/11/2024,00:00:00,0.150063,0.131324,0,0.281387
03/11/2024,01:00:00,0.146011,0.131215,0,0.277226
03/11/2024,02:00:00,0.142011,0.131106,0,0.273117
03/11/2024,03:00:00,0.138121,0.130997,0,0.269118
03/11/2024,04:00:00,0.134337,0.130888,0,0.265225
03/11/2024,05:00:00,0.130656,0.130779,0,0.261435
03/11/2024,06:00:00,0.127077,0.13067,0,0.257747
03/11/2024,07:00:00,0.123596,0.130561,0,0.254157
03/11/2024,08:00:00,0.12021,0.130452,0,0.250662
03/11/2024,09:00:00,0.116917,0.130343,0,0.24726
03/11/2024,10:00:00,0.113714,0.130235,0,0.243949
03/11/2024,11:00:00,0.110598,0.130126,0,0.240724
03/11/2024,12:00:00,0.107568,0.130018,0,0.237586
03/11/2024,13:00:00,0.104621,0.12991,0,0.234531
03/11/2024,14:00:00,0.101755,0.129801,0,0.231556
03/11/2024,15:00:00,0.098968,0.129693,0,0.228661
03/11/2024,16:00:00,0.096256,0.129585,0,0.225841
03/11/2024,17:00:00,0.093619,0.129477,0,0.223096
03/11/2024,18:00:00,0.091055,0.129369,0,0.220424
03/11/2024,19:00:00,0.08856,0.129262,0,0.217822
03/11/2024,20:00:00,0.086134,0.129154,0,0.215288
03/11/2024,21:00:00,0.083774,0.129046,0,0.21282
03/11/2024,22:00:00,0.081479,0.128939,0,0.210418
03/11/2024,23:00:00,0.079247,0.128831,0,0.208078
04/11/2024,00:00:00,0.077076,0.128724,0,0.2058
04/11/2024,01:00:00,0.074965,0.128617,0,0.203582
04/11/2024,02:00:00,0.072911,0.12851,0,0.201421
04/11/2024,03:00:00,0.070913,0.128403,0,0.199316
04/11/2024,04:00:00,0.068971,0.128296,0,0.197267
04/11/2024,05:00:00,0.067081,0.128189,0,0.19527
04/11/2024,06:00:00,0.065244,0.128082,0,0.193326
04/11/2024,07:00:00,0.063456,0.127975,0,0.191431
04/11/2024,08:00:00,0.061718,0.127869,0,0.189587
04/11/2024,09:00:00,0.060027,0.127762,0,0.187789
04/11/2024,10:00:00,0.058382,0.127656,0,0.186038
04/11/2024,11:00:00,0.056783,0.12755,0,0.184333
04/11/2024,12:00:00,0.055227,0.127443,0,0.18267
04/11/2024,13:00:00,0.053714,0.127337,0,0.181051
04/11/2024,14:00:00,0.052243,0.127231,0,0.179474
04/11/2024,15:00:00,0.050812,0.127125,0,0.177937
04/11/2024,16:00:00,0.04942,0.127019,0,0.176439
04/11/2024,17:00:00,0.048066,0.126913,0,0.174979
04/11/2024,18:00:00,0.046749,0.126808,0,0.173557
04/11/2024,19:00:00,0.045468,0.126702,0,0.17217
04/11/2024,20:00:00,0.044223,0.126597,0,0.17082
04/11/2024,21:00:00,0.043011,0.126491,0,0.169502
04/11/2024,22:00:00,0.041833,0.126386,0,0.168219
04/11/2024,23:00:00,0.040687,0.12628,0,0.166967
05/11/2024,00:00:00,0.039572,0.126175,0,0.165747
05/11/2024,01:00:00,0.038488,0.12607,0,0.164558
05/11/2024,02:00:00,0.037434,0.125965,0,0.163399
05/11/2024,03:00:00,0.036408,0.12586,0,0.162268
05/11/2024,04:00:00,0.035411,0.125755,0,0.161166
05/11/2024,05:00:00,0.034441,0.125651,0,0.160092
05/11/2024,06:00:00,0.033497,0.125546,0,0.159043
05/11/2024,07:00:00,0.032579,0.125441,0,0.15802
05/11/2024,08:00:00,0.031687,0.125337,0,0.157024
05/11/2024,09:00:00,0.030819,0.125232,0,0.156051
05/11/2024,10:00:00,0.029975,0.125128,0,0.155103
05/11/2024,11:00:00,0.029153,0.125024,0,0.154177
05/11/2024,12:00:00,0.028355,0.12492,0,0.153275
05/11/2024,13:00:00,0.027578,0.124816,0,0.152394
05/11/2024,14:00:00,0.026822,0.124712,0,0.151534
05/11/2024,15:00:00,0.026088,0.124608,0,0.150696
05/11/2024,16:00:00,0.025373,0.124504,0,0.149877
05/11/2024,17:00:00,0.024678,0.1244,0,0.149078
05/11/2024,18:00:00,0.024002,0.124297,0,0.148299
05/11/2024,19:00:00,0.023344,0.124193,0,0.147537
05/11/2024,20:00:00,0.022705,0.12409,0.02861,0.146795
05/11/2024,21:00:00,0.022083,0.123986,0.001431,0.146069
05/11/2024,22:00:00,0.021478,0.123883,0.066638,0.145361
05/11/2024,23:00:00,0.020889,0.12378,0.003338,0.144669
06/11/2024,00:00:00,0.020317,0.123677,0.057101,0.143994
06/11/2024,01:00:00,0.01976,0.123574,0.059962,0.143334
06/11/2024,02:00:00,0.019219,0.123471,0.069499,0.14269
06/11/2024,03:00:00,0.018693,0.123368,0.031948,0.142061
06/11/2024,04:00:00,0.01818,0.123265,0.00155,0.141445
06/11/2024,05:00:00,0.017682,0.123163,0,0.140845
06/11/2024,06:00:00,0.017198,0.12306,0,0.140258
06/11/2024,07:00:00,0.016727,0.122957,0,0.139684
06/11/2024,08:00:00,0.016269,0.122855,0,0.139124
06/11/2024,09:00:00,0.015823,0.122753,0,0.138576
06/11/2024,10:00:00,0.015389,0.12265,0,0.138039
06/11/2024,11:00:00,0.014968,0.122548,0,0.137516
06/11/2024,12:00:00,0.019155,0.122481,0,0.141636
06/11/2024,13:00:00,0.018758,0.12238,0,0.141138
06/11/2024,14:00:00,0.029277,0.122362,0,0.151639
06/11/2024,15:00:00,0.029018,0.122264,0,0.151282
06/11/2024,16:00:00,0.037735,0.122235,0,0.15997
06/11/2024,17:00:00,0.046688,0.122209,0,0.168897
06/11/2024,18:00:00,0.056974,0.122195,0,0.179169
06/11/2024,19:00:00,0.060701,0.122133,0,0.182834
06/11/2024,20:00:00,0.059232,0.122033,0,0.181265
06/11/2024,21:00:00,0.057609,0.121931,0,0.17954
06/11/2024,22:00:00,0.056031,0.12183,0,0.177861
06/11/2024,23:00:00,0.054496,0.121728,0,0.176224
07/11/2024,00:00:00,0.053003,0.121627,0,0.17463
07/11/2024,01:00:00,0.051551,0.121526,0,0.173077
07/11/2024,02:00:00,0.050138,0.121424,0,0.171562
07/11/2024,03:00:00,0.048765,0.121323,0,0.170088
07/11/2024,04:00:00,0.047429,0.121222,0,0.168651
07/11/2024,05:00:00,0.04613,0.121121,0,0.167251
07/11/2024,06:00:00,0.044866,0.12102,0,0.165886
07/11/2024,07:00:00,0.043637,0.12092,0,0.164557
07/11/2024,08:00:00,0.042441,0.120819,0,0.16326
07/11/2024,09:00:00,0.041279,0.120718,0,0.161997
07/11/2024,10:00:00,0.040148,0.120618,0,0.160766
07/11/2024,11:00:00,0.039048,0.120517,0,0.159565
07/11/2024,12:00:00,0.037978,0.120417,0,0.158395
07/11/2024,13:00:00,0.036938,0.120316,0,0.157254
07/11/2024,14:00:00,0.035926,0.120216,0,0.156142
07/11/2024,15:00:00,0.034942,0.120116,0,0.155058
07/11/2024,16:00:00,0.033984,0.120016,0,0.154
07/11/2024,17:00:00,0.033053,0.119916,0,0.152969
07/11/2024,18:00:00,0.032148,0.119816,0,0.151964
07/11/2024,19:00:00,0.031267,0.119716,0,0.150983
07/11/2024,20:00:00,0.030411,0.119617,0,0.150028
07/11/2024,21:00:00,0.029577,0.119517,0,0.149094
07/11/2024,22:00:00,0.028767,0.119417,0,0.148184
07/11/2024,23:00:00,0.027979,0.119318,0,0.147297
08/11/2024,00:00:00,0.027213,0.119219,0,0.146432
08/11/2024,01:00:00,0.026467,0.119119,0,0.145586
08/11/2024,02:00:00,0.025742,0.11902,0,0.144762
08/11/2024,03:00:00,0.025037,0.118921,0,0.143958
08/11/2024,04:00:00,0.024351,0.118822,0,0.143173
08/11/2024,05:00:00,0.023684,0.118723,0,0.142407
08/11/2024,06:00:00,0.023035,0.118624,0,0.141659
08/11/2024,07:00:00,0.022404,0.118525,0,0.140929
08/11/2024,08:00:00,0.02179,0.118426,0,0.140216
08/11/2024,09:00:00,0.021193,0.118328,0,0.139521
08/11/2024,10:00:00,0.020613,0.118229,0,0.138842
08/11/2024,11:00:00,0.020048,0.118131,0,0.138179
08/11/2024,12:00:00,0.019499,0.118032,0,0.137531
08/11/2024,13:00:00,0.018964,0.117934,0,0.136898
08/11/2024,14:00:00,0.018445,0.117836,0,0.136281
08/11/2024,15:00:00,0.01794,0.117738,0,0.135678
08/11/2024,16:00:00,0.017448,0.11764,0,0.135088
08/11/2024,17:00:00,0.01697,0.117542,0,0.134512
08/11/2024,18:00:00,0.016505,0.117444,0,0.133949
08/11/2024,19:00:00,0.016053,0.117346,0,0.133399
08/11/2024,20:00:00,0.015613,0.117248,0,0.132861
08/11/2024,21:00:00,0.015186,0.11715,0,0.132336
08/11/2024,22:00:00,0.01477,0.117053,0,0.131823
08/11/2024,23:00:00,0.014365,0.116955,0,0.13132
09/11/2024,00:00:00,0.013971,0.116858,0,0.130829
09/11/2024,01:00:00,0.013589,0.116761,0.028491,0.13035
09/11/2024,02:00:00,0.013216,0.116663,0.001431,0.129879
09/11/2024,03:00:00,0.012854,0.116566,0,0.12942
09/11/2024,04:00:00,0.012502,0.116469,0,0.128971
09/11/2024,05:00:00,0.01216,0.116372,0,0.128532
09/11/2024,06:00:00,0.011827,0.116275,0,0.128102
09/11/2024,07:00:00,0.011503,0.116178,0,0.127681
09/11/2024,08:00:00,0.011187,0.116081,0,0.127268
09/11/2024,09:00:00,0.010881,0.115985,0,0.126866
09/11/2024,10:00:00,0.010583,0.115888,0,0.126471
09/11/2024,11:00:00,0.010293,0.115792,0,0.126085
09/11/2024,12:00:00,0.010011,0.115695,0,0.125706
09/11/2024,13:00:00,0.009737,0.115599,0,0.125336
09/11/2024,14:00:00,0.00947,0.115502,0,0.124972
09/11/2024,15:00:00,0.009211,0.115406,0,0.124617
09/11/2024,16:00:00,0.008958,0.11531,0,0.124268
09/11/2024,17:00:00,0.012975,0.115246,0,0.128221
09/11/2024,18:00:00,0.012619,0.11515,0,0.127769
09/11/2024,19:00:00,0.012274,0.115055,0,0.127329
09/11/2024,20:00:00,0.011937,0.114959,0,0.126896
09/11/2024,21:00:00,0.01161,0.114863,0.02861,0.126473
09/11/2024,22:00:00,0.011292,0.114767,0.001431,0.126059
09/11/2024,23:00:00,0.010983,0.114672,0,0.125655
10/11/2024,00:00:00,0.010682,0.114576,0,0.125258
10/11/2024,01:00:00,0.010389,0.114481,0,0.12487
10/11/2024,02:00:00,0.010105,0.114385,0,0.12449
10/11/2024,03:00:00,0.009828,0.11429,0,0.124118
10/11/2024,04:00:00,0.009559,0.114195,0,0.123754
10/11/2024,05:00:00,0.009297,0.1141,0,0.123397
10/11/2024,06:00:00,0.009042,0.114005,0,0.123047
10/11/2024,07:00:00,0.008794,0.11391,0,0.122704
10/11/2024,08:00:00,0.008554,0.113815,0,0.122369
10/11/2024,09:00:00,0.008319,0.11372,0,0.122039
10/11/2024,10:00:00,0.008091,0.113625,0,0.121716
10/11/2024,11:00:00,0.00787,0.113531,0,0.121401
10/11/2024,12:00:00,0.007654,0.113436,0,0.12109
10/11/2024,13:00:00,0.011163,0.11337,0,0.124533
10/11/2024,14:00:00,0.010857,0.113275,0,0.124132
10/11/2024,15:00:00,0.01056,0.113181,0,0.123741
10/11/2024,16:00:00,0.010271,0.113087,0,0.123358
10/11/2024,17:00:00,0.009989,0.112993,0,0.122982
10/11/2024,18:00:00,0.009716,0.112898,0,0.122614
10/11/2024,19:00:00,0.009449,0.112804,0,0.122253
10/11/2024,20:00:00,0.009191,0.11271,0,0.121901
10/11/2024,21:00:00,0.008939,0.112617,0,0.121556
10/11/2024,22:00:00,0.008694,0.112523,0,0.121217
10/11/2024,23:00:00,0.008456,0.112429,0,0.120885
11/11/2024,00:00:00,0.008224,0.112335,0,0.120559
11/11/2024,01:00:00,0.007999,0.112242,0,0.120241
11/11/2024,02:00:00,0.00778,0.112148,0,0.119928
11/11/2024,03:00:00,0.007566,0.112055,0,0.119621
11/11/2024,04:00:00,0.007359,0.111962,0.076056,0.119321
11/11/2024,05:00:00,0.007158,0.111868,0.308394,0.119026
11/11/2024,06:00:00,0.006962,0.111775,0.015497,0.118737
11/11/2024,07:00:00,0.006771,0.111682,0,0.118453
11/11/2024,08:00:00,0.006585,0.111589,0,0.118174
11/11/2024,09:00:00,0.006405,0.111496,0,0.117901
11/11/2024,10:00:00,0.006229,0.111403,0,0.117632
11/11/2024,11:00:00,0.006059,0.11131,0.818372,0.117369
11/11/2024,12:00:00,0.005893,0.111218,0.041604,0.117111
11/11/2024,13:00:00,0.005731,0.111125,0.114202,0.116856
11/11/2024,14:00:00,0.005574,0.111032,0.005841,0.116606
11/11/2024,15:00:00,0.005422,0.11094,0,0.116362
11/11/2024,16:00:00,0.005273,0.110848,0,0.116121
11/11/2024,17:00:00,0.005129,0.110755,0,0.115884
11/11/2024,18:00:00,0.004988,0.110663,0.095129,0.115651
11/11/2024,19:00:00,0.004851,0.110571,0.004888,0.115422
11/11/2024,20:00:00,0.014641,0.110554,0,0.125195
11/11/2024,21:00:00,0.06291,0.110832,0.523329,0.173742
11/11/2024,22:00:00,0.061187,0.11074,0.873566,0.171927
11/11/2024,23:00:00,0.05951,0.110647,0.043154,0.170157
12/11/2024,00:00:00,0.05788,0.110555,0,0.168435
12/11/2024,01:00:00,0.056294,0.110463,0,0.166757
12/11/2024,02:00:00,0.054752,0.110371,0,0.165123
12/11/2024,03:00:00,0.187411,0.111299,0,0.29871
12/11/2024,04:00:00,0.187015,0.111242,0,0.298257
12/11/2024,05:00:00,0.198806,0.111278,0,0.310084
12/11/2024,06:00:00,0.19336,0.111186,0,0.304546
12/11/2024,07:00:00,0.188063,0.111093,0,0.299156
12/11/2024,08:00:00,0.182911,0.111,0,0.293911
12/11/2024,09:00:00,0.1779,0.110908,0,0.288808
12/11/2024,10:00:00,0.187105,0.110923,0,0.298028
12/11/2024,11:00:00,0.181979,0.11083,0,0.292809
12/11/2024,12:00:00,0.176994,0.110738,0,0.287732
12/11/2024,13:00:00,0.257975,0.111298,0,0.369273
12/11/2024,14:00:00,0.395564,0.112305,0,0.507869
12/11/2024,15:00:00,0.390476,0.112255,0,0.502731
12/11/2024,16:00:00,0.379778,0.112162,0,0.49194
12/11/2024,17:00:00,0.369374,0.112068,0,0.481442
12/11/2024,18:00:00,0.359255,0.111975,0,0.47123
12/11/2024,19:00:00,0.349413,0.111881,0,0.461294
12/11/2024,20:00:00,0.339841,0.111788,0,0.451629
12/11/2024,21:00:00,0.33053,0.111695,0,0.442225
12/11/2024,22:00:00,0.321475,0.111602,0,0.433077
12/11/2024,23:00:00,0.312668,0.111509,0,0.424177
13/11/2024,00:00:00,0.304103,0.111416,0,0.415519
13/11/2024,01:00:00,0.295772,0.111323,0,0.407095
13/11/2024,02:00:00,0.287669,0.111231,0,0.3989
13/11/2024,03:00:00,0.279788,0.111138,0,0.390926
13/11/2024,04:00:00,0.272123,0.111046,0,0.383169
13/11/2024,05:00:00,0.264668,0.110953,0,0.375621
13/11/2024,06:00:00,0.257417,0.110861,0,0.368278
13/11/2024,07:00:00,0.250365,0.110768,0,0.361133
13/11/2024,08:00:00,0.243506,0.110676,0,0.354182
13/11/2024,09:00:00,0.236835,0.110584,0,0.347419
13/11/2024,10:00:00,0.230347,0.110492,0,0.340839
13/11/2024,11:00:00,0.224037,0.1104,0,0.334437
13/11/2024,12:00:00,0.217899,0.110308,0,0.328207
13/11/2024,13:00:00,0.21193,0.110216,0,0.322146
13/11/2024,14:00:00,0.206124,0.110124,0,0.316248
13/11/2024,15:00:00,0.200477,0.110032,0,0.310509
13/11/2024,16:00:00,0.194985,0.109941,0,0.304926
13/11/2024,17:00:00,0.189643,0.109849,0,0.299492
13/11/2024,18:00:00,0.184448,0.109758,0,0.294206
13/11/2024,19:00:00,0.179395,0.109666,0,0.289061
13/11/2024,20:00:00,0.17448,0.109575,0,0.284055
13/11/2024,21:00:00,0.1697,0.109483,0,0.279183
13/11/2024,22:00:00,0.165051,0.109392,0,0.274443
13/11/2024,23:00:00,0.160529,0.109301,0,0.26983
14/11/2024,00:00:00,0.156131,0.10921,0,0.265341
14/11/2024,01:00:00,0.151854,0.109119,0,0.260973
14/11/2024,02:00:00,0.147694,0.109028,0,0.256722
14/11/2024,03:00:00,0.143648,0.108937,0,0.252585
14/11/2024,04:00:00,0.139713,0.108847,0,0.24856
14/11/2024,05:00:00,0.135885,0.108756,0,0.244641
14/11/2024,06:00:00,0.132162,0.108665,0.104666,0.240827
14/11/2024,07:00:00,0.128542,0.108575,0.490546,0.237117
14/11/2024,08:00:00,0.12502,0.108484,0.281692,0.233504
14/11/2024,09:00:00,0.121595,0.108394,0.012994,0.229989
14/11/2024,10:00:00,0.118264,0.108304,0,0.226568
14/11/2024,11:00:00,0.115024,0.108214,0,0.223238
14/11/2024,12:00:00,0.111873,0.108123,0,0.219996
14/11/2024,13:00:00,0.108808,0.108033,0,0.216841
14/11/2024,14:00:00,0.105827,0.107943,0,0.21377
14/11/2024,15:00:00,0.102928,0.107853,0,0.210781
14/11/2024,16:00:00,0.100108,0.107764,0,0.207872
14/11/2024,17:00:00,0.097366,0.107674,0,0.20504
14/11/2024,18:00:00,0.094699,0.107584,0.095248,0.202283
14/11/2024,19:00:00,0.092104,0.107495,0.004768,0.199599
14/11/2024,20:00:00,0.089581,0.107405,0,0.196986
14/11/2024,21:00:00,0.087127,0.107316,0.02861,0.194443
14/11/2024,22:00:00,0.100662,0.107347,0.001431,0.208009
14/11/2024,23:00:00,0.178463,0.10787,0,0.286333
15/11/2024,00:00:00,0.219239,0.108127,0,0.327366
15/11/2024,01:00:00,0.213954,0.108043,0,0.321997
15/11/2024,02:00:00,0.208092,0.107953,0,0.316045
15/11/2024,03:00:00,0.202392,0.107863,0,0.310255
15/11/2024,04:00:00,0.196847,0.107773,0,0.30462
15/11/2024,05:00:00,0.191454,0.107683,0,0.299137
15/11/2024,06:00:00,0.186209,0.107594,0,0.293803
15/11/2024,07:00:00,0.181108,0.107504,0,0.288612
15/11/2024,08:00:00,0.176146,0.107414,0,0.28356
15/11/2024,09:00:00,0.171321,0.107325,0,0.278646
15/11/2024,10:00:00,0.181444,0.107348,0,0.288792
15/11/2024,11:00:00,0.176473,0.107259,0,0.283732
15/11/2024,12:00:00,0.171639,0.107169,0,0.278808
15/11/2024,13:00:00,0.170708,0.107109,0,0.277817
15/11/2024,14:00:00,0.166032,0.10702,0,0.273052
15/11/2024,15:00:00,0.161483,0.10693,0,0.268413
15/11/2024,16:00:00,0.157059,0.106841,0,0.2639
15/11/2024,17:00:00,0.152757,0.106752,0,0.259509
15/11/2024,18:00:00,0.148572,0.106663,0,0.255235
15/11/2024,19:00:00,0.144502,0.106575,0,0.251077
15/11/2024,20:00:00,0.140543,0.106486,0,0.247029
15/11/2024,21:00:00,0.136693,0.106397,0,0.24309
15/11/2024,22:00:00,0.132948,0.106308,0,0.239256
15/11/2024,23:00:00,0.129306,0.10622,0,0.235526
16/11/2024,00:00:00,0.125763,0.106131,0,0.231894
16/11/2024,01:00:00,0.122318,0.106043,0,0.228361
16/11/2024,02:00:00,0.118967,0.105955,0,0.224922
16/11/2024,03:00:00,0.115708,0.105866,0,0.221574
16/11/2024,04:00:00,0.112538,0.105778,0,0.218316
16/11/2024,05:00:00,0.109455,0.10569,0,0.215145
16/11/2024,06:00:00,0.106456,0.105602,0,0.212058
16/11/2024,07:00:00,0.10354,0.105514,0,0.209054
16/11/2024,08:00:00,0.100703,0.105426,0,0.206129
16/11/2024,09:00:00,0.097945,0.105338,0,0.203283
16/11/2024,10:00:00,0.095261,0.105251,0,0.200512
16/11/2024,11:00:00,0.092652,0.105163,0,0.197815
16/11/2024,12:00:00,0.090113,0.105075,0,0.195188
16/11/2024,13:00:00,0.087645,0.104988,0,0.192633
16/11/2024,14:00:00,0.085244,0.1049,0,0.190144
16/11/2024,15:00:00,0.082908,0.104813,0,0.187721
16/11/2024,16:00:00,0.080637,0.104726,0,0.185363
16/11/2024,17:00:00,0.078428,0.104639,0,0.183067
16/11/2024,18:00:00,0.076279,0.104551,0,0.18083
16/11/2024,19:00:00,0.07419,0.104464,0,0.178654
16/11/2024,20:00:00,0.072157,0.104377,0,0.176534
16/11/2024,21:00:00,0.07018,0.10429,0,0.17447
16/11/2024,22:00:00,0.068258,0.104203,0,0.172461
16/11/2024,23:00:00,0.066388,0.104117,0,0.170505
17/11/2024,00:00:00,0.064569,0.10403,0,0.168599
17/11/2024,01:00:00,0.0628,0.103943,1.122832,0.166743
17/11/2024,02:00:00,0.06108,0.103857,1.06585,0.164937
17/11/2024,03:00:00,0.059406,0.10377,0.203609,0.163176
17/11/2024,04:00:00,0.057779,0.103684,0.378847,0.161463
17/11/2024,05:00:00,0.056196,0.103597,0.018835,0.159793
17/11/2024,06:00:00,0.054656,0.103511,0.618577,0.158167
17/11/2024,07:00:00,0.053159,0.103425,0.183702,0.156584
17/11/2024,08:00:00,0.051703,0.103339,0.007749,0.155042
17/11/2024,09:00:00,0.050286,0.103253,0,0.153539
17/11/2024,10:00:00,0.048909,0.103167,0,0.152076
17/11/2024,11:00:00,0.047569,0.103081,0,0.15065
17/11/2024,12:00:00,0.046266,0.102995,0,0.149261
17/11/2024,13:00:00,0.044998,0.102909,0,0.147907
17/11/2024,14:00:00,0.043766,0.102823,0,0.146589
17/11/2024,15:00:00,0.042567,0.102738,0,0.145305
17/11/2024,16:00:00,0.0414,0.102652,0,0.144052
17/11/2024,17:00:00,0.22626,0.10398,0,0.33024
17/11/2024,18:00:00,0.396982,0.105239,0,0.502221
17/11/2024,19:00:00,0.418227,0.105395,0.751734,0.523622
17/11/2024,20:00:00,0.468415,0.105776,4.615307,0.574191
17/11/2024,21:00:00,0.45661,0.105696,5.390406,0.562306
17/11/2024,22:00:00,0.546211,0.106384,2.717614,0.652595
17/11/2024,23:00:00,0.560077,0.106514,0.124931,0.666591
18/11/2024,00:00:00,0.544733,0.106426,0,0.651159
18/11/2024,01:00:00,0.52981,0.106337,0,0.636147
18/11/2024,02:00:00,0.515296,0.106248,0,0.621544
18/11/2024,03:00:00,0.501179,0.10616,0,0.607339
18/11/2024,04:00:00,0.487449,0.106071,0,0.59352
18/11/2024,05:00:00,0.474095,0.105983,0,0.580078
18/11/2024,06:00:00,0.461107,0.105895,0,0.567002
18/11/2024,07:00:00,0.448475,0.105807,0,0.554282
18/11/2024,08:00:00,0.436188,0.105718,0,0.541906
18/11/2024,09:00:00,0.424239,0.10563,0,0.529869
18/11/2024,10:00:00,0.412617,0.105542,0,0.518159
18/11/2024,11:00:00,0.525981,0.106402,0,0.632383
18/11/2024,12:00:00,1.293997,0.112261,0,1.406258
18/11/2024,13:00:00,2.184408,0.119205,0,2.303613
18/11/2024,14:00:00,2.594905,0.122681,0,2.717586
18/11/2024,15:00:00,2.543227,0.122726,0,2.665953
18/11/2024,16:00:00,2.473554,0.122624,0,2.596178
18/11/2024,17:00:00,2.40579,0.122522,0,2.528312
18/11/2024,18:00:00,2.339882,0.12242,0,2.462302
18/11/2024,19:00:00,2.275779,0.122318,0,2.398097
18/11/2024,20:00:00,2.213433,0.122216,0,2.335649
18/11/2024,21:00:00,2.152795,0.122114,0,2.274909
18/11/2024,22:00:00,2.093818,0.122013,0.333071,2.215831
18/11/2024,23:00:00,2.036457,0.121911,1.625061,2.158368
19/11/2024,00:00:00,1.980667,0.121809,1.766205,2.102476
19/11/2024,01:00:00,1.926406,0.121708,0.323534,2.048114
19/11/2024,02:00:00,1.873631,0.121607,2.105594,1.995238
19/11/2024,03:00:00,1.822302,0.121505,3.008842,1.943807
19/11/2024,04:00:00,1.772379,0.121404,1.927137,1.893783
19/11/2024,05:00:00,1.723824,0.121303,2.184033,1.845127
19/11/2024,06:00:00,1.676598,0.121202,0.877261,1.7978
19/11/2024,07:00:00,1.630667,0.121101,0.296235,1.751768
19/11/2024,08:00:00,1.585994,0.121,0.012994,1.706994
19/11/2024,09:00:00,1.542545,0.120899,0,1.663444
19/11/2024,10:00:00,1.500286,0.120798,0.846982,1.621084
19/11/2024,11:00:00,1.459185,0.120698,1.870036,1.579883
19/11/2024,12:00:00,1.41921,0.120597,0.911355,1.539807
19/11/2024,13:00:00,1.38033,0.120497,0.441313,1.500827
19/11/2024,14:00:00,1.400503,0.120837,0.020385,1.52134
19/11/2024,15:00:00,1.64646,0.122898,0,1.769358
19/11/2024,16:00:00,1.911691,0.125155,0,2.036846
19/11/2024,17:00:00,1.916262,0.125483,0,2.041745
19/11/2024,18:00:00,2.235738,0.128206,0,2.363944
19/11/2024,19:00:00,2.709426,0.132166,0,2.841592
19/11/2024,20:00:00,2.979804,0.134675,0,3.114479
19/11/2024,21:00:00,3.290667,0.137546,0.085592,3.428213
19/11/2024,22:00:00,3.358557,0.138633,0.004411,3.49719
19/11/2024,23:00:00,3.319703,0.138922,0,3.458625
20/11/2024,00:00:00,3.230691,0.138821,0,3.369512
20/11/2024,01:00:00,3.142184,0.138705,0,3.280889
20/11/2024,02:00:00,3.208881,0.139751,0.066519,3.348632
20/11/2024,03:00:00,3.460057,0.142212,0.003457,3.602269
20/11/2024,04:00:00,3.530714,0.143351,0,3.674065
20/11/2024,05:00:00,3.513854,0.143839,0.704169,3.657693
20/11/2024,06:00:00,3.42056,0.143742,0.749469,3.564302
20/11/2024,07:00:00,3.326852,0.143622,0.978351,3.470474
20/11/2024,08:00:00,3.235711,0.143502,0.913978,3.379213
20/11/2024,09:00:00,3.147067,0.143383,1.490355,3.29045
20/11/2024,10:00:00,3.060851,0.143263,1.539111,3.204114
20/11/2024,11:00:00,2.976998,0.143144,0.82624,3.120142
20/11/2024,12:00:00,2.895441,0.143025,0.142932,3.038466
20/11/2024,13:00:00,2.830656,0.143016,0.005364,2.973672
20/11/2024,14:00:00,2.753109,0.142897,0,2.896006
20/11/2024,15:00:00,2.677686,0.142778,0,2.820464
20/11/2024,16:00:00,2.604329,0.142659,0,2.746988
20/11/2024,17:00:00,2.532982,0.14254,1.199007,2.675522
20/11/2024,18:00:00,2.474654,0.142505,1.640558,2.617159
20/11/2024,19:00:00,2.406859,0.142387,0.594258,2.549246
20/11/2024,20:00:00,2.340922,0.142268,0.102282,2.48319
20/11/2024,21:00:00,2.404582,0.143121,0.527263,2.547703
20/11/2024,22:00:00,2.47508,0.144038,1.473069,2.619118
20/11/2024,23:00:00,2.585986,0.145277,0.910997,2.731263
21/11/2024,00:00:00,2.68245,0.146428,1.384258,2.828878
21/11/2024,01:00:00,2.883181,0.14839,0.068307,3.031571
21/11/2024,02:00:00,3.088462,0.150427,0,3.238889
21/11/2024,03:00:00,3.156638,0.151463,0,3.308101
21/11/2024,04:00:00,3.096131,0.151535,0,3.247666
21/11/2024,05:00:00,3.011751,0.151412,0,3.163163
21/11/2024,06:00:00,2.929243,0.151286,0,3.080529
21/11/2024,07:00:00,2.848995,0.15116,0,3.000155
21/11/2024,08:00:00,2.770945,0.151034,0,2.921979
21/11/2024,09:00:00,2.917944,0.152602,0,3.070546
21/11/2024,10:00:00,3.144246,0.154803,0,3.299049
21/11/2024,11:00:00,3.169195,0.155519,0,3.324714
21/11/2024,12:00:00,3.101365,0.155533,0,3.256898
21/11/2024,13:00:00,3.115198,0.156155,0,3.271353
21/11/2024,14:00:00,3.306829,0.15813,0,3.464959
21/11/2024,15:00:00,3.388044,0.159304,0,3.547348
21/11/2024,16:00:00,3.557033,0.161162,0,3.718195
21/11/2024,17:00:00,3.472453,0.161125,0,3.633578
21/11/2024,18:00:00,3.377323,0.160991,0,3.538314
21/11/2024,19:00:00,3.2848,0.160857,0,3.445657
21/11/2024,20:00:00,3.194811,0.160723,0,3.355534
21/11/2024,21:00:00,3.107287,0.160589,0,3.267876
21/11/2024,22:00:00,3.022161,0.160455,0,3.182616
21/11/2024,23:00:00,2.939368,0.160322,0,3.09969
22/11/2024,00:00:00,2.858842,0.160188,0,3.01903
22/11/2024,01:00:00,2.780523,0.160055,0,2.940578
22/11/2024,02:00:00,2.704349,0.159921,0,2.86427
22/11/2024,03:00:00,2.630262,0.159788,0,2.79005
22/11/2024,04:00:00,2.558204,0.159655,0.047565,2.717859
22/11/2024,05:00:00,2.488121,0.159522,0.192761,2.647643
22/11/2024,06:00:00,2.419958,0.159389,0.009656,2.579347
22/11/2024,07:00:00,2.353662,0.159257,0,2.512919
22/11/2024,08:00:00,2.289182,0.159124,0.142813,2.448306
22/11/2024,09:00:00,2.226468,0.158991,1.406074,2.385459
22/11/2024,10:00:00,2.165473,0.158859,0.109196,2.324332
22/11/2024,11:00:00,2.106149,0.158727,0.001907,2.264876
22/11/2024,12:00:00,2.04845,0.158594,0,2.207044
22/11/2024,13:00:00,1.992332,0.158462,0.571012,2.150794
22/11/2024,14:00:00,1.937751,0.15833,0.894904,2.096081
22/11/2024,15:00:00,1.884665,0.158198,0.224948,2.042863
22/11/2024,16:00:00,1.833034,0.158067,0.913143,1.991101
22/11/2024,17:00:00,1.782817,0.157935,0.445724,1.940752
22/11/2024,18:00:00,1.733976,0.157803,0.515103,1.891779
22/11/2024,19:00:00,1.686472,0.157672,0.558138,1.844144
22/11/2024,20:00:00,1.647978,0.157599,0.027061,1.805577
22/11/2024,21:00:00,1.638005,0.157735,0.104666,1.79574
22/11/2024,22:00:00,1.593585,0.157607,0.005364,1.751192
22/11/2024,23:00:00,1.549928,0.157476,0,1.707404
23/11/2024,00:00:00,1.533064,0.157539,0,1.690603
23/11/2024,01:00:00,1.756565,0.159426,0,1.915991
23/11/2024,02:00:00,1.727687,0.15944,0,1.887127
23/11/2024,03:00:00,1.680356,0.159307,0,1.839663
23/11/2024,04:00:00,1.634322,0.159174,0,1.793496
23/11/2024,05:00:00,1.696583,0.159855,0,1.856438
23/11/2024,06:00:00,1.819078,0.161007,0,1.980085
23/11/2024,07:00:00,1.810444,0.161186,0,1.97163
23/11/2024,08:00:00,1.933668,0.162365,0,2.096033
23/11/2024,09:00:00,1.964222,0.162865,0,2.127087
23/11/2024,10:00:00,2.007314,0.163466,0,2.17078
23/11/2024,11:00:00,2.057544,0.164129,0,2.221673
23/11/2024,12:00:00,2.004444,0.164018,0,2.168462
23/11/2024,13:00:00,1.96766,0.164019,0,2.131679
23/11/2024,14:00:00,1.913755,0.163882,0,2.077637
23/11/2024,15:00:00,1.861326,0.163746,0,2.025072
23/11/2024,16:00:00,1.810334,0.163609,0,1.973943
23/11/2024,17:00:00,1.760739,0.163473,1.655698,1.924212
23/11/2024,18:00:00,1.712503,0.163337,4.366398,1.87584
23/11/2024,19:00:00,1.665588,0.163201,0.855446,1.828789
23/11/2024,20:00:00,1.619958,0.163065,0.032425,1.783023
23/11/2024,21:00:00,1.575579,0.162929,0,1.738508
23/11/2024,22:00:00,1.532415,0.162793,0.047565,1.695208
23/11/2024,23:00:00,1.490434,0.162658,1.287103,1.653092
24/11/2024,00:00:00,1.449603,0.162522,0.759959,1.612125
24/11/2024,01:00:00,1.40989,0.162387,0.111461,1.572277
24/11/2024,02:00:00,1.371265,0.162251,0.003934,1.533516
24/11/2024,03:00:00,1.333699,0.162116,0,1.495815
24/11/2024,04:00:00,1.297161,0.161981,0,1.459142
24/11/2024,05:00:00,1.261625,0.161846,0,1.423471
24/11/2024,06:00:00,1.227062,0.161712,0,1.388774
24/11/2024,07:00:00,1.193446,0.161577,0,1.355023
24/11/2024,08:00:00,1.160751,0.161442,0,1.322193
24/11/2024,09:00:00,1.437247,0.163651,0,1.600898
24/11/2024,10:00:00,2.232316,0.169858,0,2.402174
24/11/2024,11:00:00,2.326809,0.170899,0,2.497708
24/11/2024,12:00:00,2.263065,0.170757,0,2.433822
24/11/2024,13:00:00,2.201067,0.170615,0,2.371682
24/11/2024,14:00:00,2.140768,0.170473,0,2.311241
24/11/2024,15:00:00,2.320445,0.172142,0,2.492587
24/11/2024,16:00:00,2.392648,0.173031,0,2.565679
24/11/2024,17:00:00,2.3364,0.172958,0,2.509358
24/11/2024,18:00:00,2.272393,0.172814,0,2.445207
24/11/2024,19:00:00,2.210139,0.17267,0,2.382809
24/11/2024,20:00:00,2.149591,0.172526,0,2.322117
24/11/2024,21:00:00,2.090702,0.172382,0,2.263084
24/11/2024,22:00:00,2.033427,0.172238,0,2.205665
24/11/2024,23:00:00,1.97772,0.172095,0,2.149815
25/11/2024,00:00:00,1.923539,0.171952,0,2.095491
25/11/2024,01:00:00,1.870843,0.171808,0,2.042651
25/11/2024,02:00:00,1.81959,0.171665,0,1.991255
25/11/2024,03:00:00,1.769741,0.171522,0,1.941263
25/11/2024,04:00:00,1.721258,0.171379,0,1.892637
25/11/2024,05:00:00,1.674104,0.171237,0,1.845341
25/11/2024,06:00:00,1.628241,0.171094,0,1.799335
25/11/2024,07:00:00,1.583634,0.170951,0,1.754585
25/11/2024,08:00:00,1.54025,0.170809,0,1.711059
25/11/2024,09:00:00,1.498054,0.170667,1.360774,1.668721
25/11/2024,10:00:00,1.457014,0.170525,1.487017,1.627539
25/11/2024,11:00:00,1.417098,0.170383,1.50907,1.587481
25/11/2024,12:00:00,1.378276,0.170241,1.262546,1.548517
25/11/2024,13:00:00,1.340517,0.170099,0.736237,1.510616
25/11/2024,14:00:00,1.303793,0.169957,0.852704,1.47375
25/11/2024,15:00:00,1.268075,0.169816,0.041604,1.437891
25/11/2024,16:00:00,1.233335,0.169674,0,1.403009
25/11/2024,17:00:00,1.199548,0.169533,0,1.369081
25/11/2024,18:00:00,1.166685,0.169392,0,1.336077
25/11/2024,19:00:00,1.134723,0.16925,0,1.303973
25/11/2024,20:00:00,1.103637,0.16911,0,1.272747
25/11/2024,21:00:00,1.073402,0.168969,0,1.242371
25/11/2024,22:00:00,1.043996,0.168828,0,1.212824
25/11/2024,23:00:00,1.015395,0.168687,0,1.184082
26/11/2024,00:00:00,0.987578,0.168547,0,1.156125
26/11/2024,01:00:00,1.22154,0.17039,0,1.39193
26/11/2024,02:00:00,1.474837,0.172428,0,1.647265
26/11/2024,03:00:00,1.726653,0.174506,0,1.901159
26/11/2024,04:00:00,1.924108,0.176221,0,2.100329
26/11/2024,05:00:00,2.01292,0.17715,0,2.19007
26/11/2024,06:00:00,2.122778,0.178257,0,2.301035
26/11/2024,07:00:00,2.069344,0.178144,0,2.247488
26/11/2024,08:00:00,2.012653,0.177996,0,2.190649
26/11/2024,09:00:00,1.957515,0.177848,0,2.135363
26/11/2024,10:00:00,1.903888,0.177699,0,2.081587
26/11/2024,11:00:00,1.85173,0.177551,0,2.029281
26/11/2024,12:00:00,1.801001,0.177403,0,1.978404
26/11/2024,13:00:00,1.751662,0.177256,0,1.928918
26/11/2024,14:00:00,1.703674,0.177108,0,1.880782
26/11/2024,15:00:00,1.657001,0.176961,0,1.833962
26/11/2024,16:00:00,1.611606,0.176813,0,1.788419
26/11/2024,17:00:00,1.567456,0.176666,0,1.744122
26/11/2024,18:00:00,1.524514,0.176519,0,1.701033
26/11/2024,19:00:00,1.482749,0.176372,0,1.659121
26/11/2024,20:00:00,1.442129,0.176225,0,1.618354
26/11/2024,21:00:00,1.402621,0.176078,0,1.578699
26/11/2024,22:00:00,1.364195,0.175931,0,1.540126
26/11/2024,23:00:00,1.326823,0.175785,0,1.502608
27/11/2024,00:00:00,1.290474,0.175638,0,1.466112
27/11/2024,01:00:00,1.25512,0.175492,0,1.430612
27/11/2024,02:00:00,1.220736,0.175346,0,1.396082
27/11/2024,03:00:00,1.187293,0.1752,0.095248,1.362493
27/11/2024,04:00:00,1.154766,0.175054,0.547171,1.32982
27/11/2024,05:00:00,1.123131,0.174908,1.673818,1.298039
27/11/2024,06:00:00,1.092362,0.174762,1.967907,1.267124
27/11/2024,07:00:00,1.062436,0.174617,0.400424,1.237053
27/11/2024,08:00:00,1.03333,0.174471,0.301003,1.207801
27/11/2024,09:00:00,1.005022,0.174326,0.043035,1.179348
27/11/2024,10:00:00,0.977489,0.174181,0.001431,1.15167
27/11/2024,11:00:00,0.95071,0.174036,0,1.124746
27/11/2024,12:00:00,0.924665,0.173891,0,1.098556
27/11/2024,13:00:00,0.899333,0.173746,0.038028,1.073079
27/11/2024,14:00:00,0.874695,0.173601,0.525355,1.048296
27/11/2024,15:00:00,0.850733,0.173456,2.043962,1.024189
27/11/2024,16:00:00,0.827426,0.173312,0.102639,1.000738
27/11/2024,17:00:00,0.804759,0.173168,0,0.977927
27/11/2024,18:00:00,0.782712,0.173023,0,0.955735
27/11/2024,19:00:00,0.778948,0.173014,0.085711,0.951962
27/11/2024,20:00:00,0.864678,0.173683,0.004292,1.038361
27/11/2024,21:00:00,1.171821,0.176053,0.247478,1.347874
27/11/2024,22:00:00,1.530433,0.178877,0.012517,1.70931
27/11/2024,23:00:00,1.566874,0.179324,0,1.746198
28/11/2024,00:00:00,1.582367,0.179618,0.18084,1.761985
28/11/2024,01:00:00,1.54573,0.17952,0.056744,1.72525
28/11/2024,02:00:00,1.503384,0.17937,0.002384,1.682754
28/11/2024,03:00:00,1.462198,0.179221,0.104785,1.641419
28/11/2024,04:00:00,1.422141,0.179071,0.005245,1.601212
28/11/2024,05:00:00,1.388394,0.178962,0,1.567356
28/11/2024,06:00:00,1.453,0.179593,0,1.632593
28/11/2024,07:00:00,1.820962,0.182543,0,2.003505
28/11/2024,08:00:00,1.788949,0.182527,0,1.971476
28/11/2024,09:00:00,1.73994,0.182375,0,1.922315
28/11/2024,10:00:00,1.692273,0.182223,0,1.874496
28/11/2024,11:00:00,1.659983,0.182178,0,1.842161
28/11/2024,12:00:00,1.614507,0.182026,0,1.796533
28/11/2024,13:00:00,1.616676,0.182227,0,1.798903
28/11/2024,14:00:00,1.572386,0.182076,0,1.754462
28/11/2024,15:00:00,1.52931,0.181924,0,1.711234
28/11/2024,16:00:00,1.520116,0.182021,0,1.702137
28/11/2024,17:00:00,1.486225,0.181928,0,1.668153
28/11/2024,18:00:00,1.445509,0.181777,0,1.627286
28/11/2024,19:00:00,1.423373,0.181758,0,1.605131
28/11/2024,20:00:00,1.38438,0.181607,0,1.565987
28/11/2024,21:00:00,1.346454,0.181455,0,1.527909
28/11/2024,22:00:00,1.309567,0.181304,0,1.490871
28/11/2024,23:00:00,1.273691,0.181153,0,1.454844
29/11/2024,00:00:00,1.238797,0.181002,0,1.419799
29/11/2024,01:00:00,1.20486,0.180852,0,1.385712
29/11/2024,02:00:00,1.171852,0.180701,0,1.352553
29/11/2024,03:00:00,1.139748,0.18055,0,1.320298
29/11/2024,04:00:00,1.108524,0.1804,0,1.288924
29/11/2024,05:00:00,1.078156,0.18025,0,1.258406
29/11/2024,06:00:00,1.048619,0.1801,0,1.228719
29/11/2024,07:00:00,1.019892,0.17995,0,1.199842
29/11/2024,08:00:00,0.991951,0.1798,0,1.171751
29/11/2024,09:00:00,0.964776,0.17965,0,1.144426
29/11/2024,10:00:00,0.938346,0.1795,0,1.117846
29/11/2024,11:00:00,0.912639,0.179351,0,1.09199
29/11/2024,12:00:00,0.887637,0.179201,0,1.066838
29/11/2024,13:00:00,0.86332,0.179052,0,1.042372
29/11/2024,14:00:00,0.839669,0.178903,0,1.018572
29/11/2024,15:00:00,0.816665,0.178754,0,0.995419
29/11/2024,16:00:00,0.794293,0.178605,0,0.972898
29/11/2024,17:00:00,0.772532,0.178456,0,0.950988
29/11/2024,18:00:00,0.751369,0.178308,0,0.929677
29/11/2024,19:00:00,0.730784,0.178159,0,0.908943
29/11/2024,20:00:00,0.710764,0.178011,0,0.888775
29/11/2024,21:00:00,0.691292,0.177862,0,0.869154
29/11/2024,22:00:00,0.672354,0.177714,0,0.850068
29/11/2024,23:00:00,0.653935,0.177566,0,0.831501
30/11/2024,00:00:00,0.63602,0.177418,0,0.813438
30/11/2024,01:00:00,0.618596,0.17727,0,0.795866
30/11/2024,02:00:00,0.601649,0.177123,0,0.778772
30/11/2024,03:00:00,0.585166,0.176975,0,0.762141
30/11/2024,04:00:00,0.569135,0.176828,0,0.745963
30/11/2024,05:00:00,0.553544,0.176681,0,0.730225
30/11/2024,06:00:00,0.538379,0.176533,0,0.714912
30/11/2024,07:00:00,0.52363,0.176386,0,0.700016
30/11/2024,08:00:00,0.509285,0.176239,0,0.685524
30/11/2024,09:00:00,0.495333,0.176093,0,0.671426
30/11/2024,10:00:00,0.481763,0.175946,0,0.657709
30/11/2024,11:00:00,0.468565,0.175799,0,0.644364
30/11/2024,12:00:00,0.455728,0.175653,0,0.631381
30/11/2024,13:00:00,0.443243,0.175507,0,0.61875
30/11/2024,14:00:00,0.4311,0.17536,0,0.60646
30/11/2024,15:00:00,0.41929,0.175214,0,0.594504
30/11/2024,16:00:00,0.407803,0.175068,0,0.582871
30/11/2024,17:00:00,0.396631,0.174923,0,0.571554
30/11/2024,18:00:00,0.385765,0.174777,0,0.560542
30/11/2024,19:00:00,0.375197,0.174631,0,0.549828
30/11/2024,20:00:00,0.364918,0.174486,0,0.539404
30/11/2024,21:00:00,0.354921,0.17434,0,0.529261
30/11/2024,22:00:00,0.345198,0.174195,0,0.519393
30/11/2024,23:00:00,0.335741,0.17405,0,0.509791
01/12/2024,00:00:00,0.326543,0.173905,0,0.500448
01/12/2024,01:00:00,0.317598,0.17376,0,0.491358
01/12/2024,02:00:00,0.308897,0.173616,0,0.482513
01/12/2024,03:00:00,0.300434,0.173471,0,0.473905
01/12/2024,04:00:00,0.292204,0.173326,0,0.46553
01/12/2024,05:00:00,0.284199,0.173182,0,0.457381
01/12/2024,06:00:00,0.276413,0.173038,0,0.449451
01/12/2024,07:00:00,0.268841,0.172894,0,0.441735
01/12/2024,08:00:00,0.261476,0.17275,0,0.434226
01/12/2024,09:00:00,0.254312,0.172606,0,0.426918
01/12/2024,10:00:00,0.247345,0.172462,0,0.419807
01/12/2024,11:00:00,0.240569,0.172318,0,0.412887
01/12/2024,12:00:00,0.233979,0.172175,0,0.406154
01/12/2024,13:00:00,0.227569,0.172031,0,0.3996
01/12/2024,14:00:00,0.221334,0.171888,0,0.393222
01/12/2024,15:00:00,0.215271,0.171745,0,0.387016
01/12/2024,16:00:00,0.209373,0.171602,0.15223,0.380975
01/12/2024,17:00:00,0.203637,0.171459,0.007749,0.375096
01/12/2024,18:00:00,0.198059,0.171316,0,0.369375
01/12/2024,19:00:00,0.192633,0.171173,0.066638,0.363806
01/12/2024,20:00:00,0.187355,0.171031,0.003457,0.358386
01/12/2024,21:00:00,0.182223,0.170888,0,0.353111
01/12/2024,22:00:00,0.177231,0.170746,0,0.347977
01/12/2024,23:00:00,0.172375,0.170604,0,0.342979
02/12/2024,00:00:00,0.167653,0.170462,0.114083,0.338115
02/12/2024,01:00:00,0.16306,0.17032,0.148654,0.33338
02/12/2024,02:00:00,0.158593,0.170178,0.007272,0.328771
02/12/2024,03:00:00,0.154248,0.170036,0,0.324284
02/12/2024,04:00:00,0.150022,0.169894,0.114083,0.319916
02/12/2024,05:00:00,0.145913,0.169753,0.148654,0.315666
02/12/2024,06:00:00,0.141915,0.169611,0.207067,0.311526
02/12/2024,07:00:00,0.138027,0.16947,0.010133,0.307497
02/12/2024,08:00:00,0.16271,0.169545,0,0.332255
02/12/2024,09:00:00,0.158253,0.169404,0.076175,0.327657
02/12/2024,10:00:00,0.153917,0.169263,0.498652,0.32318
02/12/2024,11:00:00,0.161202,0.169209,0.025153,0.330411
02/12/2024,12:00:00,0.156786,0.169068,0,0.325854
02/12/2024,13:00:00,0.152491,0.168928,0,0.321419
02/12/2024,14:00:00,0.148313,0.168787,0,0.3171
02/12/2024,15:00:00,0.14425,0.168646,0.171304,0.312896
02/12/2024,16:00:00,0.161684,0.168668,0.389338,0.330352
02/12/2024,17:00:00,0.185545,0.168743,0.019431,0.354288
02/12/2024,18:00:00,0.180462,0.168602,0,0.349064
02/12/2024,19:00:00,0.175518,0.168462,0,0.34398
02/12/2024,20:00:00,0.192107,0.168484,0.028491,0.360591
02/12/2024,21:00:00,0.21515,0.168559,0.55337,0.383709
02/12/2024,22:00:00,0.249339,0.168723,0.028133,0.418062
02/12/2024,23:00:00,0.243015,0.168587,0,0.411602
03/12/2024,00:00:00,0.236357,0.168446,0.237823,0.404803
03/12/2024,01:00:00,0.243648,0.168411,0.516415,0.412059
03/12/2024,02:00:00,0.335752,0.169021,0.063777,0.504773
03/12/2024,03:00:00,0.330083,0.168907,0.001907,0.49899
03/12/2024,04:00:00,0.32104,0.168767,0,0.489807
03/12/2024,05:00:00,0.312245,0.168626,0,0.480871
03/12/2024,06:00:00,0.303691,0.168485,0,0.472176
03/12/2024,07:00:00,0.328311,0.168596,0,0.496907
03/12/2024,08:00:00,0.396203,0.16904,0,0.565243
03/12/2024,09:00:00,0.38771,0.168917,0,0.556627
03/12/2024,10:00:00,0.377089,0.168776,0,0.545865
03/12/2024,11:00:00,0.366758,0.168635,0,0.535393
03/12/2024,12:00:00,0.360921,0.168527,0,0.529448
03/12/2024,13:00:00,0.461077,0.169223,0.513911,0.6303
03/12/2024,14:00:00,0.452569,0.169113,0.026107,0.621682
03/12/2024,15:00:00,0.440171,0.168973,0,0.609144
03/12/2024,16:00:00,0.474593,0.169185,0,0.643778
03/12/2024,17:00:00,0.5644,0.169826,0,0.734226
03/12/2024,18:00:00,0.560324,0.169771,0,0.730095
03/12/2024,19:00:00,0.544974,0.169629,0,0.714603
03/12/2024,20:00:00,0.530044,0.169488,0,0.699532
03/12/2024,21:00:00,0.515523,0.169347,0,0.68487
03/12/2024,22:00:00,0.5014,0.169206,0,0.670606
03/12/2024,23:00:00,0.487664,0.169065,0,0.656729
04/12/2024,00:00:00,0.474304,0.168924,0,0.643228
04/12/2024,01:00:00,0.46131,0.168783,0,0.630093
04/12/2024,02:00:00,0.448673,0.168643,0,0.617316
04/12/2024,03:00:00,0.436381,0.168502,0.038028,0.604883
04/12/2024,04:00:00,0.424426,0.168362,0.002027,0.592788
04/12/2024,05:00:00,0.515437,0.169002,0,0.684439
04/12/2024,06:00:00,0.505355,0.168892,0.038028,0.674247
04/12/2024,07:00:00,0.49151,0.168751,0.001907,0.660261
04/12/2024,08:00:00,0.478045,0.168611,0,0.646656
04/12/2024,09:00:00,0.464949,0.16847,0,0.633419
04/12/2024,10:00:00,0.452211,0.16833,0,0.620541
04/12/2024,11:00:00,0.439823,0.168189,0,0.608012
04/12/2024,12:00:00,0.427773,0.168049,0,0.595822
04/12/2024,13:00:00,0.416054,0.167909,0,0.583963
04/12/2024,14:00:00,0.404656,0.16777,0,0.572426
04/12/2024,15:00:00,0.393571,0.16763,0,0.561201
04/12/2024,16:00:00,0.382788,0.16749,0,0.550278
04/12/2024,17:00:00,0.372302,0.167351,0,0.539653
04/12/2024,18:00:00,0.362102,0.167211,0,0.529313
04/12/2024,19:00:00,0.358978,0.167124,0,0.526102
04/12/2024,20:00:00,0.349144,0.166984,0,0.516128
04/12/2024,21:00:00,0.339579,0.166845,0,0.506424
04/12/2024,22:00:00,0.337204,0.166759,0,0.503963
04/12/2024,23:00:00,0.327967,0.16662,0,0.494587
05/12/2024,00:00:00,0.318982,0.166481,0,0.485463
05/12/2024,01:00:00,0.310243,0.166343,0,0.476586
05/12/2024,02:00:00,0.301744,0.166204,0,0.467948
05/12/2024,03:00:00,0.293477,0.166066,0,0.459543
05/12/2024,04:00:00,0.285437,0.165927,0,0.451364
05/12/2024,05:00:00,0.277618,0.165789,0,0.443407
05/12/2024,06:00:00,0.270012,0.165651,0,0.435663
05/12/2024,07:00:00,0.262615,0.165513,0.02861,0.428128
05/12/2024,08:00:00,0.255421,0.165375,0.848293,0.420796
05/12/2024,09:00:00,0.248423,0.165237,1.832128,0.41366
05/12/2024,10:00:00,0.241618,0.1651,0.918865,0.406718
05/12/2024,11:00:00,0.234998,0.164962,0.356197,0.39996
05/12/2024,12:00:00,0.22856,0.164825,0.149131,0.393385
05/12/2024,13:00:00,0.222299,0.164687,0.187635,0.386986
05/12/2024,14:00:00,0.216209,0.16455,0.009179,0.380759
05/12/2024,15:00:00,0.210286,0.164413,0,0.374699
05/12/2024,16:00:00,0.204525,0.164276,0.199795,0.368801
05/12/2024,17:00:00,0.198922,0.164139,0.162482,0.363061
05/12/2024,18:00:00,0.193472,0.164003,0.283718,0.357475
05/12/2024,19:00:00,0.188172,0.163866,2.135992,0.352038
05/12/2024,20:00:00,0.183017,0.16373,2.001643,0.346747
05/12/2024,21:00:00,0.178003,0.163593,2.69413,0.341596
05/12/2024,22:00:00,0.173127,0.163457,2.292275,0.336584
05/12/2024,23:00:00,0.173188,0.163357,2.393723,0.336545
06/12/2024,00:00:00,0.339137,0.164519,0.60153,0.503656
06/12/2024,01:00:00,0.700747,0.167201,0.310183,0.867948
06/12/2024,02:00:00,0.86742,0.168475,0.014544,1.035895
06/12/2024,03:00:00,0.914829,0.168875,0.123739,1.083704
06/12/2024,04:00:00,0.918597,0.168954,0.006199,1.087551
06/12/2024,05:00:00,0.929979,0.169091,0,1.09907
06/12/2024,06:00:00,0.904511,0.16895,0,1.073461
06/12/2024,07:00:00,0.879732,0.168809,0,1.048541
06/12/2024,08:00:00,0.894304,0.168963,0,1.063267
06/12/2024,09:00:00,0.900715,0.169057,0,1.069772
06/12/2024,10:00:00,0.931637,0.169339,0,1.100976
06/12/2024,11:00:00,1.341573,0.172508,0,1.514081
06/12/2024,12:00:00,1.714494,0.175478,0,1.889972
06/12/2024,13:00:00,2.222677,0.179552,0,2.402229
06/12/2024,14:00:00,2.63622,0.183009,0,2.819229
06/12/2024,15:00:00,3.062031,0.186642,0,3.248673
06/12/2024,16:00:00,3.101317,0.187423,0,3.28874
06/12/2024,17:00:00,3.07845,0.187739,0,3.266189
06/12/2024,18:00:00,2.994122,0.187583,0,3.181705
06/12/2024,19:00:00,2.935133,0.187601,0,3.122734
06/12/2024,20:00:00,2.854723,0.187445,0,3.042168
06/12/2024,21:00:00,2.776516,0.187289,0,2.963805
06/12/2024,22:00:00,2.700452,0.187133,0,2.887585
06/12/2024,23:00:00,2.626472,0.186977,0,2.813449
07/12/2024,00:00:00,2.554518,0.186821,0.523448,2.741339
07/12/2024,01:00:00,2.484536,0.186666,0.026584,2.671202
07/12/2024,02:00:00,2.416471,0.18651,0,2.602981
07/12/2024,03:00:00,2.35027,0.186355,0.551939,2.536625
07/12/2024,04:00:00,2.285883,0.1862,0.351548,2.472083
07/12/2024,05:00:00,2.223261,0.186045,0.558972,2.409306
07/12/2024,06:00:00,2.162353,0.18589,0.027537,2.348243
07/12/2024,07:00:00,2.103114,0.185735,0,2.288849
07/12/2024,08:00:00,2.045498,0.18558,0,2.231078
07/12/2024,09:00:00,1.989461,0.185425,0.02861,2.174886
07/12/2024,10:00:00,1.934959,0.185271,0.001431,2.12023
07/12/2024,11:00:00,1.88195,0.185117,0.418663,2.067067
07/12/2024,12:00:00,1.830392,0.184962,0.059366,2.015354
07/12/2024,13:00:00,1.780248,0.184808,1.819491,1.965056
07/12/2024,14:00:00,1.731477,0.184654,2.052665,1.916131
07/12/2024,15:00:00,1.684042,0.184501,0.823021,1.868543
07/12/2024,16:00:00,1.746496,0.185172,0.350833,1.931668
07/12/2024,17:00:00,1.702787,0.18505,0.282407,1.887837
07/12/2024,18:00:00,1.656138,0.184895,0.59402,1.841033
07/12/2024,19:00:00,1.725628,0.185614,1.076221,1.911242
07/12/2024,20:00:00,1.751145,0.186013,1.100063,1.937158
07/12/2024,21:00:00,1.819816,0.186745,0.16737,2.006561
07/12/2024,22:00:00,1.774529,0.186624,0.605345,1.961153
07/12/2024,23:00:00,1.725915,0.186469,1.476884,1.912384
08/12/2024,00:00:00,1.678633,0.186313,0.273466,1.864946
08/12/2024,01:00:00,1.637541,0.186195,0.010133,1.823736
08/12/2024,02:00:00,1.59268,0.18604,0,1.77872
08/12/2024,03:00:00,1.636464,0.18655,0.656605,1.823014
08/12/2024,04:00:00,1.603178,0.186482,1.137257,1.78966
08/12/2024,05:00:00,1.943729,0.189249,0.379682,2.132978
08/12/2024,06:00:00,2.326297,0.192404,0.130653,2.518701
08/12/2024,07:00:00,2.437335,0.193573,0.005841,2.630908
08/12/2024,08:00:00,2.444696,0.193975,0,2.638671
08/12/2024,09:00:00,2.437321,0.194266,0,2.631587
08/12/2024,10:00:00,2.496955,0.195065,0,2.69202
08/12/2024,11:00:00,2.658663,0.196652,0,2.855315
08/12/2024,12:00:00,2.821641,0.198281,0.028491,3.019922
08/12/2024,13:00:00,2.779762,0.198385,0.00155,2.978147
08/12/2024,14:00:00,2.833446,0.199207,0,3.032653
08/12/2024,15:00:00,3.074245,0.201461,0,3.275706
08/12/2024,16:00:00,3.048679,0.201739,0,3.250418
08/12/2024,17:00:00,2.966866,0.201584,0,3.16845
08/12/2024,18:00:00,2.885587,0.201416,0,3.087003
08/12/2024,19:00:00,2.948309,0.202326,0,3.150635
08/12/2024,20:00:00,3.113941,0.204031,0,3.317972
08/12/2024,21:00:00,3.110777,0.204485,0,3.315262
08/12/2024,22:00:00,3.05359,0.204528,0,3.258118
08/12/2024,23:00:00,2.970835,0.204364,0,3.175199
09/12/2024,00:00:00,2.889448,0.204194,0.028491,3.093642
09/12/2024,01:00:00,2.81029,0.204024,0.001431,3.014314
09/12/2024,02:00:00,2.7333,0.203854,0,2.937154
09/12/2024,03:00:00,2.65842,0.203684,0,2.862104
09/12/2024,04:00:00,2.591548,0.20356,0.057101,2.795108
09/12/2024,05:00:00,2.520636,0.203391,0.107646,2.724027
09/12/2024,06:00:00,2.451581,0.203222,0.005245,2.654803
09/12/2024,07:00:00,2.384419,0.203052,0,2.587471
09/12/2024,08:00:00,2.319097,0.202883,0,2.52198
09/12/2024,09:00:00,2.255564,0.202714,0,2.458278
09/12/2024,10:00:00,2.193771,0.202545,0,2.396316
09/12/2024,11:00:00,2.133672,0.202377,0,2.336049
09/12/2024,12:00:00,2.075219,0.202208,0,2.277427
09/12/2024,13:00:00,2.018367,0.20204,0,2.220407
09/12/2024,14:00:00,1.963073,0.201871,0,2.164944
09/12/2024,15:00:00,1.909294,0.201703,0,2.110997
09/12/2024,16:00:00,1.863197,0.201582,0.123739,2.064779
09/12/2024,17:00:00,1.812464,0.201417,0.158548,2.013881
09/12/2024,18:00:00,1.762811,0.201249,0.074387,1.96406
09/12/2024,19:00:00,1.714517,0.201081,0.003338,1.915598
09/12/2024,20:00:00,1.679954,0.201008,0,1.880962
09/12/2024,21:00:00,1.657323,0.201018,0,1.858341
09/12/2024,22:00:00,1.613055,0.20086,0,1.813915
09/12/2024,23:00:00,1.568865,0.200692,0,1.769557
10/12/2024,00:00:00,1.525885,0.200525,0,1.72641
10/12/2024,01:00:00,1.484083,0.200358,0,1.684441
10/12/2024,02:00:00,1.443425,0.200191,0,1.643616
10/12/2024,03:00:00,1.403882,0.200025,0,1.603907
10/12/2024,04:00:00,1.365422,0.199858,0,1.56528
10/12/2024,05:00:00,1.328016,0.199691,0,1.527707
10/12/2024,06:00:00,1.291634,0.199525,0,1.491159
10/12/2024,07:00:00,1.256249,0.199359,0,1.455608
10/12/2024,08:00:00,1.248702,0.199397,0,1.448099
10/12/2024,09:00:00,1.248953,0.199493,0,1.448446
10/12/2024,10:00:00,1.230865,0.199449,0,1.430314
10/12/2024,11:00:00,1.197812,0.199288,0,1.3971
10/12/2024,12:00:00,1.164997,0.199122,0,1.364119
10/12/2024,13:00:00,1.133081,0.198956,0,1.332037
10/12/2024,14:00:00,1.10204,0.198791,0,1.300831
10/12/2024,15:00:00,1.071849,0.198625,0,1.270474
10/12/2024,16:00:00,1.042485,0.19846,0,1.240945
10/12/2024,17:00:00,1.013926,0.198294,0,1.21222
10/12/2024,18:00:00,0.986149,0.198129,0,1.184278
10/12/2024,19:00:00,0.959133,0.197964,0,1.157097
10/12/2024,20:00:00,0.932857,0.197799,0,1.130656
10/12/2024,21:00:00,0.907301,0.197634,0,1.104935
10/12/2024,22:00:00,0.882445,0.19747,0,1.079915
10/12/2024,23:00:00,0.85827,0.197305,0,1.055575
11/12/2024,00:00:00,0.834757,0.197141,0,1.031898
11/12/2024,01:00:00,0.811888,0.196977,0,1.008865
11/12/2024,02:00:00,0.789646,0.196813,0,0.986459
11/12/2024,03:00:00,0.768013,0.196649,0,0.964662
11/12/2024,04:00:00,0.746973,0.196485,0,0.943458
11/12/2024,05:00:00,0.72651,0.196321,0,0.922831
11/12/2024,06:00:00,0.706606,0.196158,0,0.902764
11/12/2024,07:00:00,0.687249,0.195994,0,0.883243
11/12/2024,08:00:00,0.668421,0.195831,0,0.864252
11/12/2024,09:00:00,0.650109,0.195668,0,0.845777
11/12/2024,10:00:00,0.632299,0.195505,0,0.827804
11/12/2024,11:00:00,0.614977,0.195342,0,0.810319
11/12/2024,12:00:00,0.598129,0.195179,0,0.793308
11/12/2024,13:00:00,0.581743,0.195017,0,0.77676
11/12/2024,14:00:00,0.565806,0.194854,0,0.76066
11/12/2024,15:00:00,0.550306,0.194692,0,0.744998
11/12/2024,16:00:00,0.53523,0.19453,0,0.72976
11/12/2024,17:00:00,0.520567,0.194368,0,0.714935
11/12/2024,18:00:00,0.506306,0.194206,0,0.700512
11/12/2024,19:00:00,0.492435,0.194044,0,0.686479
11/12/2024,20:00:00,0.478945,0.193882,0,0.672827
11/12/2024,21:00:00,0.465824,0.193721,0,0.659545
11/12/2024,22:00:00,0.453062,0.19356,0,0.646622
11/12/2024,23:00:00,0.44065,0.193398,0,0.634048
12/12/2024,00:00:00,0.428578,0.193237,0,0.621815
12/12/2024,01:00:00,0.416837,0.193076,0,0.609913
12/12/2024,02:00:00,0.405418,0.192915,0,0.598333
12/12/2024,03:00:00,0.394311,0.192755,0,0.587066
12/12/2024,04:00:00,0.383509,0.192594,0,0.576103
12/12/2024,05:00:00,0.373002,0.192434,0,0.565436
12/12/2024,06:00:00,0.362784,0.192274,0,0.555058
12/12/2024,07:00:00,0.352845,0.192113,0,0.544958
12/12/2024,08:00:00,0.343179,0.191953,0,0.535132
12/12/2024,09:00:00,0.333777,0.191793,0,0.52557
12/12/2024,10:00:00,0.324633,0.191634,0,0.516267
12/12/2024,11:00:00,0.31574,0.191474,0,0.507214
12/12/2024,12:00:00,0.30709,0.191315,0,0.498405
12/12/2024,13:00:00,0.298677,0.191155,0,0.489832
12/12/2024,14:00:00,0.290495,0.190996,0,0.481491
12/12/2024,15:00:00,0.282536,0.190837,0,0.473373
12/12/2024,16:00:00,0.274796,0.190678,0,0.465474
12/12/2024,17:00:00,0.267268,0.190519,0,0.457787
12/12/2024,18:00:00,0.259946,0.19036,0,0.450306
12/12/2024,19:00:00,0.252825,0.190202,0,0.443027
12/12/2024,20:00:00,0.245898,0.190043,0,0.435941
12/12/2024,21:00:00,0.239162,0.189885,0,0.429047
12/12/2024,22:00:00,0.23261,0.189727,0,0.422337
12/12/2024,23:00:00,0.226237,0.189569,0,0.415806
13/12/2024,00:00:00,0.22004,0.189411,0,0.409451
13/12/2024,01:00:00,0.214011,0.189253,0,0.403264
13/12/2024,02:00:00,0.208148,0.189096,0,0.397244
13/12/2024,03:00:00,0.202446,0.188938,0,0.391384
13/12/2024,04:00:00,0.1969,0.188781,0,0.385681
13/12/2024,05:00:00,0.191506,0.188623,0,0.380129
13/12/2024,06:00:00,0.186259,0.188466,0,0.374725
13/12/2024,07:00:00,0.181157,0.188309,0,0.369466
13/12/2024,08:00:00,0.176194,0.188152,0,0.364346
13/12/2024,09:00:00,0.171367,0.187996,0,0.359363
13/12/2024,10:00:00,0.166672,0.187839,0,0.354511
13/12/2024,11:00:00,0.162106,0.187683,0,0.349789
13/12/2024,12:00:00,0.157665,0.187526,0,0.345191
13/12/2024,13:00:00,0.153346,0.18737,0,0.340716
13/12/2024,14:00:00,0.149145,0.187214,0,0.336359
13/12/2024,15:00:00,0.145059,0.187058,0,0.332117
13/12/2024,16:00:00,0.141085,0.186902,0,0.327987
13/12/2024,17:00:00,0.13722,0.186747,0,0.323967
13/12/2024,18:00:00,0.133461,0.186591,0,0.320052
13/12/2024,19:00:00,0.129804,0.186436,0,0.31624
13/12/2024,20:00:00,0.126248,0.18628,0,0.312528
13/12/2024,21:00:00,0.12279,0.186125,0,0.308915
13/12/2024,22:00:00,0.119426,0.18597,0,0.305396
13/12/2024,23:00:00,0.116154,0.185815,0,0.301969
14/12/2024,00:00:00,0.112972,0.18566,0,0.298632
14/12/2024,01:00:00,0.109877,0.185506,0,0.295383
14/12/2024,02:00:00,0.106867,0.185351,0,0.292218
14/12/2024,03:00:00,0.103939,0.185197,0,0.289136
14/12/2024,04:00:00,0.101092,0.185043,0,0.286135
14/12/2024,05:00:00,0.098322,0.184888,0.02861,0.28321
14/12/2024,06:00:00,0.095629,0.184734,0.001431,0.280363
14/12/2024,07:00:00,0.093009,0.18458,0,0.277589
14/12/2024,08:00:00,0.090461,0.184427,0.104666,0.274888
14/12/2024,09:00:00,0.087983,0.184273,0.100493,0.272256
14/12/2024,10:00:00,0.085572,0.18412,0.004768,0.269692
14/12/2024,11:00:00,0.083228,0.183966,0,0.267194
14/12/2024,12:00:00,0.080948,0.183813,0.038147,0.264761
14/12/2024,13:00:00,0.07873,0.18366,0.001907,0.26239
14/12/2024,14:00:00,0.076574,0.183507,0.199795,0.260081
14/12/2024,15:00:00,0.074476,0.183354,0.086308,0.25783
14/12/2024,16:00:00,0.072435,0.183201,0.175118,0.255636
14/12/2024,17:00:00,0.070451,0.183049,1.398087,0.2535
14/12/2024,18:00:00,0.068521,0.182896,1.678824,0.251417
14/12/2024,19:00:00,0.066644,0.182744,0.234127,0.249388
14/12/2024,20:00:00,0.064818,0.182592,0.007749,0.24741
14/12/2024,21:00:00,0.069158,0.182486,0,0.251644
14/12/2024,22:00:00,0.06746,0.182336,0,0.249796
14/12/2024,23:00:00,0.065612,0.182184,0.095129,0.247796
15/12/2024,00:00:00,0.08646,0.182204,0.052452,0.268664
15/12/2024,01:00:00,0.10581,0.182217,0.030994,0.288027
15/12/2024,02:00:00,0.103773,0.182072,0.077486,0.285845
15/12/2024,03:00:00,0.10093,0.18192,0.032425,0.28285
15/12/2024,04:00:00,0.106228,0.18183,0.00155,0.288058
15/12/2024,05:00:00,0.103491,0.18168,0,0.285171
15/12/2024,06:00:00,0.143947,0.181858,0,0.325805
15/12/2024,07:00:00,0.158534,0.181847,0,0.340381
15/12/2024,08:00:00,0.19209,0.181984,0,0.374074
15/12/2024,09:00:00,0.491958,0.184152,0,0.67611
15/12/2024,10:00:00,0.846201,0.186793,0,1.032994
15/12/2024,11:00:00,0.874086,0.187026,0,1.061112
15/12/2024,12:00:00,0.851461,0.18688,0,1.038341
15/12/2024,13:00:00,0.828134,0.186725,0.066519,1.014859
15/12/2024,14:00:00,0.805447,0.186569,0.003457,0.992016
15/12/2024,15:00:00,0.803856,0.186569,0,0.990425
15/12/2024,16:00:00,0.792919,0.186498,0,0.979417
15/12/2024,17:00:00,0.777585,0.186391,0,0.963976
15/12/2024,18:00:00,0.772938,0.186363,0,0.959301
15/12/2024,19:00:00,0.75851,0.186259,0,0.944769
15/12/2024,20:00:00,0.73773,0.186104,0,0.923834
15/12/2024,21:00:00,0.71752,0.185949,0,0.903469
15/12/2024,22:00:00,0.697863,0.185794,0,0.883657
15/12/2024,23:00:00,0.678744,0.185639,0,0.864383
16/12/2024,00:00:00,0.66015,0.185484,0,0.845634
16/12/2024,01:00:00,0.642065,0.18533,0,0.827395
16/12/2024,02:00:00,0.624475,0.185175,0,0.80965
16/12/2024,03:00:00,0.607367,0.185021,0,0.792388
16/12/2024,04:00:00,0.590728,0.184867,0,0.775595
16/12/2024,05:00:00,0.588996,0.184823,0,0.773819
16/12/2024,06:00:00,0.573429,0.184673,0,0.758102
16/12/2024,07:00:00,0.55772,0.184519,0.104666,0.742239
16/12/2024,08:00:00,0.542441,0.184366,0.071883,0.726807
16/12/2024,09:00:00,0.52758,0.184212,0.003457,0.711792
16/12/2024,10:00:00,0.513127,0.184059,0,0.697186
16/12/2024,11:00:00,0.49907,0.183905,0,0.682975
16/12/2024,12:00:00,0.485397,0.183752,0,0.669149
16/12/2024,13:00:00,0.4721,0.183599,0,0.655699
16/12/2024,14:00:00,0.459166,0.183446,0,0.642612
16/12/2024,15:00:00,0.446587,0.183293,0,0.62988
16/12/2024,16:00:00,0.434353,0.183141,0,0.617494
16/12/2024,17:00:00,0.422453,0.182988,0,0.605441
16/12/2024,18:00:00,0.41088,0.182836,0,0.593716
16/12/2024,19:00:00,0.399624,0.182683,0,0.582307
16/12/2024,20:00:00,0.388676,0.182531,0,0.571207
16/12/2024,21:00:00,0.378028,0.182379,0,0.560407
16/12/2024,22:00:00,0.367672,0.182227,0,0.549899
16/12/2024,23:00:00,0.380311,0.182248,0,0.562559
17/12/2024,00:00:00,0.385367,0.182214,0,0.567581
17/12/2024,01:00:00,0.375165,0.182065,0,0.55723
17/12/2024,02:00:00,0.364887,0.181913,0,0.5468
17/12/2024,03:00:00,0.354891,0.181762,0,0.536653
17/12/2024,04:00:00,0.345168,0.18161,0,0.526778
17/12/2024,05:00:00,0.335712,0.181459,0,0.517171
17/12/2024,06:00:00,0.326515,0.181308,0,0.507823
17/12/2024,07:00:00,0.31757,0.181157,0,0.498727
17/12/2024,08:00:00,0.30887,0.181006,0,0.489876
17/12/2024,09:00:00,0.300408,0.180855,0,0.481263
17/12/2024,10:00:00,0.292179,0.180705,0,0.472884
17/12/2024,11:00:00,0.284174,0.180554,0,0.464728
17/12/2024,12:00:00,0.276389,0.180404,0,0.456793
17/12/2024,13:00:00,0.268817,0.180253,0,0.44907
17/12/2024,14:00:00,0.261453,0.180103,0,0.441556
17/12/2024,15:00:00,0.25429,0.179953,0,0.434243
17/12/2024,16:00:00,0.247324,0.179803,0,0.427127
17/12/2024,17:00:00,0.240548,0.179653,0,0.420201
17/12/2024,18:00:00,0.233958,0.179504,0,0.413462
17/12/2024,19:00:00,0.227549,0.179354,0,0.406903
17/12/2024,20:00:00,0.221315,0.179205,0,0.40052
17/12/2024,21:00:00,0.215252,0.179056,0,0.394308
17/12/2024,22:00:00,0.209355,0.178906,0,0.388261
17/12/2024,23:00:00,0.20362,0.178757,0,0.382377
18/12/2024,00:00:00,0.198041,0.178609,0,0.37665
18/12/2024,01:00:00,0.192616,0.17846,0,0.371076
18/12/2024,02:00:00,0.187339,0.178311,0,0.36565
18/12/2024,03:00:00,0.182207,0.178163,0,0.36037
18/12/2024,04:00:00,0.177215,0.178014,0,0.355229
18/12/2024,05:00:00,0.17236,0.177866,0,0.350226
18/12/2024,06:00:00,0.167638,0.177718,0,0.345356
18/12/2024,07:00:00,0.163046,0.17757,0,0.340616
18/12/2024,08:00:00,0.158579,0.177422,0,0.336001
18/12/2024,09:00:00,0.154235,0.177274,0,0.331509
18/12/2024,10:00:00,0.150009,0.177126,0,0.327135
18/12/2024,11:00:00,0.1459,0.176979,0,0.322879
18/12/2024,12:00:00,0.141903,0.176831,0,0.318734
18/12/2024,13:00:00,0.138015,0.176684,0,0.314699
18/12/2024,14:00:00,0.134234,0.176537,0,0.310771
18/12/2024,15:00:00,0.130557,0.17639,0,0.306947
18/12/2024,16:00:00,0.12698,0.176243,0,0.303223
18/12/2024,17:00:00,0.123502,0.176096,0,0.299598
18/12/2024,18:00:00,0.120118,0.175949,0,0.296067
18/12/2024,19:00:00,0.116827,0.175803,0,0.29263
18/12/2024,20:00:00,0.113627,0.175656,0,0.289283
18/12/2024,21:00:00,0.110514,0.17551,0,0.286024
18/12/2024,22:00:00,0.107486,0.175364,0.085592,0.28285
18/12/2024,23:00:00,0.104542,0.175218,0.042439,0.27976
19/12/2024,00:00:00,0.101678,0.175072,0.886917,0.27675
19/12/2024,01:00:00,0.098892,0.174926,0.454187,0.273818
19/12/2024,02:00:00,0.096183,0.17478,0.020862,0.270963
19/12/2024,03:00:00,0.093548,0.174635,0,0.268183
19/12/2024,04:00:00,0.090985,0.174489,0,0.265474
19/12/2024,05:00:00,0.088493,0.174344,0,0.262837
19/12/2024,06:00:00,0.086068,0.174199,0,0.260267
19/12/2024,07:00:00,0.083711,0.174054,0.12362,0.257765
19/12/2024,08:00:00,0.081417,0.173909,0.177622,0.255326
19/12/2024,09:00:00,0.079187,0.173764,0.475049,0.252951
19/12/2024,10:00:00,0.077017,0.173619,0.975251,0.250636
19/12/2024,11:00:00,0.074907,0.173474,1.72317,0.248381
19/12/2024,12:00:00,0.072855,0.17333,1.132011,0.246185
19/12/2024,13:00:00,0.070859,0.173185,1.042843,0.244044
19/12/2024,14:00:00,0.087562,0.173183,2.086759,0.260745
19/12/2024,15:00:00,0.094428,0.173109,0.103593,0.267537
19/12/2024,16:00:00,0.286882,0.174447,0,0.461329
19/12/2024,17:00:00,0.378984,0.175062,0,0.554046
19/12/2024,18:00:00,0.373041,0.17495,0,0.547991
19/12/2024,19:00:00,0.362821,0.174804,1.284719,0.537625
19/12/2024,20:00:00,0.352881,0.174659,0.721931,0.52754
19/12/2024,21:00:00,0.343214,0.174513,0.261784,0.517727
19/12/2024,22:00:00,0.333811,0.174368,0.163913,0.508179
19/12/2024,23:00:00,0.351483,0.174426,1.273274,0.525909
20/12/2024,00:00:00,0.380499,0.174575,0.064492,0.555074
20/12/2024,01:00:00,0.474309,0.175222,0.875354,0.649531
20/12/2024,02:00:00,0.676222,0.176709,0.092149,0.852931
20/12/2024,03:00:00,1.038949,0.17946,0.002384,1.218409
20/12/2024,04:00:00,1.261413,0.181218,0,1.442631
20/12/2024,05:00:00,1.458469,0.182828,0,1.641297
20/12/2024,06:00:00,1.884285,0.186216,0,2.070501
20/12/2024,07:00:00,1.854952,0.18623,0,2.041182
20/12/2024,08:00:00,1.804134,0.186075,0,1.990209
20/12/2024,09:00:00,1.754709,0.18592,0,1.940629
20/12/2024,10:00:00,1.706638,0.185765,0,1.892403
20/12/2024,11:00:00,1.947072,0.187794,0,2.134866
20/12/2024,12:00:00,2.054898,0.188862,0,2.24376
20/12/2024,13:00:00,2.056244,0.189143,0,2.245387
20/12/2024,14:00:00,2.035455,0.189256,0,2.224711
20/12/2024,15:00:00,2.265593,0.191271,0,2.456864
20/12/2024,16:00:00,2.216632,0.191212,0,2.407844
20/12/2024,17:00:00,2.352542,0.192547,0.076175,2.545089
20/12/2024,18:00:00,2.307604,0.192535,0.003934,2.500139
20/12/2024,19:00:00,2.244386,0.192375,0,2.436761
20/12/2024,20:00:00,2.1829,0.192214,0,2.375114
20/12/2024,21:00:00,2.123098,0.192054,0.161767,2.315152
20/12/2024,22:00:00,2.064935,0.191894,0.008225,2.256829
20/12/2024,23:00:00,2.008365,0.191735,0.066519,2.2001
21/12/2024,00:00:00,1.953344,0.191575,0.041485,2.144919
21/12/2024,01:00:00,1.899832,0.191415,0.392079,2.091247
21/12/2024,02:00:00,1.847785,0.191256,0.086427,2.039041
21/12/2024,03:00:00,1.797164,0.191096,0.003457,1.98826
21/12/2024,04:00:00,1.747929,0.190937,0,1.938866
21/12/2024,05:00:00,1.700044,0.190778,0,1.890822
21/12/2024,06:00:00,1.65347,0.190619,0,1.844089
21/12/2024,07:00:00,1.608173,0.190461,0,1.798634
21/12/2024,08:00:00,1.564116,0.190302,0,1.754418
21/12/2024,09:00:00,1.537902,0.19027,0,1.728172
21/12/2024,10:00:00,1.496096,0.190114,0,1.68621
21/12/2024,11:00:00,1.455109,0.189955,0,1.645064
21/12/2024,12:00:00,1.415246,0.189797,0.15223,1.605043
21/12/2024,13:00:00,1.412712,0.189915,0.759482,1.602627
21/12/2024,14:00:00,1.375523,0.189768,0.770926,1.565291
21/12/2024,15:00:00,1.352629,0.189722,0.446558,1.542351
21/12/2024,16:00:00,1.324682,0.189633,0.487089,1.514315
21/12/2024,17:00:00,1.376975,0.190149,0.623226,1.567124
21/12/2024,18:00:00,1.358556,0.190137,0.553846,1.548693
21/12/2024,19:00:00,1.321788,0.189982,1.063824,1.51177
21/12/2024,20:00:00,1.285577,0.189824,0.05281,1.475401
21/12/2024,21:00:00,1.250358,0.189666,0,1.440024
21/12/2024,22:00:00,1.216104,0.189508,0,1.405612
21/12/2024,23:00:00,1.182788,0.18935,0,1.372138
22/12/2024,00:00:00,1.150385,0.189192,0,1.339577
22/12/2024,01:00:00,1.118869,0.189035,0.076175,1.307904
22/12/2024,02:00:00,1.088217,0.188877,0.003815,1.277094
22/12/2024,03:00:00,1.058405,0.18872,0,1.247125
22/12/2024,04:00:00,1.063525,0.188822,0.818372,1.252347
22/12/2024,05:00:00,1.206413,0.189972,0.165343,1.396385
22/12/2024,06:00:00,1.348271,0.191144,3.822088,1.539415
22/12/2024,07:00:00,1.412557,0.191754,1.278996,1.604311
22/12/2024,08:00:00,1.484433,0.192435,0.121832,1.676868
22/12/2024,09:00:00,1.585531,0.193352,0.203252,1.778883
22/12/2024,10:00:00,1.668179,0.194149,0.133872,1.862328
22/12/2024,11:00:00,1.865523,0.195835,0.006199,2.061358
22/12/2024,12:00:00,1.825995,0.19576,0,2.021755
22/12/2024,13:00:00,1.775971,0.195597,0,1.971568
22/12/2024,14:00:00,1.727317,0.195434,0,1.922751
22/12/2024,15:00:00,1.679996,0.195271,0,1.875267
22/12/2024,16:00:00,1.633972,0.195109,0,1.829081
22/12/2024,17:00:00,1.605996,0.195074,0,1.80107
22/12/2024,18:00:00,1.562158,0.194912,0.114202,1.75707
22/12/2024,19:00:00,1.519362,0.19475,0.053406,1.714112
22/12/2024,20:00:00,1.664645,0.196009,0.078559,1.860654
22/12/2024,21:00:00,1.656092,0.196127,3.125072,1.852219
22/12/2024,22:00:00,2.491401,0.202658,7.533431,2.694059
22/12/2024,23:00:00,2.718727,0.204736,0.632286,2.923463
23/12/2024,00:00:00,2.6714,0.204772,1.697421,2.876172
23/12/2024,01:00:00,2.644225,0.204951,0.380635,2.849176
23/12/2024,02:00:00,2.601624,0.205007,0.01502,2.806631
23/12/2024,03:00:00,2.530468,0.204837,0.437737,2.735305
23/12/2024,04:00:00,2.461145,0.204667,0.022292,2.665812
23/12/2024,05:00:00,2.393721,0.204496,0.504375,2.598217
23/12/2024,06:00:00,2.328143,0.204326,0.149369,2.532469
23/12/2024,07:00:00,2.264363,0.204156,0.006199,2.468519
23/12/2024,08:00:00,2.202329,0.203985,0,2.406314
23/12/2024,09:00:00,2.141995,0.203816,0.02861,2.345811
23/12/2024,10:00:00,2.108041,0.203834,0.001431,2.311875
23/12/2024,11:00:00,2.060817,0.203744,0,2.264561
23/12/2024,12:00:00,2.020671,0.203698,0,2.224369
23/12/2024,13:00:00,2.692461,0.209056,0,2.901517
23/12/2024,14:00:00,4.394527,0.22238,0,4.616907
23/12/2024,15:00:00,4.422436,0.223322,0,4.645758
23/12/2024,16:00:00,4.704123,0.226198,0.057101,4.930321
23/12/2024,17:00:00,4.664184,0.226686,0.002861,4.89087
23/12/2024,18:00:00,4.537978,0.226509,0.675678,4.764487
23/12/2024,19:00:00,4.516503,0.227102,0.034332,4.743605
23/12/2024,20:00:00,4.396271,0.22694,2.35045,4.623211
23/12/2024,21:00:00,4.39493,0.227656,0.157595,4.622586
23/12/2024,22:00:00,4.308694,0.227726,0.002027,4.53642
23/12/2024,23:00:00,4.190655,0.227536,0,4.418191
24/12/2024,00:00:00,4.07585,0.227347,0,4.303197
24/12/2024,01:00:00,3.96967,0.227199,0,4.196869
24/12/2024,02:00:00,3.860919,0.22701,0,4.087929
24/12/2024,03:00:00,3.755147,0.226821,0,3.981968
24/12/2024,04:00:00,3.652273,0.226632,0,3.878905
24/12/2024,05:00:00,3.552217,0.226443,0,3.77866
24/12/2024,06:00:00,3.454902,0.226254,0.028491,3.681156
24/12/2024,07:00:00,3.360253,0.226066,0.144243,3.586319
24/12/2024,08:00:00,3.281183,0.225976,0.007272,3.507159
24/12/2024,09:00:00,3.191378,0.225789,0.028491,3.417167
24/12/2024,10:00:00,3.265567,0.226829,0.363111,3.492396
24/12/2024,11:00:00,3.18394,0.2267,0.446558,3.41064
24/12/2024,12:00:00,3.662281,0.23081,0.240684,3.893091
24/12/2024,13:00:00,3.599782,0.230905,0.249028,3.830687
24/12/2024,14:00:00,3.50149,0.230715,0.183344,3.732205
24/12/2024,15:00:00,3.405566,0.230523,0.037313,3.636089
24/12/2024,16:00:00,3.312268,0.230331,0.039458,3.542599
24/12/2024,17:00:00,3.221526,0.230139,0.125647,3.451665
24/12/2024,18:00:00,3.133271,0.229948,0.072956,3.363219
24/12/2024,19:00:00,3.047434,0.229756,0.060439,3.27719
24/12/2024,20:00:00,2.963948,0.229565,0.00298,3.193513
24/12/2024,21:00:00,2.882749,0.229373,0,3.112122
24/12/2024,22:00:00,2.810667,0.229235,0.057101,3.039902
24/12/2024,23:00:00,2.768488,0.229309,0.031352,2.997797
25/12/2024,00:00:00,2.694399,0.229131,0.030041,2.92353
25/12/2024,01:00:00,2.62748,0.228992,0.068069,2.856472
25/12/2024,02:00:00,2.643226,0.229469,0.031948,2.872695
25/12/2024,03:00:00,2.678826,0.230098,0.058532,2.908924
25/12/2024,04:00:00,2.663683,0.23035,0.002861,2.894033
25/12/2024,05:00:00,2.651012,0.230616,0.02861,2.881628
25/12/2024,06:00:00,2.622814,0.230762,0.001431,2.853576
25/12/2024,07:00:00,2.559991,0.230638,0,2.790629
25/12/2024,08:00:00,2.499435,0.230519,0,2.729954
25/12/2024,09:00:00,2.461414,0.230558,0,2.691972
25/12/2024,10:00:00,2.411657,0.230501,0,2.642158
25/12/2024,11:00:00,2.360253,0.23042,0,2.590673
25/12/2024,12:00:00,2.296298,0.230233,0,2.526531
25/12/2024,13:00:00,2.233389,0.230042,0,2.463431
25/12/2024,14:00:00,2.186049,0.229955,0,2.416004
25/12/2024,15:00:00,2.133789,0.229822,0,2.363611
25/12/2024,16:00:00,2.082609,0.229686,0,2.312295
25/12/2024,17:00:00,2.042064,0.22962,0,2.271684
25/12/2024,18:00:00,1.993868,0.229487,0,2.223355
25/12/2024,19:00:00,1.953449,0.229404,0,2.182853
25/12/2024,20:00:00,1.900638,0.229218,0,2.129856
25/12/2024,21:00:00,1.855495,0.22908,0,2.084575
25/12/2024,22:00:00,1.805015,0.228892,0,2.033907
25/12/2024,23:00:00,1.755566,0.228701,0,1.984267
26/12/2024,00:00:00,1.707471,0.228511,0,1.935982
26/12/2024,01:00:00,1.660694,0.22832,0,1.889014
26/12/2024,02:00:00,1.615199,0.22813,0,1.843329
26/12/2024,03:00:00,1.57095,0.22794,0,1.79889
26/12/2024,04:00:00,1.527912,0.22775,0,1.755662
26/12/2024,05:00:00,1.486055,0.227561,0,1.713616
26/12/2024,06:00:00,1.445343,0.227371,0,1.672714
26/12/2024,07:00:00,1.405747,0.227182,0,1.632929
26/12/2024,08:00:00,1.367236,0.226992,0,1.594228
26/12/2024,09:00:00,1.32978,0.226803,0.028491,1.556583
26/12/2024,10:00:00,1.29335,0.226614,0.00155,1.519964
26/12/2024,11:00:00,1.257918,0.226426,0,1.484344
26/12/2024,12:00:00,1.223457,0.226237,0,1.449694
26/12/2024,13:00:00,1.189939,0.226049,0,1.415988
26/12/2024,14:00:00,1.157341,0.22586,0,1.383201
26/12/2024,15:00:00,1.125635,0.225672,0,1.351307
26/12/2024,16:00:00,1.094797,0.225484,0,1.320281
26/12/2024,17:00:00,1.064805,0.225296,0,1.290101
26/12/2024,18:00:00,1.035634,0.225109,0,1.260743
26/12/2024,19:00:00,1.007262,0.224921,0,1.232183
26/12/2024,20:00:00,0.979668,0.224734,0,1.204402
26/12/2024,21:00:00,0.952829,0.224547,0,1.177376
26/12/2024,22:00:00,0.926726,0.22436,0,1.151086
26/12/2024,23:00:00,0.901338,0.224173,0,1.125511
27/12/2024,00:00:00,0.876645,0.223986,0,1.100631
27/12/2024,01:00:00,0.859556,0.223852,0,1.083408
27/12/2024,02:00:00,0.83636,0.223668,0,1.060028
27/12/2024,03:00:00,0.813448,0.223482,0,1.03693
27/12/2024,04:00:00,0.791163,0.223296,0,1.014459
27/12/2024,05:00:00,0.769489,0.22311,0,0.992599
27/12/2024,06:00:00,0.748408,0.222924,0,0.971332
27/12/2024,07:00:00,0.727905,0.222738,0,0.950643
27/12/2024,08:00:00,0.707964,0.222553,0,0.930517
27/12/2024,09:00:00,0.688569,0.222367,0,0.910936
27/12/2024,10:00:00,0.669705,0.222182,0,0.891887
27/12/2024,11:00:00,0.651358,0.221997,0,0.873355
27/12/2024,12:00:00,0.633514,0.221812,0,0.855326
27/12/2024,13:00:00,0.616158,0.221627,0,0.837785
27/12/2024,14:00:00,0.599278,0.221443,0,0.820721
27/12/2024,15:00:00,0.582861,0.221258,0,0.804119
27/12/2024,16:00:00,0.566893,0.221074,0,0.787967
27/12/2024,17:00:00,0.551363,0.22089,0,0.772253
27/12/2024,18:00:00,0.536258,0.220706,0,0.756964
27/12/2024,19:00:00,0.521567,0.220522,0,0.742089
27/12/2024,20:00:00,0.507278,0.220338,0,0.727616
27/12/2024,21:00:00,0.493381,0.220155,0,0.713536
27/12/2024,22:00:00,0.479865,0.219971,0,0.699836
27/12/2024,23:00:00,0.466718,0.219788,0,0.686506
28/12/2024,00:00:00,0.453932,0.219605,0,0.673537
28/12/2024,01:00:00,0.441497,0.219422,0,0.660919
28/12/2024,02:00:00,0.429402,0.219239,0,0.648641
28/12/2024,03:00:00,0.417638,0.219057,0,0.636695
28/12/2024,04:00:00,0.406197,0.218874,0,0.625071
28/12/2024,05:00:00,0.395069,0.218692,0,0.613761
28/12/2024,06:00:00,0.384246,0.21851,0,0.602756
28/12/2024,07:00:00,0.373719,0.218328,0,0.592047
28/12/2024,08:00:00,0.363481,0.218146,0,0.581627
28/12/2024,09:00:00,0.353523,0.217964,0,0.571487
28/12/2024,10:00:00,0.343838,0.217783,0,0.561621
28/12/2024,11:00:00,0.334418,0.217601,0,0.552019
28/12/2024,12:00:00,0.325257,0.21742,0,0.542677
28/12/2024,13:00:00,0.316346,0.217239,0,0.533585
28/12/2024,14:00:00,0.30768,0.217058,0,0.524738
28/12/2024,15:00:00,0.299251,0.216877,0,0.516128
28/12/2024,16:00:00,0.291053,0.216696,0,0.507749
28/12/2024,17:00:00,0.283079,0.216516,0,0.499595
28/12/2024,18:00:00,0.275324,0.216336,0,0.49166
28/12/2024,19:00:00,0.267781,0.216155,0,0.483936
28/12/2024,20:00:00,0.260445,0.215975,0,0.47642
28/12/2024,21:00:00,0.25331,0.215795,0,0.469105
28/12/2024,22:00:00,0.246371,0.215616,0,0.461987
28/12/2024,23:00:00,0.239621,0.215436,0,0.455057
29/12/2024,00:00:00,0.233057,0.215257,0,0.448314
29/12/2024,01:00:00,0.226672,0.215077,0,0.441749
29/12/2024,02:00:00,0.220462,0.214898,0,0.43536
29/12/2024,03:00:00,0.214422,0.214719,0,0.429141
29/12/2024,04:00:00,0.208548,0.21454,0,0.423088
29/12/2024,05:00:00,0.202835,0.214362,0,0.417197
29/12/2024,06:00:00,0.197278,0.214183,0,0.411461
29/12/2024,07:00:00,0.191874,0.214005,0.028491,0.405879
29/12/2024,08:00:00,0.186617,0.213826,0.001431,0.400443
29/12/2024,09:00:00,0.181505,0.213648,0,0.395153
29/12/2024,10:00:00,0.176532,0.21347,0,0.390002
29/12/2024,11:00:00,0.171696,0.213292,0,0.384988
29/12/2024,12:00:00,0.166992,0.213115,0.02861,0.380107
29/12/2024,13:00:00,0.162418,0.212937,0.001431,0.375355
29/12/2024,14:00:00,0.157968,0.21276,0,0.370728
29/12/2024,15:00:00,0.15364,0.212583,0,0.366223
29/12/2024,16:00:00,0.149431,0.212406,0,0.361837
29/12/2024,17:00:00,0.145338,0.212229,0,0.357567
29/12/2024,18:00:00,0.141356,0.212052,0,0.353408
29/12/2024,19:00:00,0.137484,0.211875,0,0.349359
29/12/2024,20:00:00,0.133717,0.211699,0,0.345416
29/12/2024,21:00:00,0.130054,0.211522,0,0.341576
29/12/2024,22:00:00,0.126491,0.211346,0,0.337837
29/12/2024,23:00:00,0.129953,0.211223,0,0.341176
30/12/2024,00:00:00,0.126745,0.21105,0,0.337795
30/12/2024,01:00:00,0.123273,0.210874,0,0.334147
30/12/2024,02:00:00,0.119896,0.210698,0,0.330594
30/12/2024,03:00:00,0.116611,0.210523,0,0.327134
30/12/2024,04:00:00,0.120344,0.2104,0.028491,0.330744
30/12/2024,05:00:00,0.1174,0.210227,0.00155,0.327627
30/12/2024,06:00:00,0.114184,0.210052,0,0.324236
30/12/2024,07:00:00,0.111056,0.209877,0,0.320933
30/12/2024,08:00:00,0.108013,0.209702,0,0.317715
30/12/2024,09:00:00,0.105054,0.209528,0,0.314582
30/12/2024,10:00:00,0.102176,0.209353,0,0.311529
30/12/2024,11:00:00,0.099377,0.209179,0,0.308556
30/12/2024,12:00:00,0.096655,0.209005,0,0.30566
30/12/2024,13:00:00,0.094007,0.20883,0,0.302837
30/12/2024,14:00:00,0.091431,0.208656,0,0.300087
30/12/2024,15:00:00,0.088926,0.208483,0,0.297409
30/12/2024,16:00:00,0.08649,0.208309,0,0.294799
30/12/2024,17:00:00,0.084121,0.208135,0,0.292256
30/12/2024,18:00:00,0.081816,0.207962,0,0.289778
30/12/2024,19:00:00,0.079575,0.207789,0,0.287364
30/12/2024,20:00:00,0.084304,0.207668,0,0.291972
30/12/2024,21:00:00,0.082324,0.207498,0,0.289822
30/12/2024,22:00:00,0.080069,0.207325,0,0.287394
30/12/2024,23:00:00,0.077876,0.207152,0,0.285028
31/12/2024,00:00:00,0.075742,0.20698,0,0.282722
31/12/2024,01:00:00,0.073667,0.206807,0,0.280474
31/12/2024,02:00:00,0.071649,0.206635,0,0.278284
31/12/2024,03:00:00,0.069686,0.206463,0,0.276149
31/12/2024,04:00:00,0.067777,0.206291,0,0.274068
31/12/2024,05:00:00,0.06592,0.206119,0,0.272039
31/12/2024,06:00:00,0.064114,0.205947,0,0.270061
31/12/2024,07:00:00,0.062358,0.205776,0,0.268134
31/12/2024,08:00:00,0.06065,0.205604,0,0.266254
31/12/2024,09:00:00,0.058988,0.205433,0,0.264421
31/12/2024,10:00:00,0.057372,0.205262,0,0.262634
31/12/2024,11:00:00,0.0558,0.205091,0,0.260891
31/12/2024,12:00:00,0.054272,0.20492,0,0.259192
31/12/2024,13:00:00,0.052785,0.20475,0,0.257535
31/12/2024,14:00:00,0.051339,0.204579,0,0.255918
31/12/2024,15:00:00,0.049932,0.204409,0,0.254341
31/12/2024,16:00:00,0.048564,0.204238,0,0.252802
31/12/2024,17:00:00,0.047234,0.204068,0,0.251302
31/12/2024,18:00:00,0.04594,0.203898,0,0.249838
31/12/2024,19:00:00,0.044681,0.203728,0,0.248409
31/12/2024,20:00:00,0.043457,0.203559,0,0.247016
31/12/2024,21:00:00,0.042267,0.203389,0,0.245656
31/12/2024,22:00:00,0.041109,0.20322,0,0.244329
31/12/2024,23:00:00,0.039983,0.20305,0,0.243033
01/01/2025,00:00:00,0.038887,0.202881,0,0.241768
01/01/2025,01:00:00,0.037822,0.202712,0,0.240534
01/01/2025,02:00:00,0.036786,0.202543,0,0.239329
01/01/2025,03:00:00,0.035778,0.202375,0,0.238153
01/01/2025,04:00:00,0.034798,0.202206,0,0.237004
01/01/2025,05:00:00,0.033845,0.202038,0,0.235883
01/01/2025,06:00:00,0.032917,0.201869,0,0.234786
01/01/2025,07:00:00,0.032016,0.201701,0,0.233717
01/01/2025,08:00:00,0.031139,0.201533,0,0.232672
01/01/2025,09:00:00,0.030285,0.201365,0,0.23165
01/01/2025,10:00:00,0.029456,0.201198,0,0.230654
01/01/2025,11:00:00,0.028649,0.20103,0,0.229679
01/01/2025,12:00:00,0.027864,0.200863,0,0.228727
01/01/2025,13:00:00,0.027101,0.200695,0,0.227796
01/01/2025,14:00:00,0.026358,0.200528,0,0.226886
01/01/2025,15:00:00,0.025636,0.200361,0,0.225997
01/01/2025,16:00:00,0.024934,0.200194,0,0.225128
01/01/2025,17:00:00,0.024251,0.200027,0.73266,0.224278
01/01/2025,18:00:00,0.023586,0.199861,2.064109,0.223447
01/01/2025,19:00:00,0.02294,0.199694,1.89209,0.222634
01/01/2025,20:00:00,0.022312,0.199528,1.718283,0.22184
01/01/2025,21:00:00,0.0217,0.199362,1.472116,0.221062
01/01/2025,22:00:00,0.021106,0.199196,1.174569,0.220302
01/01/2025,23:00:00,0.020528,0.19903,0.531912,0.219558
02/01/2025,00:00:00,0.019965,0.198864,0.347733,0.218829
02/01/2025,01:00:00,0.019418,0.198698,1.377225,0.218116
02/01/2025,02:00:00,0.018886,0.198533,0.640154,0.217419
02/01/2025,03:00:00,0.018369,0.198367,0.247955,0.216736
02/01/2025,04:00:00,0.017866,0.198202,0.011206,0.216068
02/01/2025,05:00:00,0.017376,0.198037,0,0.215413
02/01/2025,06:00:00,0.0169,0.197872,0,0.214772
02/01/2025,07:00:00,0.016437,0.197707,0,0.214144
02/01/2025,08:00:00,0.015987,0.197543,0,0.21353
02/01/2025,09:00:00,0.190432,0.198707,0,0.389139
02/01/2025,10:00:00,0.684515,0.202337,0,0.886852
02/01/2025,11:00:00,1.125114,0.20566,0,1.330774
02/01/2025,12:00:00,1.512748,0.20867,0,1.721418
02/01/2025,13:00:00,1.830611,0.211227,0.228286,2.041838
02/01/2025,14:00:00,2.067351,0.213232,0.021219,2.280583
02/01/2025,15:00:00,2.139326,0.214032,0.000477,2.353358
02/01/2025,16:00:00,2.163901,0.214486,0.171304,2.378387
02/01/2025,17:00:00,2.443069,0.21688,0.008702,2.659949
02/01/2025,18:00:00,2.532328,0.217887,0,2.750215
02/01/2025,19:00:00,2.521825,0.218153,0,2.739978
02/01/2025,20:00:00,2.452797,0.217972,0,2.670769
02/01/2025,21:00:00,2.385602,0.21779,0.361562,2.603392
02/01/2025,22:00:00,2.320247,0.217609,0.113606,2.537856
02/01/2025,23:00:00,2.256682,0.217427,0.052333,2.474109
03/01/2025,00:00:00,2.19486,0.217246,0.28789,2.412106
03/01/2025,01:00:00,2.13473,0.217065,0.14782,2.351795
03/01/2025,02:00:00,2.076248,0.216885,0.006795,2.293133
03/01/2025,03:00:00,2.019368,0.216704,0,2.236072
03/01/2025,04:00:00,1.964046,0.216523,0,2.180569
03/01/2025,05:00:00,1.964604,0.216756,0.047565,2.18136
03/01/2025,06:00:00,1.91367,0.216598,0.002384,2.130268
03/01/2025,07:00:00,1.861244,0.216417,0,2.077661
03/01/2025,08:00:00,1.850544,0.216543,0,2.067087
03/01/2025,09:00:00,1.799848,0.216363,0,2.016211
03/01/2025,10:00:00,1.75054,0.216183,0,1.966723
03/01/2025,11:00:00,1.702583,0.216003,0,1.918586
03/01/2025,12:00:00,1.65594,0.215823,0,1.871763
03/01/2025,13:00:00,1.698398,0.21631,0,1.914708
03/01/2025,14:00:00,1.678035,0.216329,0,1.894364
03/01/2025,15:00:00,1.643049,0.216232,0,1.859281
03/01/2025,16:00:00,1.667701,0.216582,0.637531,1.884283
03/01/2025,17:00:00,1.656842,0.216666,0.651002,1.873508
03/01/2025,18:00:00,1.611452,0.216486,0.58341,1.827938
03/01/2025,19:00:00,1.567305,0.216305,0.028014,1.78361
03/01/2025,20:00:00,1.524368,0.216125,0.18084,1.740493
03/01/2025,21:00:00,1.49267,0.216022,0.009179,1.708692
03/01/2025,22:00:00,1.451778,0.215842,0,1.66762
03/01/2025,23:00:00,1.412006,0.215662,0,1.627668
04/01/2025,00:00:00,1.373323,0.215482,0,1.588805
04/01/2025,01:00:00,1.3357,0.215303,0,1.551003
04/01/2025,02:00:00,1.299108,0.215123,0,1.514231
04/01/2025,03:00:00,1.263518,0.214944,0,1.478462
04/01/2025,04:00:00,1.228903,0.214765,0,1.443668
04/01/2025,05:00:00,1.195237,0.214586,0,1.409823
04/01/2025,06:00:00,1.162493,0.214408,0,1.376901
04/01/2025,07:00:00,1.130646,0.214229,0,1.344875
04/01/2025,08:00:00,1.257322,0.215249,0,1.472571
04/01/2025,09:00:00,1.384134,0.216295,0,1.600429
04/01/2025,10:00:00,1.490835,0.217215,0,1.70805
04/01/2025,11:00:00,1.45588,0.217078,0,1.672958
04/01/2025,12:00:00,1.460128,0.217233,0,1.677361
04/01/2025,13:00:00,1.421385,0.217062,0,1.638447
04/01/2025,14:00:00,1.382446,0.216881,0,1.599327
04/01/2025,15:00:00,1.344573,0.2167,0,1.561273
04/01/2025,16:00:00,1.307738,0.21652,0,1.524258
04/01/2025,17:00:00,1.271911,0.216339,0,1.48825
04/01/2025,18:00:00,1.237067,0.216159,0,1.453226
04/01/2025,19:00:00,1.203177,0.215979,0,1.419156
04/01/2025,20:00:00,1.170215,0.215799,0,1.386014
04/01/2025,21:00:00,1.138156,0.215619,0,1.353775
04/01/2025,22:00:00,1.106976,0.21544,0,1.322416
04/01/2025,23:00:00,1.07665,0.21526,0,1.29191
05/01/2025,00:00:00,1.047154,0.215081,0,1.262235
05/01/2025,01:00:00,1.018467,0.214902,0,1.233369
05/01/2025,02:00:00,0.990566,0.214723,0.494838,1.205289
05/01/2025,03:00:00,0.963428,0.214544,0.577092,1.177972
05/01/2025,04:00:00,0.937035,0.214365,0.579953,1.1514
05/01/2025,05:00:00,0.911364,0.214187,0.437379,1.125551
05/01/2025,06:00:00,0.886397,0.214008,0.296712,1.100405
05/01/2025,07:00:00,0.862114,0.21383,1.155972,1.075944
05/01/2025,08:00:00,0.838496,0.213652,1.247525,1.052148
05/01/2025,09:00:00,0.815525,0.213474,1.602054,1.028999
05/01/2025,10:00:00,0.793183,0.213296,2.742887,1.006479
05/01/2025,11:00:00,0.771453,0.213118,2.029181,0.984571
05/01/2025,12:00:00,0.750319,0.212941,1.723647,0.96326
05/01/2025,13:00:00,0.729764,0.212763,0.796437,0.942527
05/01/2025,14:00:00,0.709771,0.212586,0.102997,0.922357
05/01/2025,15:00:00,0.690327,0.212409,0.003338,0.902736
05/01/2025,16:00:00,0.671415,0.212232,0.085711,0.883647
05/01/2025,17:00:00,0.653021,0.212055,1.403093,0.865076
05/01/2025,18:00:00,0.758749,0.212819,1.117945,0.971568
05/01/2025,19:00:00,0.882247,0.213738,0.443459,1.095985
05/01/2025,20:00:00,1.003177,0.214663,0.067353,1.21784
05/01/2025,21:00:00,1.085019,0.215315,0.078559,1.300334
05/01/2025,22:00:00,1.129313,0.215698,0.822186,1.345011
05/01/2025,23:00:00,1.388645,0.217725,0.222564,1.60637
06/01/2025,00:00:00,1.664633,0.219931,0.009179,1.884564
06/01/2025,01:00:00,2.023608,0.222823,0,2.246431
06/01/2025,02:00:00,2.664457,0.22793,0,2.892387
06/01/2025,03:00:00,3.108807,0.231673,0,3.34048
06/01/2025,04:00:00,3.464516,0.234831,0,3.699347
06/01/2025,05:00:00,3.573186,0.236183,0,3.809369
06/01/2025,06:00:00,3.500501,0.236178,0,3.736679
06/01/2025,07:00:00,3.404603,0.235981,0,3.640584
06/01/2025,08:00:00,3.331914,0.235941,0.028491,3.567855
06/01/2025,09:00:00,3.600777,0.238482,0.001431,3.839259
06/01/2025,10:00:00,3.789399,0.240467,0,4.029866
06/01/2025,11:00:00,3.798629,0.241126,0.076175,4.039755
06/01/2025,12:00:00,3.710201,0.241044,0.508189,3.951245
06/01/2025,13:00:00,3.626987,0.240984,0.02563,3.867971
06/01/2025,14:00:00,3.73878,0.242388,0,3.981168
06/01/2025,15:00:00,3.691988,0.242609,0,3.934597
06/01/2025,16:00:00,3.591102,0.242409,0,3.833511
06/01/2025,17:00:00,3.492722,0.242207,0,3.734929
06/01/2025,18:00:00,3.397037,0.242005,0,3.639042
06/01/2025,19:00:00,3.303973,0.241803,0,3.545776
06/01/2025,20:00:00,3.213459,0.241602,0,3.455061
06/01/2025,21:00:00,3.125425,0.241401,0.142813,3.366826
06/01/2025,22:00:00,3.039802,0.2412,0.007272,3.281002
06/01/2025,23:00:00,2.956525,0.240999,0,3.197524
07/01/2025,00:00:00,2.880987,0.24084,0,3.121827
07/01/2025,01:00:00,2.802061,0.240639,0,3.0427
07/01/2025,02:00:00,2.725297,0.240438,0,2.965735
07/01/2025,03:00:00,2.668509,0.240374,0,2.908883
07/01/2025,04:00:00,2.725521,0.241163,0,2.966684
07/01/2025,05:00:00,2.655681,0.240999,0,2.89668
07/01/2025,06:00:00,2.582928,0.240798,0,2.823726
07/01/2025,07:00:00,2.512167,0.240597,0.114202,2.752764
07/01/2025,08:00:00,2.443345,0.240397,0.138998,2.683742
07/01/2025,09:00:00,2.376408,0.240197,0.006795,2.616605
07/01/2025,10:00:00,2.311305,0.239997,0,2.551302
07/01/2025,11:00:00,2.247986,0.239797,0,2.487783
07/01/2025,12:00:00,2.186401,0.239597,0,2.425998
07/01/2025,13:00:00,2.161927,0.239667,0,2.401594
07/01/2025,14:00:00,2.102946,0.239469,0.15223,2.342415
07/01/2025,15:00:00,2.045335,0.239269,0.007749,2.284604
07/01/2025,16:00:00,1.989302,0.23907,0,2.228372
07/01/2025,17:00:00,1.934804,0.238871,0,2.173675
07/01/2025,18:00:00,1.881799,0.238672,0,2.120471
07/01/2025,19:00:00,1.830246,0.238473,0,2.068719
07/01/2025,20:00:00,1.780106,0.238275,0,2.018381
07/01/2025,21:00:00,1.731339,0.238076,0,1.969415
07/01/2025,22:00:00,1.683908,0.237878,0,1.921786
07/01/2025,23:00:00,1.66584,0.237893,0,1.903733
08/01/2025,00:00:00,1.654731,0.237957,0,1.892688
08/01/2025,01:00:00,1.609552,0.23776,0,1.847312
08/01/2025,02:00:00,1.565458,0.237562,0,1.80302
08/01/2025,03:00:00,1.522571,0.237364,0,1.759935
08/01/2025,04:00:00,1.48086,0.237167,0,1.718027
08/01/2025,05:00:00,1.440291,0.236969,0,1.67726
08/01/2025,06:00:00,1.438804,0.23706,0,1.675864
08/01/2025,07:00:00,1.399793,0.236866,0,1.636659
08/01/2025,08:00:00,1.361445,0.236669,0,1.598114
08/01/2025,09:00:00,1.324147,0.236471,0,1.560618
08/01/2025,10:00:00,1.287871,0.236274,0,1.524145
08/01/2025,11:00:00,1.252589,0.236078,0,1.488667
08/01/2025,12:00:00,1.218274,0.235881,0,1.454155
08/01/2025,13:00:00,1.184899,0.235684,0,1.420583
08/01/2025,14:00:00,1.152438,0.235488,0,1.387926
08/01/2025,15:00:00,1.120866,0.235292,0,1.356158
08/01/2025,16:00:00,1.09016,0.235096,0,1.325256
08/01/2025,17:00:00,1.060294,0.2349,0,1.295194
08/01/2025,18:00:00,1.031247,0.234705,0.18084,1.265952
08/01/2025,19:00:00,1.002995,0.234509,1.702905,1.237504
08/01/2025,20:00:00,0.975518,0.234314,1.865625,1.209832
08/01/2025,21:00:00,0.948793,0.234118,0.528336,1.182911
08/01/2025,22:00:00,0.9228,0.233923,0.022292,1.156723
08/01/2025,23:00:00,0.89752,0.233729,0,1.131249
09/01/2025,00:00:00,0.872932,0.233534,0,1.106466
09/01/2025,01:00:00,0.849017,0.233339,0,1.082356
09/01/2025,02:00:00,0.825758,0.233145,0,1.058903
09/01/2025,03:00:00,0.803136,0.232951,0,1.036087
09/01/2025,04:00:00,0.781133,0.232757,0,1.01389
09/01/2025,05:00:00,0.759734,0.232563,0.171304,0.992297
09/01/2025,06:00:00,0.738921,0.232369,1.455069,0.97129
09/01/2025,07:00:00,0.718678,0.232176,1.796007,0.950854
09/01/2025,08:00:00,0.698989,0.231982,1.362681,0.930971
09/01/2025,09:00:00,0.67984,0.231789,0.531197,0.911629
09/01/2025,10:00:00,0.707094,0.231945,0.023723,0.939039
09/01/2025,11:00:00,1.130114,0.235114,0,1.365228
09/01/2025,12:00:00,1.585702,0.238617,2.302766,1.824319
09/01/2025,13:00:00,1.679634,0.239462,0.193357,1.919096
09/01/2025,14:00:00,1.638446,0.2393,0.003934,1.877746
09/01/2025,15:00:00,1.59356,0.2391,0,1.83266
09/01/2025,16:00:00,1.549903,0.238901,0,1.788804
09/01/2025,17:00:00,1.507443,0.238702,0,1.746145
09/01/2025,18:00:00,1.466146,0.238503,0,1.704649
09/01/2025,19:00:00,1.42598,0.238305,0,1.664285
09/01/2025,20:00:00,1.386914,0.238106,0,1.62502
09/01/2025,21:00:00,1.392428,0.238238,0,1.630666
09/01/2025,22:00:00,1.734926,0.240933,0,1.975859
09/01/2025,23:00:00,2.159038,0.244318,0,2.403356
10/01/2025,00:00:00,2.458467,0.24684,0,2.705307
10/01/2025,01:00:00,2.530067,0.247691,1.31309,2.777758
10/01/2025,02:00:00,2.465243,0.247518,1.24681,2.712761
10/01/2025,03:00:00,2.397706,0.247312,0.202775,2.645018
10/01/2025,04:00:00,2.941694,0.251741,0.007272,3.193435
10/01/2025,05:00:00,2.91054,0.251907,0,3.162447
10/01/2025,06:00:00,2.830805,0.251697,0,3.082502
10/01/2025,07:00:00,2.753253,0.251487,0,3.00474
10/01/2025,08:00:00,2.677826,0.251278,0,2.929104
10/01/2025,09:00:00,2.604466,0.251068,0,2.855534
10/01/2025,10:00:00,2.533115,0.250859,0,2.783974
10/01/2025,11:00:00,2.463719,0.25065,0,2.714369
10/01/2025,12:00:00,2.396224,0.250442,0,2.646666
10/01/2025,13:00:00,2.330578,0.250233,0,2.580811
10/01/2025,14:00:00,2.266731,0.250024,0,2.516755
10/01/2025,15:00:00,2.204633,0.249816,0,2.454449
10/01/2025,16:00:00,2.144236,0.249608,0,2.393844
10/01/2025,17:00:00,2.432838,0.252041,0,2.684879
10/01/2025,18:00:00,2.696789,0.254344,0,2.951133
10/01/2025,19:00:00,2.674652,0.254525,0,2.929177
10/01/2025,20:00:00,2.601379,0.254313,0,2.855692
10/01/2025,21:00:00,2.530113,0.254101,0,2.784214
10/01/2025,22:00:00,2.460799,0.25389,0,2.714689
10/01/2025,23:00:00,2.393384,0.253678,0,2.647062
11/01/2025,00:00:00,2.327816,0.253467,0,2.581283
11/01/2025,01:00:00,2.264044,0.253256,0,2.5173
11/01/2025,02:00:00,2.202019,0.253045,0,2.455064
11/01/2025,03:00:00,2.141694,0.252834,0,2.394528
11/01/2025,04:00:00,2.083021,0.252623,0,2.335644
11/01/2025,05:00:00,2.025956,0.252413,0,2.278369
11/01/2025,06:00:00,1.970454,0.252203,0,2.222657
11/01/2025,07:00:00,1.916472,0.251992,0,2.168464
11/01/2025,08:00:00,1.863969,0.251783,0,2.115752
11/01/2025,09:00:00,1.812905,0.251573,0,2.064478
11/01/2025,10:00:00,1.76324,0.251363,0,2.014603
11/01/2025,11:00:00,1.714935,0.251154,0,1.966089
11/01/2025,12:00:00,1.667953,0.250945,0,1.918898
11/01/2025,13:00:00,1.622259,0.250736,0,1.872995
11/01/2025,14:00:00,1.577816,0.250527,0,1.828343
11/01/2025,15:00:00,1.534591,0.250318,0,1.784909
11/01/2025,16:00:00,1.49255,0.25011,0,1.74266
11/01/2025,17:00:00,1.451661,0.249901,0,1.701562
11/01/2025,18:00:00,1.411892,0.249693,0,1.661585
11/01/2025,19:00:00,1.373212,0.249485,0.066638,1.622697
11/01/2025,20:00:00,1.335592,0.249277,0.003338,1.584869
11/01/2025,21:00:00,1.299003,0.24907,0,1.548073
11/01/2025,22:00:00,1.263416,0.248862,0,1.512278
11/01/2025,23:00:00,1.228804,0.248655,0,1.477459
12/01/2025,00:00:00,1.195141,0.248448,0,1.443589
12/01/2025,01:00:00,1.162399,0.248241,0,1.41064
12/01/2025,02:00:00,1.130555,0.248034,0,1.378589
12/01/2025,03:00:00,1.099582,0.247827,0,1.347409
12/01/2025,04:00:00,1.069459,0.247621,0,1.31708
12/01/2025,05:00:00,1.04016,0.247415,0,1.287575
12/01/2025,06:00:00,1.011665,0.247209,0,1.258874
12/01/2025,07:00:00,0.98395,0.247003,0,1.230953
12/01/2025,08:00:00,0.956994,0.246797,0,1.203791
12/01/2025,09:00:00,0.930776,0.246591,0.047565,1.177367
12/01/2025,10:00:00,0.905277,0.246386,0.040531,1.151663
12/01/2025,11:00:00,0.898198,0.246315,0.001907,1.144513
12/01/2025,12:00:00,0.874418,0.246117,0,1.120535
12/01/2025,13:00:00,0.850463,0.245912,0,1.096375
12/01/2025,14:00:00,0.827164,0.245707,0,1.072871
12/01/2025,15:00:00,0.804504,0.245502,0,1.050006
12/01/2025,16:00:00,0.782464,0.245298,0,1.027762
12/01/2025,17:00:00,0.761028,0.245093,0,1.006121
12/01/2025,18:00:00,0.740179,0.244889,0,0.985068
12/01/2025,19:00:00,0.719902,0.244685,0,0.964587
12/01/2025,20:00:00,0.70018,0.244481,0,0.944661
12/01/2025,21:00:00,0.680998,0.244278,0,0.925276
12/01/2025,22:00:00,0.662341,0.244074,0,0.906415
12/01/2025,23:00:00,0.644196,0.243871,0,0.888067
13/01/2025,00:00:00,0.626548,0.243668,0,0.870216
13/01/2025,01:00:00,0.6208,0.243551,0,0.864351
13/01/2025,02:00:00,0.613174,0.24342,0,0.856594
13/01/2025,03:00:00,0.596376,0.243217,0,0.839593
13/01/2025,04:00:00,0.580038,0.243015,0,0.823053
13/01/2025,05:00:00,0.564147,0.242812,0,0.806959
13/01/2025,06:00:00,0.548692,0.24261,0,0.791302
13/01/2025,07:00:00,0.53366,0.242408,0,0.776068
13/01/2025,08:00:00,0.519041,0.242206,0,0.761247
13/01/2025,09:00:00,0.504821,0.242004,0,0.746825
13/01/2025,10:00:00,0.490991,0.241803,0,0.732794
13/01/2025,11:00:00,0.47754,0.241601,0,0.719141
13/01/2025,12:00:00,0.464458,0.2414,0,0.705858
13/01/2025,13:00:00,0.451734,0.241199,0,0.692933
13/01/2025,14:00:00,0.439358,0.240998,0,0.680356
13/01/2025,15:00:00,0.427322,0.240797,0,0.668119
13/01/2025,16:00:00,0.415615,0.240597,0,0.656212
13/01/2025,17:00:00,0.404229,0.240396,0,0.644625
13/01/2025,18:00:00,0.393155,0.240196,0,0.633351
13/01/2025,19:00:00,0.382384,0.239996,0,0.62238
13/01/2025,20:00:00,0.371909,0.239796,0,0.611705
13/01/2025,21:00:00,0.36172,0.239596,0,0.601316
13/01/2025,22:00:00,0.351811,0.239397,0,0.591208
13/01/2025,23:00:00,0.342173,0.239197,0,0.58137
14/01/2025,00:00:00,0.332799,0.238998,0,0.571797
14/01/2025,01:00:00,0.323681,0.238799,0,0.56248
14/01/2025,02:00:00,0.314814,0.2386,0,0.553414
14/01/2025,03:00:00,0.306189,0.238401,0,0.54459
14/01/2025,04:00:00,0.297801,0.238203,0,0.536004
14/01/2025,05:00:00,0.289643,0.238004,0,0.527647
14/01/2025,06:00:00,0.281708,0.237806,0,0.519514
14/01/2025,07:00:00,0.27399,0.237608,0,0.511598
14/01/2025,08:00:00,0.266484,0.23741,0,0.503894
14/01/2025,09:00:00,0.259184,0.237212,0,0.496396
14/01/2025,10:00:00,0.252083,0.237014,0,0.489097
14/01/2025,11:00:00,0.245177,0.236817,0,0.481994
14/01/2025,12:00:00,0.238461,0.23662,0,0.475081
14/01/2025,13:00:00,0.231928,0.236423,0,0.468351
14/01/2025,14:00:00,0.225574,0.236226,0,0.4618
14/01/2025,15:00:00,0.219394,0.236029,0,0.455423
14/01/2025,16:00:00,0.213384,0.235832,0,0.449216
14/01/2025,17:00:00,0.207538,0.235636,0,0.443174
14/01/2025,18:00:00,0.201853,0.23544,0,0.437293
14/01/2025,19:00:00,0.196323,0.235244,0.057101,0.431567
14/01/2025,20:00:00,0.190944,0.235048,0.031471,0.425992
14/01/2025,21:00:00,0.185713,0.234852,0.030041,0.420565
14/01/2025,22:00:00,0.180626,0.234656,0.09656,0.415282
14/01/2025,23:00:00,0.175677,0.234461,0.138044,0.410138
15/01/2025,00:00:00,0.170865,0.234265,0.006795,0.40513
15/01/2025,01:00:00,0.166184,0.23407,0,0.400254
15/01/2025,02:00:00,0.161631,0.233875,0,0.395506
15/01/2025,03:00:00,0.157203,0.23368,0,0.390883
15/01/2025,04:00:00,0.152896,0.233486,0,0.386382
15/01/2025,05:00:00,0.148708,0.233291,0,0.381999
15/01/2025,06:00:00,0.144634,0.233097,0,0.377731
15/01/2025,07:00:00,0.140671,0.232903,0,0.373574
15/01/2025,08:00:00,0.136818,0.232709,0,0.369527
15/01/2025,09:00:00,0.133069,0.232515,0.02861,0.365584
15/01/2025,10:00:00,0.129424,0.232321,0.029922,0.361745
15/01/2025,11:00:00,0.140069,0.232236,0.001431,0.372305
15/01/2025,12:00:00,0.143638,0.232098,0,0.375736
15/01/2025,13:00:00,0.146786,0.231959,0,0.378745
15/01/2025,14:00:00,0.167711,0.231955,0,0.399666
15/01/2025,15:00:00,0.199214,0.232037,0,0.431251
15/01/2025,16:00:00,0.194812,0.231851,0,0.426663
15/01/2025,17:00:00,0.189475,0.231658,0,0.421133
15/01/2025,18:00:00,0.184284,0.231465,0,0.415749
15/01/2025,19:00:00,0.179236,0.231272,0,0.410508
15/01/2025,20:00:00,0.174326,0.23108,0,0.405406
15/01/2025,21:00:00,0.16955,0.230887,0,0.400437
15/01/2025,22:00:00,0.164905,0.230695,0,0.3956
15/01/2025,23:00:00,0.160387,0.230503,0,0.39089
16/01/2025,00:00:00,0.155993,0.230311,0,0.386304
16/01/2025,01:00:00,0.158884,0.230173,0,0.389057
16/01/2025,02:00:00,0.162116,0.230039,0,0.392155
16/01/2025,03:00:00,0.157675,0.229848,0,0.387523
16/01/2025,04:00:00,0.153356,0.229656,0,0.383012
16/01/2025,05:00:00,0.149154,0.229465,0,0.378619
16/01/2025,06:00:00,0.145068,0.229274,0,0.374342
16/01/2025,07:00:00,0.141094,0.229083,0,0.370177
16/01/2025,08:00:00,0.137229,0.228892,0,0.366121
16/01/2025,09:00:00,0.133469,0.228701,0,0.36217
16/01/2025,10:00:00,0.129813,0.228511,0,0.358324
16/01/2025,11:00:00,0.126256,0.22832,0,0.354576
16/01/2025,12:00:00,0.122798,0.22813,0,0.350928
16/01/2025,13:00:00,0.119433,0.22794,0,0.347373
16/01/2025,14:00:00,0.116162,0.22775,0,0.343912
16/01/2025,15:00:00,0.112979,0.227561,0,0.34054
16/01/2025,16:00:00,0.109884,0.227371,0,0.337255
16/01/2025,17:00:00,0.106874,0.227182,0,0.334056
16/01/2025,18:00:00,0.103946,0.226993,0,0.330939
16/01/2025,19:00:00,0.101098,0.226803,0,0.327901
16/01/2025,20:00:00,0.098329,0.226614,0,0.324943
16/01/2025,21:00:00,0.095635,0.226426,0,0.322061
16/01/2025,22:00:00,0.093015,0.226237,0,0.319252
16/01/2025,23:00:00,0.090467,0.226049,0,0.316516
17/01/2025,00:00:00,0.087988,0.22586,0,0.313848
17/01/2025,01:00:00,0.085578,0.225672,0,0.31125
17/01/2025,02:00:00,0.083233,0.225484,0,0.308717
17/01/2025,03:00:00,0.080953,0.225296,0,0.306249
17/01/2025,04:00:00,0.078735,0.225109,0,0.303844
17/01/2025,05:00:00,0.076578,0.224921,0,0.301499
17/01/2025,06:00:00,0.07448,0.224734,0,0.299214
17/01/2025,07:00:00,0.07244,0.224547,0,0.296987
17/01/2025,08:00:00,0.070456,0.22436,0,0.294816
17/01/2025,09:00:00,0.068525,0.224173,0,0.292698
17/01/2025,10:00:00,0.066648,0.223986,0,0.290634
17/01/2025,11:00:00,0.064822,0.223799,0,0.288621
17/01/2025,12:00:00,0.063046,0.223613,0,0.286659
17/01/2025,13:00:00,0.061319,0.223427,0,0.284746
17/01/2025,14:00:00,0.059639,0.223241,0,0.28288
17/01/2025,15:00:00,0.058005,0.223055,0,0.28106
17/01/2025,16:00:00,0.056416,0.222869,0,0.279285
17/01/2025,17:00:00,0.054871,0.222683,0,0.277554
17/01/2025,18:00:00,0.053368,0.222498,0,0.275866
17/01/2025,19:00:00,0.051906,0.222312,0,0.274218
17/01/2025,20:00:00,0.050484,0.222127,0,0.272611
17/01/2025,21:00:00,0.049101,0.221942,0,0.271043
17/01/2025,22:00:00,0.047755,0.221757,0,0.269512
17/01/2025,23:00:00,0.046447,0.221573,0,0.26802
18/01/2025,00:00:00,0.045175,0.221388,0,0.266563
18/01/2025,01:00:00,0.043937,0.221204,0,0.265141
18/01/2025,02:00:00,0.042733,0.221019,0,0.263752
18/01/2025,03:00:00,0.041563,0.220835,0,0.262398
18/01/2025,04:00:00,0.040424,0.220651,0,0.261075
18/01/2025,05:00:00,0.039317,0.220468,0,0.259785
18/01/2025,06:00:00,0.03824,0.220284,0,0.258524
18/01/2025,07:00:00,0.037192,0.2201,0,0.257292
18/01/2025,08:00:00,0.036173,0.219917,0,0.25609
18/01/2025,09:00:00,0.035182,0.219734,0,0.254916
18/01/2025,10:00:00,0.034218,0.219551,0,0.253769
18/01/2025,11:00:00,0.033281,0.219368,0,0.252649
18/01/2025,12:00:00,0.032369,0.219185,0,0.251554
18/01/2025,13:00:00,0.031482,0.219003,0,0.250485
18/01/2025,14:00:00,0.03062,0.21882,0,0.24944
18/01/2025,15:00:00,0.029781,0.218638,0,0.248419
18/01/2025,16:00:00,0.028965,0.218456,0,0.247421
18/01/2025,17:00:00,0.028172,0.218274,0,0.246446
18/01/2025,18:00:00,0.0274,0.218092,0,0.245492
18/01/2025,19:00:00,0.026649,0.21791,0,0.244559
18/01/2025,20:00:00,0.025919,0.217729,0,0.243648
18/01/2025,21:00:00,0.025209,0.217547,0,0.242756
18/01/2025,22:00:00,0.024518,0.217366,0,0.241884
18/01/2025,23:00:00,0.023847,0.217185,0,0.241032
19/01/2025,00:00:00,0.023193,0.217004,0,0.240197
19/01/2025,01:00:00,0.022558,0.216823,0,0.239381
19/01/2025,02:00:00,0.02194,0.216643,0,0.238583
19/01/2025,03:00:00,0.021339,0.216462,0,0.237801
19/01/2025,04:00:00,0.020754,0.216282,0,0.237036
19/01/2025,05:00:00,0.020186,0.216102,0,0.236288
19/01/2025,06:00:00,0.019633,0.215922,0,0.235555
19/01/2025,07:00:00,0.019095,0.215742,0,0.234837
19/01/2025,08:00:00,0.018572,0.215562,0,0.234134
19/01/2025,09:00:00,0.018063,0.215383,0,0.233446
19/01/2025,10:00:00,0.017568,0.215203,0,0.232771
19/01/2025,11:00:00,0.017087,0.215024,0,0.232111
19/01/2025,12:00:00,0.016619,0.214845,0,0.231464
19/01/2025,13:00:00,0.016164,0.214666,0,0.23083
19/01/2025,14:00:00,0.015721,0.214487,0,0.230208
19/01/2025,15:00:00,0.01529,0.214309,0,0.229599
19/01/2025,16:00:00,0.014871,0.21413,0,0.229001
19/01/2025,17:00:00,0.014464,0.213952,0,0.228416
19/01/2025,18:00:00,0.014068,0.213773,0,0.227841
19/01/2025,19:00:00,0.013682,0.213595,0,0.227277
19/01/2025,20:00:00,0.013307,0.213417,0,0.226724
19/01/2025,21:00:00,0.012943,0.21324,0,0.226183
19/01/2025,22:00:00,0.012588,0.213062,0,0.22565
19/01/2025,23:00:00,0.012243,0.212885,0,0.225128
20/01/2025,00:00:00,0.011908,0.212707,0,0.224615
20/01/2025,01:00:00,0.011582,0.21253,0,0.224112
20/01/2025,02:00:00,0.011264,0.212353,0,0.223617
20/01/2025,03:00:00,0.010956,0.212176,0,0.223132
20/01/2025,04:00:00,0.010656,0.211999,0,0.222655
20/01/2025,05:00:00,0.010364,0.211823,0,0.222187
20/01/2025,06:00:00,0.01008,0.211646,0,0.221726
20/01/2025,07:00:00,0.009804,0.21147,0,0.221274
20/01/2025,08:00:00,0.009535,0.211294,0,0.220829
20/01/2025,09:00:00,0.009274,0.211118,0,0.220392
20/01/2025,10:00:00,0.00902,0.210942,0,0.219962
20/01/2025,11:00:00,0.008773,0.210766,0,0.219539
20/01/2025,12:00:00,0.008532,0.210591,0,0.219123
20/01/2025,13:00:00,0.008299,0.210415,0,0.218714
20/01/2025,14:00:00,0.008071,0.21024,0,0.218311
20/01/2025,15:00:00,0.00785,0.210065,0,0.217915
20/01/2025,16:00:00,0.007635,0.20989,0,0.217525
20/01/2025,17:00:00,0.007426,0.209715,0.066638,0.217141
20/01/2025,18:00:00,0.007223,0.20954,0.003457,0.216763
20/01/2025,19:00:00,0.007025,0.209366,0,0.216391
20/01/2025,20:00:00,0.006832,0.209192,0,0.216024
20/01/2025,21:00:00,0.006645,0.209017,0,0.215662
20/01/2025,22:00:00,0.006463,0.208843,0,0.215306
20/01/2025,23:00:00,0.006286,0.208669,0,0.214955
21/01/2025,00:00:00,0.006114,0.208495,0,0.214609
21/01/2025,01:00:00,0.005946,0.208322,0,0.214268
21/01/2025,02:00:00,0.005783,0.208148,0,0.213931
21/01/2025,03:00:00,0.005625,0.207975,0,0.2136
21/01/2025,04:00:00,0.005471,0.207802,0,0.213273
21/01/2025,05:00:00,0.005321,0.207628,0,0.212949
21/01/2025,06:00:00,0.005175,0.207456,0,0.212631
21/01/2025,07:00:00,0.005033,0.207283,0,0.212316
21/01/2025,08:00:00,0.004895,0.20711,0,0.212005
21/01/2025,09:00:00,0.021326,0.207063,0,0.228389
21/01/2025,10:00:00,0.020742,0.206891,0,0.227633
21/01/2025,11:00:00,0.020174,0.206719,0,0.226893
21/01/2025,12:00:00,0.019621,0.206546,0,0.226167
21/01/2025,13:00:00,0.019084,0.206374,0,0.225458
21/01/2025,14:00:00,0.018561,0.206202,0,0.224763
21/01/2025,15:00:00,0.018052,0.206031,0,0.224083
21/01/2025,16:00:00,0.017558,0.205859,0,0.223417
21/01/2025,17:00:00,0.017077,0.205688,0,0.222765
21/01/2025,18:00:00,0.016609,0.205516,0,0.222125
21/01/2025,19:00:00,0.016154,0.205345,0,0.221499
21/01/2025,20:00:00,0.015711,0.205174,0,0.220885
21/01/2025,21:00:00,0.015281,0.205003,0,0.220284
21/01/2025,22:00:00,0.014862,0.204832,0,0.219694
21/01/2025,23:00:00,0.014455,0.204662,0,0.219117
22/01/2025,00:00:00,0.014059,0.204491,0,0.21855
22/01/2025,01:00:00,0.013674,0.204321,0,0.217995
22/01/2025,02:00:00,0.013299,0.204151,0,0.21745
22/01/2025,03:00:00,0.012935,0.203981,0,0.216916
22/01/2025,04:00:00,0.012581,0.203811,0,0.216392
22/01/2025,05:00:00,0.012236,0.203641,0,0.215877
22/01/2025,06:00:00,0.011901,0.203471,0,0.215372
22/01/2025,07:00:00,0.011575,0.203302,0,0.214877
22/01/2025,08:00:00,0.011258,0.203133,0,0.214391
22/01/2025,09:00:00,0.010949,0.202963,0,0.213912
22/01/2025,10:00:00,0.010649,0.202794,0.038028,0.213443
22/01/2025,11:00:00,0.010358,0.202625,0.334978,0.212983
22/01/2025,12:00:00,0.010074,0.202457,0.901937,0.212531
22/01/2025,13:00:00,0.009798,0.202288,0.387549,0.212086
22/01/2025,14:00:00,0.009529,0.202119,0.084043,0.211648
22/01/2025,15:00:00,0.009268,0.201951,0.203252,0.211219
22/01/2025,16:00:00,0.009014,0.201783,1.171112,0.210797
22/01/2025,17:00:00,0.008768,0.201615,0.924945,0.210383
22/01/2025,18:00:00,0.008527,0.201447,1.128912,0.209974
22/01/2025,19:00:00,0.008294,0.201279,1.025796,0.209573
22/01/2025,20:00:00,0.008066,0.201111,1.381636,0.209177
22/01/2025,21:00:00,0.007846,0.200944,0.905156,0.20879
22/01/2025,22:00:00,0.007631,0.200776,1.108408,0.208407
22/01/2025,23:00:00,0.007422,0.200609,0.663161,0.208031
23/01/2025,00:00:00,0.007218,0.200442,0.801802,0.20766
23/01/2025,01:00:00,0.00702,0.200275,0.534058,0.207295
23/01/2025,02:00:00,0.015781,0.200176,0.025153,0.215957
23/01/2025,03:00:00,0.103586,0.20068,0.02861,0.304266
23/01/2025,04:00:00,0.340725,0.202337,0.048995,0.543062
23/01/2025,05:00:00,0.433804,0.202947,0.002384,0.636751
23/01/2025,06:00:00,0.442934,0.202938,0,0.645872
23/01/2025,07:00:00,0.483701,0.203171,0,0.686872
23/01/2025,08:00:00,0.783233,0.205379,0,0.988612
23/01/2025,09:00:00,1.008936,0.207087,0,1.216023
23/01/2025,10:00:00,1.28386,0.209215,0,1.493075
23/01/2025,11:00:00,1.523991,0.211133,0,1.735124
23/01/2025,12:00:00,1.854514,0.213787,0,2.068301
23/01/2025,13:00:00,2.047417,0.215461,0,2.262878
23/01/2025,14:00:00,2.290734,0.217558,0,2.508292
23/01/2025,15:00:00,2.406526,0.218734,0,2.62526
23/01/2025,16:00:00,2.557225,0.220198,0,2.777423
23/01/2025,17:00:00,2.631004,0.221108,0.209451,2.852112
23/01/2025,18:00:00,2.563776,0.220961,0.305533,2.784737
23/01/2025,19:00:00,2.499399,0.220821,0.348091,2.72022
23/01/2025,20:00:00,2.442478,0.220725,0.055075,2.663203
23/01/2025,21:00:00,2.375565,0.220541,0.059009,2.596106
23/01/2025,22:00:00,2.310485,0.220358,0.002861,2.530843
23/01/2025,23:00:00,2.247188,0.220174,0,2.467362
24/01/2025,00:00:00,2.185625,0.219991,0,2.405616
24/01/2025,01:00:00,2.125749,0.219807,0,2.345556
24/01/2025,02:00:00,2.067513,0.219624,0,2.287137
24/01/2025,03:00:00,2.010872,0.219441,0,2.230313
24/01/2025,04:00:00,1.955783,0.219259,0,2.175042
24/01/2025,05:00:00,1.902204,0.219076,0,2.12128
24/01/2025,06:00:00,1.850092,0.218894,0,2.068986
24/01/2025,07:00:00,1.799408,0.218711,0,2.018119
24/01/2025,08:00:00,1.750112,0.218529,0.418663,1.968641
24/01/2025,09:00:00,1.758729,0.218777,1.020551,1.977506
24/01/2025,10:00:00,1.79358,0.219226,0.231624,2.012806
24/01/2025,11:00:00,1.839236,0.219764,0.094891,2.059
24/01/2025,12:00:00,1.803494,0.219692,0.270724,2.023186
24/01/2025,13:00:00,1.769922,0.219629,0.965118,1.989551
24/01/2025,14:00:00,1.721984,0.219451,0.419617,1.941435
24/01/2025,15:00:00,1.674809,0.219268,0.294805,1.894077
24/01/2025,16:00:00,1.628927,0.219085,0.014067,1.848012
24/01/2025,17:00:00,1.584302,0.218903,0,1.803205
24/01/2025,18:00:00,1.540899,0.21872,0,1.759619
24/01/2025,19:00:00,1.498685,0.218538,0,1.717223
24/01/2025,20:00:00,1.457628,0.218356,0,1.675984
24/01/2025,21:00:00,1.417695,0.218174,0,1.635869
24/01/2025,22:00:00,1.378857,0.217993,0.352025,1.59685
24/01/2025,23:00:00,1.341083,0.217811,0.018001,1.558894
25/01/2025,00:00:00,1.418747,0.218499,0.332952,1.637246
25/01/2025,01:00:00,1.659602,0.220443,1.425266,1.880045
25/01/2025,02:00:00,1.67739,0.220741,2.079487,1.898131
25/01/2025,03:00:00,1.65707,0.220752,1.757979,1.877822
25/01/2025,04:00:00,1.685681,0.22113,3.091216,1.906811
25/01/2025,05:00:00,1.904771,0.222963,1.332998,2.127734
25/01/2025,06:00:00,1.967752,0.223652,0.783205,2.191404
25/01/2025,07:00:00,1.99465,0.22408,0.103474,2.21873
25/01/2025,08:00:00,1.943297,0.223919,1.021504,2.167216
25/01/2025,09:00:00,1.890059,0.223732,0.270724,2.113791
25/01/2025,10:00:00,1.83828,0.223546,0.011086,2.061826
25/01/2025,11:00:00,1.787919,0.223359,0,2.011278
25/01/2025,12:00:00,1.738938,0.223173,0.02861,1.962111
25/01/2025,13:00:00,1.691299,0.222987,0.001431,1.914286
25/01/2025,14:00:00,1.741426,0.223535,0,1.964961
25/01/2025,15:00:00,1.697882,0.22338,0,1.921262
25/01/2025,16:00:00,1.74259,0.223888,0,1.966478
25/01/2025,17:00:00,2.088564,0.226694,0,2.315258
25/01/2025,18:00:00,2.60818,0.23089,0,2.83907
25/01/2025,19:00:00,3.026102,0.234418,0,3.26052
25/01/2025,20:00:00,3.808604,0.240801,0,4.049405
25/01/2025,21:00:00,4.078586,0.243445,0,4.322031
25/01/2025,22:00:00,4.186878,0.244915,0,4.431793
25/01/2025,23:00:00,4.100446,0.244926,0,4.345372
26/01/2025,00:00:00,4.275915,0.24691,0.076175,4.522825
26/01/2025,01:00:00,4.234422,0.247279,0.003815,4.481701
26/01/2025,02:00:00,4.120595,0.24709,0.02861,4.367685
26/01/2025,03:00:00,4.00771,0.246884,0.191689,4.254594
26/01/2025,04:00:00,3.904993,0.246732,0.894666,4.151725
26/01/2025,05:00:00,3.798014,0.246526,0.159264,4.04454
26/01/2025,06:00:00,3.693965,0.246321,0.005841,3.940286
26/01/2025,07:00:00,3.592767,0.246116,0,3.838883
26/01/2025,08:00:00,3.494342,0.245911,0,3.740253
26/01/2025,09:00:00,3.398612,0.245706,0,3.644318
26/01/2025,10:00:00,3.305505,0.245501,0,3.551006
26/01/2025,11:00:00,3.21495,0.245297,0,3.460247
26/01/2025,12:00:00,3.126874,0.245093,0,3.371967
26/01/2025,13:00:00,3.041212,0.244888,0,3.2861
26/01/2025,14:00:00,2.957896,0.244684,0,3.20258
26/01/2025,15:00:00,2.876863,0.244481,0,3.121344
26/01/2025,16:00:00,2.818253,0.24443,0,3.062683
26/01/2025,17:00:00,2.741045,0.244227,0.199795,2.985272
26/01/2025,18:00:00,2.672013,0.24407,0.267029,2.916083
26/01/2025,19:00:00,2.650754,0.244261,0.155807,2.895015
26/01/2025,20:00:00,2.829038,0.245965,0.045419,3.075003
26/01/2025,21:00:00,2.793679,0.24608,0.001907,3.039759
26/01/2025,22:00:00,2.717144,0.245875,0,2.963019
26/01/2025,23:00:00,2.642706,0.245671,0,2.888377
27/01/2025,00:00:00,2.570308,0.245466,0.694633,2.815774
27/01/2025,01:00:00,2.499893,0.245261,0.339866,2.745154
27/01/2025,02:00:00,2.431407,0.245057,1.366735,2.676464
27/01/2025,03:00:00,2.364798,0.244853,0.963211,2.609651
27/01/2025,04:00:00,2.300013,0.244649,0.302434,2.544662
27/01/2025,05:00:00,2.237003,0.244445,0.041723,2.481448
27/01/2025,06:00:00,2.175719,0.244242,0.001431,2.419961
27/01/2025,07:00:00,2.116114,0.244038,0,2.360152
27/01/2025,08:00:00,2.058142,0.243835,0,2.301977
27/01/2025,09:00:00,2.051343,0.244009,0,2.295352
27/01/2025,10:00:00,2.0635,0.244325,0,2.307825
27/01/2025,11:00:00,2.043422,0.244399,0,2.287821
27/01/2025,12:00:00,1.992195,0.244231,0,2.236426
27/01/2025,13:00:00,1.937618,0.244028,0,2.181646
27/01/2025,14:00:00,1.884536,0.243824,0,2.12836
27/01/2025,15:00:00,1.832908,0.243621,0,2.076529
27/01/2025,16:00:00,1.970776,0.244848,0,2.215624
27/01/2025,17:00:00,2.004395,0.24531,0,2.249705
27/01/2025,18:00:00,2.329831,0.247997,0,2.577828
27/01/2025,19:00:00,2.532271,0.249814,0,2.782085
27/01/2025,20:00:00,2.540876,0.250199,0,2.791075
27/01/2025,21:00:00,2.474922,0.250018,0,2.72494
27/01/2025,22:00:00,2.40712,0.24981,0,2.65693
27/01/2025,23:00:00,2.341176,0.249602,0,2.590778
28/01/2025,00:00:00,2.277038,0.249394,0,2.526432
28/01/2025,01:00:00,2.214658,0.249186,0,2.463844
28/01/2025,02:00:00,2.153986,0.248979,0,2.402965
28/01/2025,03:00:00,2.094976,0.248771,0,2.343747
28/01/2025,04:00:00,2.037583,0.248564,0,2.286147
28/01/2025,05:00:00,1.981763,0.248357,0,2.23012
28/01/2025,06:00:00,1.927471,0.24815,0,2.175621
28/01/2025,07:00:00,1.874667,0.247944,0,2.122611
28/01/2025,08:00:00,1.82331,0.247737,0,2.071047
28/01/2025,09:00:00,1.773359,0.247531,0,2.02089
28/01/2025,10:00:00,1.724777,0.247325,0,1.972102
28/01/2025,11:00:00,1.677526,0.247118,0,1.924644
28/01/2025,12:00:00,1.631569,0.246913,0,1.878482
28/01/2025,13:00:00,1.586871,0.246707,0,1.833578
28/01/2025,14:00:00,1.543398,0.246501,0,1.789899
28/01/2025,15:00:00,1.501116,0.246296,0.028491,1.747412
28/01/2025,16:00:00,1.459992,0.246091,0.048995,1.706083
28/01/2025,17:00:00,1.419995,0.245886,0.145197,1.665881
28/01/2025,18:00:00,1.381093,0.245681,0.054836,1.626774
28/01/2025,19:00:00,1.343258,0.245476,0.078559,1.588734
28/01/2025,20:00:00,1.306458,0.245272,0.089526,1.55173
28/01/2025,21:00:00,1.270667,0.245068,0.080466,1.515735
28/01/2025,22:00:00,1.235857,0.244864,0.375032,1.480721
28/01/2025,23:00:00,1.202,0.24466,0.913382,1.44666
29/01/2025,00:00:00,1.16907,0.244456,0.083566,1.413526
29/01/2025,01:00:00,1.137043,0.244252,0.430107,1.381295
29/01/2025,02:00:00,1.105893,0.244049,0.64981,1.349942
29/01/2025,03:00:00,1.075597,0.243845,0.11766,1.319442
29/01/2025,04:00:00,1.04613,0.243642,0.004292,1.289772
29/01/2025,05:00:00,1.017471,0.243439,0.038147,1.26091
29/01/2025,06:00:00,0.989597,0.243237,0.106573,1.232834
29/01/2025,07:00:00,0.966593,0.243065,0.090957,1.209658
29/01/2025,08:00:00,0.950091,0.242939,0.004411,1.19303
29/01/2025,09:00:00,0.961483,0.243021,0,1.204504
29/01/2025,10:00:00,0.946841,0.242907,0,1.189748
29/01/2025,11:00:00,0.939391,0.242845,0,1.182236
29/01/2025,12:00:00,0.935308,0.242808,0,1.178116
29/01/2025,13:00:00,0.928791,0.242751,0,1.171542
29/01/2025,14:00:00,1.006558,0.243333,0,1.249891
29/01/2025,15:00:00,1.236232,0.245086,0,1.481318
29/01/2025,16:00:00,1.222566,0.245035,0,1.467601
29/01/2025,17:00:00,1.308638,0.24574,0,1.554378
29/01/2025,18:00:00,1.455586,0.246925,0,1.702511
29/01/2025,19:00:00,1.446187,0.246951,0.095129,1.693138
29/01/2025,20:00:00,1.406568,0.246745,0.356913,1.653313
29/01/2025,21:00:00,1.37602,0.2466,0.141621,1.62262
29/01/2025,22:00:00,1.366129,0.246606,0.177622,1.612735
29/01/2025,23:00:00,1.352186,0.246579,0.750899,1.598765
30/01/2025,00:00:00,1.315142,0.246374,1.598358,1.561516
30/01/2025,01:00:00,1.279113,0.246169,0.888228,1.525282
30/01/2025,02:00:00,1.244071,0.245964,0.212431,1.490035
30/01/2025,03:00:00,1.209989,0.245759,0.065804,1.455748
30/01/2025,04:00:00,1.176841,0.245554,0.174284,1.422395
30/01/2025,05:00:00,1.144601,0.245349,0.674725,1.38995
30/01/2025,06:00:00,1.113244,0.245145,0.852346,1.358389
30/01/2025,07:00:00,1.082746,0.244941,0.412703,1.327687
30/01/2025,08:00:00,1.053084,0.244737,0.047445,1.297821
30/01/2025,09:00:00,1.024234,0.244533,0.410676,1.268767
30/01/2025,10:00:00,0.996174,0.244329,1.09601,1.240503
30/01/2025,11:00:00,0.995469,0.244328,1.377463,1.239797
30/01/2025,12:00:00,1.070075,0.244899,0.428915,1.314974
30/01/2025,13:00:00,1.081029,0.245001,0.218272,1.32603
30/01/2025,14:00:00,1.102181,0.245183,0.010133,1.347364
30/01/2025,15:00:00,1.287791,0.246619,0,1.53441
30/01/2025,16:00:00,1.713073,0.249914,0,1.962987
30/01/2025,17:00:00,1.922683,0.251656,0,2.174339
30/01/2025,18:00:00,1.931349,0.251913,0,2.183262
30/01/2025,19:00:00,1.897336,0.251847,0,2.149183
30/01/2025,20:00:00,1.895577,0.252019,0,2.147596
30/01/2025,21:00:00,2.038848,0.253293,0,2.292141
30/01/2025,22:00:00,2.229915,0.254959,0,2.484874
30/01/2025,23:00:00,2.288391,0.255655,0,2.544046
31/01/2025,00:00:00,2.239139,0.255544,0,2.494683
31/01/2025,01:00:00,2.296771,0.256236,0,2.553007
31/01/2025,02:00:00,2.552508,0.258445,0,2.810953
31/01/2025,03:00:00,2.884083,0.261281,0,3.145364
31/01/2025,04:00:00,2.929961,0.262013,0,3.191974
31/01/2025,05:00:00,2.912989,0.262276,0,3.175265
31/01/2025,06:00:00,2.835575,0.262076,0,3.097651
31/01/2025,07:00:00,2.757893,0.261857,0,3.01975
31/01/2025,08:00:00,2.682339,0.261639,0,2.943978
31/01/2025,09:00:00,2.608855,0.261421,0,2.870276
31/01/2025,10:00:00,2.537384,0.261203,0,2.798587
31/01/2025,11:00:00,2.467871,0.260986,0,2.728857
31/01/2025,12:00:00,2.400262,0.260768,0,2.66103
31/01/2025,13:00:00,2.334506,0.260551,0,2.595057
31/01/2025,14:00:00,2.270551,0.260334,0,2.530885
31/01/2025,15:00:00,2.208348,0.260117,0,2.468465
31/01/2025,16:00:00,2.147849,0.259901,0,2.40775
31/01/2025,17:00:00,2.089008,0.259684,0,2.348692
31/01/2025,18:00:00,2.031778,0.259468,0,2.291246
31/01/2025,19:00:00,1.976116,0.259252,0,2.235368
31/01/2025,20:00:00,1.92198,0.259036,0,2.181016
31/01/2025,21:00:00,1.869326,0.25882,0,2.128146
31/01/2025,22:00:00,1.818115,0.258604,0,2.076719
31/01/2025,23:00:00,1.768307,0.258389,0,2.026696
01/02/2025,00:00:00,1.719863,0.258174,0,1.978037
01/02/2025,01:00:00,1.672746,0.257959,0,1.930705
01/02/2025,02:00:00,1.626921,0.257744,0,1.884665
01/02/2025,03:00:00,1.58235,0.257529,0,1.839879
01/02/2025,04:00:00,1.539001,0.257315,0,1.796316
01/02/2025,05:00:00,1.496839,0.2571,0,1.753939
01/02/2025,06:00:00,1.455833,0.256886,0,1.712719
01/02/2025,07:00:00,1.415949,0.256672,0,1.672621
01/02/2025,08:00:00,1.377159,0.256458,0,1.633617
01/02/2025,09:00:00,1.339431,0.256245,0,1.595676
01/02/2025,10:00:00,1.302736,0.256031,0,1.558767
01/02/2025,11:00:00,1.267047,0.255818,0,1.522865
01/02/2025,12:00:00,1.232336,0.255605,0,1.487941
01/02/2025,13:00:00,1.198575,0.255392,0,1.453967
01/02/2025,14:00:00,1.16574,0.255179,0,1.420919
01/02/2025,15:00:00,1.133804,0.254967,0,1.388771
01/02/2025,16:00:00,1.102742,0.254754,0,1.357496
01/02/2025,17:00:00,1.072532,0.254542,0,1.327074
01/02/2025,18:00:00,1.04315,0.25433,0,1.29748
01/02/2025,19:00:00,1.014572,0.254118,0,1.26869
01/02/2025,20:00:00,0.986777,0.253906,0,1.240683
01/02/2025,21:00:00,0.959744,0.253695,0,1.213439
01/02/2025,22:00:00,0.933451,0.253484,0,1.186935
01/02/2025,23:00:00,0.907879,0.253273,0,1.161152
02/02/2025,00:00:00,0.883007,0.253062,0,1.136069
02/02/2025,01:00:00,0.858817,0.252851,0,1.111668
02/02/2025,02:00:00,0.835289,0.25264,0,1.087929
02/02/2025,03:00:00,0.812406,0.25243,0,1.064836
02/02/2025,04:00:00,0.790149,0.252219,0,1.042368
02/02/2025,05:00:00,0.768503,0.252009,0,1.020512
02/02/2025,06:00:00,0.747449,0.251799,0,0.999248
02/02/2025,07:00:00,0.726973,0.25159,0,0.978563
02/02/2025,08:00:00,0.707057,0.25138,0,0.958437
02/02/2025,09:00:00,0.687687,0.251171,0,0.938858
02/02/2025,10:00:00,0.668847,0.250961,0,0.919808
02/02/2025,11:00:00,0.650524,0.250752,0,0.901276
02/02/2025,12:00:00,0.632702,0.250544,0,0.883246
02/02/2025,13:00:00,0.615369,0.250335,0,0.865704
02/02/2025,14:00:00,0.598511,0.250126,0,0.848637
02/02/2025,15:00:00,0.582114,0.249918,0,0.832032
02/02/2025,16:00:00,0.566167,0.24971,0,0.815877
02/02/2025,17:00:00,0.550656,0.249502,0,0.800158
02/02/2025,18:00:00,0.535571,0.249294,0,0.784865
02/02/2025,19:00:00,0.520899,0.249086,0,0.769985
02/02/2025,20:00:00,0.506628,0.248879,0,0.755507
02/02/2025,21:00:00,0.492749,0.248671,0,0.74142
02/02/2025,22:00:00,0.47925,0.248464,0,0.727714
02/02/2025,23:00:00,0.466121,0.248257,0,0.714378
03/02/2025,00:00:00,0.453351,0.248051,0,0.701402
03/02/2025,01:00:00,0.440931,0.247844,0,0.688775
03/02/2025,02:00:00,0.428852,0.247638,0,0.67649
03/02/2025,03:00:00,0.417103,0.247431,0,0.664534
03/02/2025,04:00:00,0.405676,0.247225,0,0.652901
03/02/2025,05:00:00,0.394563,0.247019,0,0.641582
03/02/2025,06:00:00,0.383753,0.246813,0,0.630566
03/02/2025,07:00:00,0.37324,0.246608,0,0.619848
03/02/2025,08:00:00,0.363015,0.246402,0,0.609417
03/02/2025,09:00:00,0.35307,0.246197,0,0.599267
03/02/2025,10:00:00,0.343398,0.245992,0,0.58939
03/02/2025,11:00:00,0.33399,0.245787,0,0.579777
03/02/2025,12:00:00,0.32484,0.245582,0,0.570422
03/02/2025,13:00:00,0.315941,0.245378,0,0.561319
03/02/2025,14:00:00,0.307286,0.245173,0,0.552459
03/02/2025,15:00:00,0.298867,0.244969,0,0.543836
03/02/2025,16:00:00,0.29068,0.244765,0,0.535445
03/02/2025,17:00:00,0.282716,0.244561,0,0.527277
03/02/2025,18:00:00,0.274971,0.244358,0,0.519329
03/02/2025,19:00:00,0.267438,0.244154,0,0.511592
03/02/2025,20:00:00,0.260112,0.243951,0,0.504063
03/02/2025,21:00:00,0.252986,0.243747,0,0.496733
03/02/2025,22:00:00,0.246055,0.243544,0,0.489599
03/02/2025,23:00:00,0.239314,0.243342,0,0.482656
04/02/2025,00:00:00,0.232758,0.243139,0,0.475897
04/02/2025,01:00:00,0.226382,0.242936,0,0.469318
04/02/2025,02:00:00,0.22018,0.242734,0,0.462914
04/02/2025,03:00:00,0.214148,0.242532,0,0.45668
04/02/2025,04:00:00,0.208281,0.24233,0,0.450611
04/02/2025,05:00:00,0.202575,0.242128,0,0.444703
04/02/2025,06:00:00,0.197026,0.241926,0,0.438952
04/02/2025,07:00:00,0.191628,0.241725,0,0.433353
04/02/2025,08:00:00,0.186378,0.241523,0,0.427901
04/02/2025,09:00:00,0.181272,0.241322,0,0.422594
04/02/2025,10:00:00,0.176306,0.241121,0,0.417427
04/02/2025,11:00:00,0.171476,0.24092,0,0.412396
04/02/2025,12:00:00,0.166778,0.24072,0,0.407498
04/02/2025,13:00:00,0.16221,0.240519,0,0.402729
04/02/2025,14:00:00,0.157766,0.240319,0,0.398085
04/02/2025,15:00:00,0.153444,0.240119,0,0.393563
04/02/2025,16:00:00,0.14924,0.239919,0,0.389159
04/02/2025,17:00:00,0.145151,0.239719,0,0.38487
04/02/2025,18:00:00,0.141175,0.239519,0,0.380694
04/02/2025,19:00:00,0.137307,0.239319,0,0.376626
04/02/2025,20:00:00,0.133546,0.23912,0,0.372666
04/02/2025,21:00:00,0.129887,0.238921,0,0.368808
04/02/2025,22:00:00,0.126329,0.238722,0,0.365051
04/02/2025,23:00:00,0.122868,0.238523,0.104666,0.361391
05/02/2025,00:00:00,0.119502,0.238324,0.005364,0.357826
05/02/2025,01:00:00,0.116228,0.238126,0.028491,0.354354
05/02/2025,02:00:00,0.113044,0.237928,0.001431,0.350972
05/02/2025,03:00:00,0.109947,0.237729,0,0.347676
05/02/2025,04:00:00,0.106935,0.237531,0,0.344466
05/02/2025,05:00:00,0.104006,0.237333,0,0.341339
05/02/2025,06:00:00,0.101156,0.237136,0,0.338292
05/02/2025,07:00:00,0.098385,0.236938,0,0.335323
05/02/2025,08:00:00,0.09569,0.236741,0,0.332431
05/02/2025,09:00:00,0.093068,0.236544,0,0.329612
05/02/2025,10:00:00,0.090519,0.236347,0,0.326866
05/02/2025,11:00:00,0.088039,0.23615,0,0.324189
05/02/2025,12:00:00,0.085627,0.235953,0,0.32158
05/02/2025,13:00:00,0.083281,0.235756,0,0.319037
05/02/2025,14:00:00,0.081,0.23556,0,0.31656
05/02/2025,15:00:00,0.107476,0.235582,0,0.343058
05/02/2025,16:00:00,0.104531,0.235386,0,0.339917
05/02/2025,17:00:00,0.108323,0.23524,0,0.343563
05/02/2025,18:00:00,0.105355,0.235044,0,0.340399
05/02/2025,19:00:00,0.102469,0.234849,0,0.337318
05/02/2025,20:00:00,0.099662,0.234653,0,0.334315
05/02/2025,21:00:00,0.096931,0.234457,0,0.331388
05/02/2025,22:00:00,0.094276,0.234262,0,0.328538
05/02/2025,23:00:00,0.091693,0.234067,0,0.32576
06/02/2025,00:00:00,0.089181,0.233872,0,0.323053
06/02/2025,01:00:00,0.086738,0.233677,0,0.320415
06/02/2025,02:00:00,0.084362,0.233483,0,0.317845
06/02/2025,03:00:00,0.082051,0.233288,0,0.315339
06/02/2025,04:00:00,0.079803,0.233094,0,0.312897
06/02/2025,05:00:00,0.077617,0.2329,0,0.310517
06/02/2025,06:00:00,0.07549,0.232706,0,0.308196
06/02/2025,07:00:00,0.073422,0.232512,0,0.305934
06/02/2025,08:00:00,0.071411,0.232318,0,0.303729
06/02/2025,09:00:00,0.069454,0.232125,0,0.301579
06/02/2025,10:00:00,0.067552,0.231931,0,0.299483
06/02/2025,11:00:00,0.065701,0.231738,0,0.297439
06/02/2025,12:00:00,0.063901,0.231545,0,0.295446
06/02/2025,13:00:00,0.06215,0.231352,0,0.293502
06/02/2025,14:00:00,0.060448,0.231159,0,0.291607
06/02/2025,15:00:00,0.058792,0.230967,0,0.289759
06/02/2025,16:00:00,0.057181,0.230774,0,0.287955
06/02/2025,17:00:00,0.055615,0.230582,0,0.286197
06/02/2025,18:00:00,0.054091,0.23039,0,0.284481
06/02/2025,19:00:00,0.052609,0.230198,0,0.282807
06/02/2025,20:00:00,0.051168,0.230006,0,0.281174
06/02/2025,21:00:00,0.049766,0.229815,0,0.279581
06/02/2025,22:00:00,0.048403,0.229623,0,0.278026
06/02/2025,23:00:00,0.047077,0.229432,0,0.276509
07/02/2025,00:00:00,0.045787,0.229241,0,0.275028
07/02/2025,01:00:00,0.044533,0.22905,0,0.273583
07/02/2025,02:00:00,0.043313,0.228859,0,0.272172
07/02/2025,03:00:00,0.042126,0.228669,0,0.270795
07/02/2025,04:00:00,0.040972,0.228478,0,0.26945
07/02/2025,05:00:00,0.03985,0.228288,0,0.268138
07/02/2025,06:00:00,0.038758,0.228098,0,0.266856
07/02/2025,07:00:00,0.037696,0.227908,0,0.265604
07/02/2025,08:00:00,0.036663,0.227718,0,0.264381
07/02/2025,09:00:00,0.035659,0.227528,0,0.263187
07/02/2025,10:00:00,0.034682,0.227339,0,0.262021
07/02/2025,11:00:00,0.033732,0.227149,0,0.260881
07/02/2025,12:00:00,0.032808,0.22696,0,0.259768
07/02/2025,13:00:00,0.031909,0.226771,0,0.25868
07/02/2025,14:00:00,0.031035,0.226582,0,0.257617
07/02/2025,15:00:00,0.030185,0.226393,0,0.256578
07/02/2025,16:00:00,0.029358,0.226205,0,0.255563
07/02/2025,17:00:00,0.028554,0.226016,0,0.25457
07/02/2025,18:00:00,0.027771,0.225828,0,0.253599
07/02/2025,19:00:00,0.02701,0.22564,0,0.25265
07/02/2025,20:00:00,0.026271,0.225452,0,0.251723
07/02/2025,21:00:00,0.025551,0.225264,0,0.250815
07/02/2025,22:00:00,0.024851,0.225077,0,0.249928
07/02/2025,23:00:00,0.02417,0.224889,0,0.249059
08/02/2025,00:00:00,0.023508,0.224702,0,0.24821
08/02/2025,01:00:00,0.022864,0.224515,0,0.247379
08/02/2025,02:00:00,0.022238,0.224328,0,0.246566
08/02/2025,03:00:00,0.021628,0.224141,0,0.245769
08/02/2025,04:00:00,0.021036,0.223954,0,0.24499
08/02/2025,05:00:00,0.020459,0.223767,0,0.244226
08/02/2025,06:00:00,0.019899,0.223581,0,0.24348
08/02/2025,07:00:00,0.019354,0.223395,0,0.242749
08/02/2025,08:00:00,0.018824,0.223209,0,0.242033
08/02/2025,09:00:00,0.018308,0.223023,0,0.241331
08/02/2025,10:00:00,0.017806,0.222837,0,0.240643
08/02/2025,11:00:00,0.017319,0.222651,0,0.23997
08/02/2025,12:00:00,0.016844,0.222466,0,0.23931
08/02/2025,13:00:00,0.016383,0.222281,0,0.238664
08/02/2025,14:00:00,0.015934,0.222095,0,0.238029
08/02/2025,15:00:00,0.015497,0.22191,0,0.237407
08/02/2025,16:00:00,0.015073,0.221726,0,0.236799
08/02/2025,17:00:00,0.01466,0.221541,0,0.236201
08/02/2025,18:00:00,0.014258,0.221356,0,0.235614
08/02/2025,19:00:00,0.013868,0.221172,0,0.23504
08/02/2025,20:00:00,0.013488,0.220988,0,0.234476
08/02/2025,21:00:00,0.013118,0.220804,0,0.233922
08/02/2025,22:00:00,0.012759,0.22062,0,0.233379
08/02/2025,23:00:00,0.012409,0.220436,0,0.232845
09/02/2025,00:00:00,0.012069,0.220252,0,0.232321
09/02/2025,01:00:00,0.011739,0.220069,0,0.231808
09/02/2025,02:00:00,0.011417,0.219886,0,0.231303
09/02/2025,03:00:00,0.011104,0.219702,0,0.230806
09/02/2025,04:00:00,0.0108,0.219519,0,0.230319
09/02/2025,05:00:00,0.010504,0.219337,0,0.229841
09/02/2025,06:00:00,0.010216,0.219154,0,0.22937
09/02/2025,07:00:00,0.009937,0.218971,0,0.228908
09/02/2025,08:00:00,0.009664,0.218789,0,0.228453
09/02/2025,09:00:00,0.0094,0.218607,0,0.228007
09/02/2025,10:00:00,0.009142,0.218425,0,0.227567
09/02/2025,11:00:00,0.008892,0.218243,0,0.227135
09/02/2025,12:00:00,0.008648,0.218061,0,0.226709
09/02/2025,13:00:00,0.008411,0.217879,0,0.22629
09/02/2025,14:00:00,0.008181,0.217698,0,0.225879
09/02/2025,15:00:00,0.007957,0.217516,0,0.225473
09/02/2025,16:00:00,0.007739,0.217335,0,0.225074
09/02/2025,17:00:00,0.007527,0.217154,0,0.224681
09/02/2025,18:00:00,0.00732,0.216973,0,0.224293
09/02/2025,19:00:00,0.00712,0.216793,0,0.223913
09/02/2025,20:00:00,0.006925,0.216612,0,0.223537
09/02/2025,21:00:00,0.006735,0.216431,0,0.223166
09/02/2025,22:00:00,0.006551,0.216251,0,0.222802
09/02/2025,23:00:00,0.006371,0.216071,0,0.222442
10/02/2025,00:00:00,0.006197,0.215891,0,0.222088
10/02/2025,01:00:00,0.006027,0.215711,0,0.221738
10/02/2025,02:00:00,0.005862,0.215532,0,0.221394
10/02/2025,03:00:00,0.005701,0.215352,0,0.221053
10/02/2025,04:00:00,0.005545,0.215173,0,0.220718
10/02/2025,05:00:00,0.005393,0.214993,0,0.220386
10/02/2025,06:00:00,0.005245,0.214814,0,0.220059
10/02/2025,07:00:00,0.005102,0.214635,0,0.219737
10/02/2025,08:00:00,0.004962,0.214457,0,0.219419
10/02/2025,09:00:00,0.004826,0.214278,0,0.219104
10/02/2025,10:00:00,0.004694,0.214099,0,0.218793
10/02/2025,11:00:00,0.004565,0.213921,0,0.218486
10/02/2025,12:00:00,0.00444,0.213743,0,0.218183
10/02/2025,13:00:00,0.004318,0.213565,0,0.217883
10/02/2025,14:00:00,0.0042,0.213387,0,0.217587
10/02/2025,15:00:00,0.004085,0.213209,0.380635,0.217294
10/02/2025,16:00:00,0.003973,0.213032,0.333428,0.217005
10/02/2025,17:00:00,0.003864,0.212854,0.015974,0.216718
10/02/2025,18:00:00,0.003758,0.212677,0,0.216435
10/02/2025,19:00:00,0.003655,0.2125,0,0.216155
10/02/2025,20:00:00,0.003555,0.212323,0,0.215878
10/02/2025,21:00:00,0.003458,0.212146,0.076175,0.215604
10/02/2025,22:00:00,0.003363,0.211969,2.078295,0.215332
10/02/2025,23:00:00,0.003271,0.211793,4.292369,0.215064
11/02/2025,00:00:00,0.003181,0.211616,0.983953,0.214797
11/02/2025,01:00:00,0.003094,0.21144,0.03922,0.214534
11/02/2025,02:00:00,0.00301,0.211264,0,0.214274
11/02/2025,03:00:00,0.002927,0.211088,0,0.214015
11/02/2025,04:00:00,0.002847,0.210912,0.199795,0.213759
11/02/2025,05:00:00,0.002769,0.210736,0.295639,0.213505
11/02/2025,06:00:00,0.002693,0.210561,0.014544,0.213254
11/02/2025,07:00:00,0.111414,0.211212,0,0.322626
11/02/2025,08:00:00,0.203703,0.211761,0,0.415464
11/02/2025,09:00:00,0.202124,0.211615,0,0.413739
11/02/2025,10:00:00,0.196587,0.211439,0.038028,0.408026
11/02/2025,11:00:00,0.191201,0.211263,0.316024,0.402464
11/02/2025,12:00:00,0.185963,0.211087,0.539303,0.39705
11/02/2025,13:00:00,0.202497,0.211075,0.46432,0.413572
11/02/2025,14:00:00,0.796835,0.21546,0.184059,1.012295
11/02/2025,15:00:00,2.022269,0.224761,0.122428,2.24703
11/02/2025,16:00:00,2.254161,0.226758,0.005841,2.480919
11/02/2025,17:00:00,2.20372,0.226655,0,2.430375
11/02/2025,18:00:00,2.143348,0.226466,0.028491,2.369814
11/02/2025,19:00:00,2.08463,0.226277,0.00155,2.310907
11/02/2025,20:00:00,2.085736,0.226531,0,2.312267
11/02/2025,21:00:00,2.114854,0.226998,0,2.341852
11/02/2025,22:00:00,2.060884,0.226839,0,2.287723
11/02/2025,23:00:00,2.004425,0.22665,0,2.231075
12/02/2025,00:00:00,1.949513,0.226462,0,2.175975
12/02/2025,01:00:00,1.896105,0.226273,0,2.122378
12/02/2025,02:00:00,1.854915,0.226166,0,2.081081
12/02/2025,03:00:00,1.896214,0.226678,0,2.122892
12/02/2025,04:00:00,2.001912,0.227687,0,2.229599
12/02/2025,05:00:00,2.082845,0.22853,0,2.311375
12/02/2025,06:00:00,2.079327,0.228747,0,2.308074
12/02/2025,07:00:00,2.0578,0.228825,0,2.286625
12/02/2025,08:00:00,2.002591,0.228644,0,2.231235
12/02/2025,09:00:00,1.947729,0.228453,0,2.176182
12/02/2025,10:00:00,1.902163,0.228322,0,2.130485
12/02/2025,11:00:00,1.850052,0.228132,0,2.078184
12/02/2025,12:00:00,1.799369,0.227942,0,2.027311
12/02/2025,13:00:00,1.750074,0.227752,0,1.977826
12/02/2025,14:00:00,1.70213,0.227562,0,1.929692
12/02/2025,15:00:00,1.655499,0.227373,0,1.882872
12/02/2025,16:00:00,1.610146,0.227183,0,1.837329
12/02/2025,17:00:00,1.566035,0.226994,0,1.793029
12/02/2025,18:00:00,1.523133,0.226805,0,1.749938
12/02/2025,19:00:00,1.481406,0.226616,0,1.708022
12/02/2025,20:00:00,1.440822,0.226427,0,1.667249
12/02/2025,21:00:00,1.40135,0.226239,0,1.627589
12/02/2025,22:00:00,1.362959,0.22605,0,1.589009
12/02/2025,23:00:00,1.32562,0.225862,0,1.551482
13/02/2025,00:00:00,1.289304,0.225674,0,1.514978
13/02/2025,01:00:00,1.253983,0.225486,0,1.479469
13/02/2025,02:00:00,1.21963,0.225298,0,1.444928
13/02/2025,03:00:00,1.186217,0.22511,0,1.411327
13/02/2025,04:00:00,1.15372,0.224923,0,1.378643
13/02/2025,05:00:00,1.122113,0.224736,0.104666,1.346849
13/02/2025,06:00:00,1.091372,0.224548,0.005245,1.31592
13/02/2025,07:00:00,1.061474,0.224361,0,1.285835
13/02/2025,08:00:00,1.032394,0.224174,0,1.256568
13/02/2025,09:00:00,1.004111,0.223988,0,1.228099
13/02/2025,10:00:00,0.976603,0.223801,0,1.200404
13/02/2025,11:00:00,0.949848,0.223615,0,1.173463
13/02/2025,12:00:00,0.923827,0.223428,0,1.147255
13/02/2025,13:00:00,0.898518,0.223242,0,1.12176
13/02/2025,14:00:00,0.873903,0.223056,0,1.096959
13/02/2025,15:00:00,0.849962,0.222871,0,1.072833
13/02/2025,16:00:00,0.826676,0.222685,0,1.049361
13/02/2025,17:00:00,0.804029,0.222499,0,1.026528
13/02/2025,18:00:00,0.782002,0.222314,0,1.004316
13/02/2025,19:00:00,0.760579,0.222129,0,0.982708
13/02/2025,20:00:00,0.739743,0.221944,0,0.961687
13/02/2025,21:00:00,0.749547,0.221988,0,0.971535
13/02/2025,22:00:00,0.729784,0.221808,0,0.951592
13/02/2025,23:00:00,0.709791,0.221624,0,0.931415
14/02/2025,00:00:00,0.690346,0.221439,0,0.911785
14/02/2025,01:00:00,0.671434,0.221255,0,0.892689
14/02/2025,02:00:00,0.653039,0.22107,0,0.874109
14/02/2025,03:00:00,0.635149,0.220886,0,0.856035
14/02/2025,04:00:00,0.617749,0.220702,0,0.838451
14/02/2025,05:00:00,0.600825,0.220518,0,0.821343
14/02/2025,06:00:00,0.584365,0.220335,0,0.8047
14/02/2025,07:00:00,0.568356,0.220151,0,0.788507
14/02/2025,08:00:00,0.552786,0.219968,0,0.772754
14/02/2025,09:00:00,0.537642,0.219784,0,0.757426
14/02/2025,10:00:00,0.522913,0.219601,0,0.742514
14/02/2025,11:00:00,0.508587,0.219418,0,0.728005
14/02/2025,12:00:00,0.494654,0.219236,0,0.71389
14/02/2025,13:00:00,0.481103,0.219053,0,0.700156
14/02/2025,14:00:00,0.467923,0.218871,0,0.686794
14/02/2025,15:00:00,0.455104,0.218688,0,0.673792
14/02/2025,16:00:00,0.442636,0.218506,0,0.661142
14/02/2025,17:00:00,0.43051,0.218324,0,0.648834
14/02/2025,18:00:00,0.418716,0.218142,0,0.636858
14/02/2025,19:00:00,0.407245,0.217961,0,0.625206
14/02/2025,20:00:00,0.396088,0.217779,0,0.613867
14/02/2025,21:00:00,0.385237,0.217598,0,0.602835
14/02/2025,22:00:00,0.374684,0.217416,0,0.5921
14/02/2025,23:00:00,0.364419,0.217235,0,0.581654
15/02/2025,00:00:00,0.354435,0.217054,0,0.571489
15/02/2025,01:00:00,0.344725,0.216874,0,0.561599
15/02/2025,02:00:00,0.335282,0.216693,0,0.551975
15/02/2025,03:00:00,0.326096,0.216512,0,0.542608
15/02/2025,04:00:00,0.317163,0.216332,0,0.533495
15/02/2025,05:00:00,0.308474,0.216152,0,0.524626
15/02/2025,06:00:00,0.300023,0.215972,0,0.515995
15/02/2025,07:00:00,0.291804,0.215792,0,0.507596
15/02/2025,08:00:00,0.28381,0.215612,0,0.499422
15/02/2025,09:00:00,0.276035,0.215432,0,0.491467
15/02/2025,10:00:00,0.268472,0.215253,0,0.483725
15/02/2025,11:00:00,0.261118,0.215074,0,0.476192
15/02/2025,12:00:00,0.253964,0.214895,0,0.468859
15/02/2025,13:00:00,0.247007,0.214716,0,0.461723
15/02/2025,14:00:00,0.24024,0.214537,0,0.454777
15/02/2025,15:00:00,0.233658,0.214358,0,0.448016
15/02/2025,16:00:00,0.227257,0.214179,0,0.441436
15/02/2025,17:00:00,0.221031,0.214001,0,0.435032
15/02/2025,18:00:00,0.214976,0.213823,0,0.428799
15/02/2025,19:00:00,0.209087,0.213645,0,0.422732
15/02/2025,20:00:00,0.203359,0.213467,0,0.416826
15/02/2025,21:00:00,0.197787,0.213289,0,0.411076
15/02/2025,22:00:00,0.192369,0.213111,0,0.40548
15/02/2025,23:00:00,0.187099,0.212934,0.171304,0.400033
16/02/2025,00:00:00,0.181973,0.212756,0.065804,0.394729
16/02/2025,01:00:00,0.176988,0.212579,0.00298,0.389567
16/02/2025,02:00:00,0.172139,0.212402,0,0.384541
16/02/2025,03:00:00,0.167423,0.212225,0,0.379648
16/02/2025,04:00:00,0.162837,0.212048,0,0.374885
16/02/2025,05:00:00,0.158376,0.211872,0,0.370248
16/02/2025,06:00:00,0.154037,0.211695,0,0.365732
16/02/2025,07:00:00,0.149817,0.211519,0,0.361336
16/02/2025,08:00:00,0.145713,0.211343,0,0.357056
16/02/2025,09:00:00,0.141721,0.211167,0,0.352888
16/02/2025,10:00:00,0.137838,0.210991,0,0.348829
16/02/2025,11:00:00,0.134062,0.210815,0,0.344877
16/02/2025,12:00:00,0.130389,0.210639,0,0.341028
16/02/2025,13:00:00,0.126817,0.210464,0,0.337281
16/02/2025,14:00:00,0.123343,0.210289,0,0.333632
16/02/2025,15:00:00,0.161291,0.210428,0,0.371719
16/02/2025,16:00:00,0.16724,0.210331,0,0.377571
16/02/2025,17:00:00,0.162659,0.210156,0,0.372815
16/02/2025,18:00:00,0.158202,0.209981,0,0.368183
16/02/2025,19:00:00,0.153868,0.209806,0,0.363674
16/02/2025,20:00:00,0.149653,0.209631,0,0.359284
16/02/2025,21:00:00,0.145553,0.209457,0,0.35501
16/02/2025,22:00:00,0.141566,0.209282,0,0.350848
16/02/2025,23:00:00,0.137687,0.209108,0,0.346795
17/02/2025,00:00:00,0.133915,0.208934,0,0.342849
17/02/2025,01:00:00,0.130247,0.20876,0,0.339007
17/02/2025,02:00:00,0.126679,0.208586,0,0.335265
17/02/2025,03:00:00,0.123208,0.208412,0,0.33162
17/02/2025,04:00:00,0.119833,0.208238,0,0.328071
17/02/2025,05:00:00,0.11655,0.208065,0,0.324615
17/02/2025,06:00:00,0.113357,0.207892,0,0.321249
17/02/2025,07:00:00,0.110252,0.207718,0,0.31797
17/02/2025,08:00:00,0.107231,0.207545,0,0.314776
17/02/2025,09:00:00,0.104293,0.207372,0,0.311665
17/02/2025,10:00:00,0.101436,0.2072,0,0.308636
17/02/2025,11:00:00,0.098657,0.207027,0,0.305684
17/02/2025,12:00:00,0.095955,0.206855,0,0.30281
17/02/2025,13:00:00,0.093326,0.206682,0,0.300008
17/02/2025,14:00:00,0.090769,0.20651,0,0.297279
17/02/2025,15:00:00,0.088283,0.206338,0,0.294621
17/02/2025,16:00:00,0.085864,0.206166,0,0.29203
17/02/2025,17:00:00,0.083512,0.205995,0,0.289507
17/02/2025,18:00:00,0.081224,0.205823,0,0.287047
17/02/2025,19:00:00,0.078999,0.205652,0,0.284651
17/02/2025,20:00:00,0.076834,0.20548,0,0.282314
17/02/2025,21:00:00,0.07473,0.205309,0,0.280039
17/02/2025,22:00:00,0.072682,0.205138,0,0.27782
17/02/2025,23:00:00,0.070691,0.204967,0,0.275658
18/02/2025,00:00:00,0.068754,0.204796,0,0.27355
18/02/2025,01:00:00,0.066871,0.204626,0,0.271497
18/02/2025,02:00:00,0.065039,0.204455,0,0.269494
18/02/2025,03:00:00,0.063257,0.204285,0,0.267542
18/02/2025,04:00:00,0.061524,0.204115,0,0.265639
18/02/2025,05:00:00,0.059839,0.203945,0,0.263784
18/02/2025,06:00:00,0.058199,0.203775,0,0.261974
18/02/2025,07:00:00,0.056605,0.203605,0,0.26021
18/02/2025,08:00:00,0.055054,0.203436,0,0.25849
18/02/2025,09:00:00,0.053546,0.203266,0,0.256812
18/02/2025,10:00:00,0.052079,0.203097,0,0.255176
18/02/2025,11:00:00,0.050652,0.202928,0,0.25358
18/02/2025,12:00:00,0.049265,0.202759,0,0.252024
18/02/2025,13:00:00,0.047915,0.20259,0,0.250505
18/02/2025,14:00:00,0.046602,0.202421,0,0.249023
18/02/2025,15:00:00,0.045326,0.202252,0,0.247578
18/02/2025,16:00:00,0.044084,0.202084,0,0.246168
18/02/2025,17:00:00,0.042876,0.201916,0,0.244792
18/02/2025,18:00:00,0.041702,0.201747,0,0.243449
18/02/2025,19:00:00,0.040559,0.201579,0,0.242138
18/02/2025,20:00:00,0.039448,0.201411,0,0.240859
18/02/2025,21:00:00,0.038367,0.201244,0,0.239611
18/02/2025,22:00:00,0.037316,0.201076,0,0.238392
18/02/2025,23:00:00,0.036294,0.200909,0,0.237203
19/02/2025,00:00:00,0.0353,0.200741,0,0.236041
19/02/2025,01:00:00,0.034333,0.200574,0,0.234907
19/02/2025,02:00:00,0.033392,0.200407,0,0.233799
19/02/2025,03:00:00,0.032477,0.20024,0,0.232717
19/02/2025,04:00:00,0.031588,0.200073,0,0.231661
19/02/2025,05:00:00,0.030722,0.199906,0,0.230628
19/02/2025,06:00:00,0.029881,0.19974,0,0.229621
19/02/2025,07:00:00,0.029062,0.199574,0,0.228636
19/02/2025,08:00:00,0.028266,0.199407,0,0.227673
19/02/2025,09:00:00,0.027491,0.199241,0,0.226732
19/02/2025,10:00:00,0.026738,0.199075,0,0.225813
19/02/2025,11:00:00,0.026006,0.198909,0,0.224915
19/02/2025,12:00:00,0.025293,0.198744,0,0.224037
19/02/2025,13:00:00,0.0246,0.198578,0,0.223178
19/02/2025,14:00:00,0.023926,0.198413,0,0.222339
19/02/2025,15:00:00,0.023271,0.198248,0,0.221519
19/02/2025,16:00:00,0.022633,0.198082,0,0.220715
19/02/2025,17:00:00,0.022013,0.197917,0,0.21993
19/02/2025,18:00:00,0.02141,0.197753,0,0.219163
19/02/2025,19:00:00,0.020824,0.197588,0,0.218412
19/02/2025,20:00:00,0.020253,0.197423,0,0.217676
19/02/2025,21:00:00,0.019698,0.197259,0,0.216957
19/02/2025,22:00:00,0.019159,0.197094,0,0.216253
19/02/2025,23:00:00,0.018634,0.19693,0,0.215564
20/02/2025,00:00:00,0.018123,0.196766,0,0.214889
20/02/2025,01:00:00,0.017627,0.196602,0,0.214229
20/02/2025,02:00:00,0.017144,0.196439,0,0.213583
20/02/2025,03:00:00,0.016674,0.196275,0,0.212949
20/02/2025,04:00:00,0.016218,0.196111,0,0.212329
20/02/2025,05:00:00,0.015773,0.195948,0,0.211721
20/02/2025,06:00:00,0.015341,0.195785,0,0.211126
20/02/2025,07:00:00,0.014921,0.195622,0,0.210543
20/02/2025,08:00:00,0.014512,0.195459,0,0.209971
20/02/2025,09:00:00,0.014115,0.195296,0,0.209411
20/02/2025,10:00:00,0.013728,0.195133,0,0.208861
20/02/2025,11:00:00,0.013352,0.194971,0,0.208323
20/02/2025,12:00:00,0.012986,0.194808,0,0.207794
20/02/2025,13:00:00,0.01263,0.194646,0,0.207276
20/02/2025,14:00:00,0.012284,0.194484,0,0.206768
20/02/2025,15:00:00,0.011948,0.194322,0,0.20627
20/02/2025,16:00:00,0.01162,0.19416,0,0.20578
20/02/2025,17:00:00,0.011302,0.193998,0,0.2053
20/02/2025,18:00:00,0.010992,0.193837,0,0.204829
20/02/2025,19:00:00,0.010691,0.193675,0,0.204366
20/02/2025,20:00:00,0.010398,0.193514,0,0.203912
20/02/2025,21:00:00,0.010114,0.193353,0,0.203467
20/02/2025,22:00:00,0.009836,0.193192,0,0.203028
20/02/2025,23:00:00,0.009567,0.193031,0,0.202598
21/02/2025,00:00:00,0.009305,0.19287,0,0.202175
21/02/2025,01:00:00,0.00905,0.192709,0,0.201759
21/02/2025,02:00:00,0.008802,0.192549,0,0.201351
21/02/2025,03:00:00,0.008561,0.192388,0,0.200949
21/02/2025,04:00:00,0.008326,0.192228,0,0.200554
21/02/2025,05:00:00,0.008098,0.192068,0,0.200166
21/02/2025,06:00:00,0.007876,0.191908,0,0.199784
21/02/2025,07:00:00,0.007661,0.191748,0,0.199409
21/02/2025,08:00:00,0.007451,0.191588,0,0.199039
21/02/2025,09:00:00,0.007247,0.191429,0,0.198676
21/02/2025,10:00:00,0.007048,0.191269,0,0.198317
21/02/2025,11:00:00,0.006855,0.19111,0,0.197965
21/02/2025,12:00:00,0.006667,0.190951,0,0.197618
21/02/2025,13:00:00,0.006485,0.190792,0,0.197277
21/02/2025,14:00:00,0.006307,0.190633,0,0.19694
21/02/2025,15:00:00,0.006134,0.190474,0,0.196608
21/02/2025,16:00:00,0.005966,0.190315,0,0.196281
21/02/2025,17:00:00,0.005803,0.190157,0,0.19596
21/02/2025,18:00:00,0.005644,0.189999,0,0.195643
21/02/2025,19:00:00,0.005489,0.18984,0,0.195329
21/02/2025,20:00:00,0.005339,0.189682,0,0.195021
21/02/2025,21:00:00,0.005192,0.189524,0,0.194716
21/02/2025,22:00:00,0.00505,0.189366,0,0.194416
21/02/2025,23:00:00,0.004912,0.189209,0,0.194121
22/02/2025,00:00:00,0.004777,0.189051,0.237823,0.193828
22/02/2025,01:00:00,0.004646,0.188893,0.012159,0.193539
22/02/2025,02:00:00,0.004519,0.188736,0,0.193255
22/02/2025,03:00:00,0.004395,0.188579,0,0.192974
22/02/2025,04:00:00,0.004275,0.188422,0.038028,0.192697
22/02/2025,05:00:00,0.004158,0.188265,0.106573,0.192423
22/02/2025,06:00:00,0.004044,0.188108,0.186205,0.192152
22/02/2025,07:00:00,0.003933,0.187951,0.113845,0.191884
22/02/2025,08:00:00,0.003825,0.187795,0.623822,0.19162
22/02/2025,09:00:00,0.003721,0.187638,0.221848,0.191359
22/02/2025,10:00:00,0.003619,0.187482,0.009656,0.191101
22/02/2025,11:00:00,0.00352,0.187326,0,0.190846
22/02/2025,12:00:00,0.003423,0.18717,0,0.190593
22/02/2025,13:00:00,0.003329,0.187014,0,0.190343
22/02/2025,14:00:00,0.003238,0.186858,1.103878,0.190096
22/02/2025,15:00:00,0.003149,0.186702,0.32258,0.189851
22/02/2025,16:00:00,0.067888,0.18704,0.708222,0.254928
22/02/2025,17:00:00,0.066028,0.186884,0.035286,0.252912
22/02/2025,18:00:00,0.064219,0.186728,0,0.250947
22/02/2025,19:00:00,0.06246,0.186573,0,0.249033
22/02/2025,20:00:00,0.066157,0.186458,0,0.252615
22/02/2025,21:00:00,0.088928,0.18649,0,0.275418
22/02/2025,22:00:00,0.13341,0.186691,0,0.320101
22/02/2025,23:00:00,0.155415,0.186731,0,0.342146
23/02/2025,00:00:00,0.322949,0.187881,0,0.51083
23/02/2025,01:00:00,0.369829,0.188148,0,0.557977
23/02/2025,02:00:00,0.359697,0.187992,0,0.547689
23/02/2025,03:00:00,0.349843,0.187835,0,0.537678
23/02/2025,04:00:00,0.340259,0.187679,0,0.527938
23/02/2025,05:00:00,0.330938,0.187522,0,0.51846
23/02/2025,06:00:00,0.629075,0.189701,0,0.818776
23/02/2025,07:00:00,0.693682,0.190165,0,0.883847
23/02/2025,08:00:00,0.867375,0.191472,0,1.058847
23/02/2025,09:00:00,0.843613,0.191312,0,1.034925
23/02/2025,10:00:00,0.820502,0.191153,0,1.011655
23/02/2025,11:00:00,0.798024,0.190994,0,0.989018
23/02/2025,12:00:00,0.776162,0.190834,0,0.966996
23/02/2025,13:00:00,0.754898,0.190676,0,0.945574
23/02/2025,14:00:00,0.734217,0.190517,0,0.924734
23/02/2025,15:00:00,0.714103,0.190358,0,0.904461
23/02/2025,16:00:00,0.69454,0.190199,0,0.884739
23/02/2025,17:00:00,0.675513,0.190041,0,0.865554
23/02/2025,18:00:00,0.657007,0.189883,0,0.84689
23/02/2025,19:00:00,0.639008,0.189725,0,0.828733
23/02/2025,20:00:00,0.621502,0.189566,0,0.811068
23/02/2025,21:00:00,0.604475,0.189409,0,0.793884
23/02/2025,22:00:00,0.587915,0.189251,0,0.777166
23/02/2025,23:00:00,0.571809,0.189093,0,0.760902
24/02/2025,00:00:00,0.556144,0.188936,0,0.74508
24/02/2025,01:00:00,0.540908,0.188778,0,0.729686
24/02/2025,02:00:00,0.52609,0.188621,0,0.714711
24/02/2025,03:00:00,0.511677,0.188464,0,0.700141
24/02/2025,04:00:00,0.49766,0.188307,0,0.685967
24/02/2025,05:00:00,0.484026,0.18815,0,0.672176
24/02/2025,06:00:00,0.470766,0.187993,0,0.658759
24/02/2025,07:00:00,0.457869,0.187837,0.190377,0.645706
24/02/2025,08:00:00,0.445325,0.18768,0.009656,0.633005
24/02/2025,09:00:00,0.433125,0.187524,0,0.620649
24/02/2025,10:00:00,0.42126,0.187368,0,0.608628
24/02/2025,11:00:00,0.409719,0.187212,0,0.596931
24/02/2025,12:00:00,0.398495,0.187056,0.085592,0.585551
24/02/2025,13:00:00,0.387578,0.1869,0.090003,0.574478
24/02/2025,14:00:00,0.37696,0.186744,0.166178,0.563704
24/02/2025,15:00:00,0.366633,0.186589,0.008225,0.553222
24/02/2025,16:00:00,0.356589,0.186433,0,0.543022
24/02/2025,17:00:00,0.34682,0.186278,0,0.533098
24/02/2025,18:00:00,0.337318,0.186123,0,0.523441
24/02/2025,19:00:00,0.328077,0.185968,0,0.514045
24/02/2025,20:00:00,0.31909,0.185813,0,0.504903
24/02/2025,21:00:00,0.310348,0.185658,0,0.496006
24/02/2025,22:00:00,0.301846,0.185503,0,0.487349
24/02/2025,23:00:00,0.340507,0.185706,0,0.526213
25/02/2025,00:00:00,0.331179,0.185551,0,0.51673
25/02/2025,01:00:00,0.322106,0.185396,0,0.507502
25/02/2025,02:00:00,0.313282,0.185242,0,0.498524
25/02/2025,03:00:00,0.304699,0.185088,0,0.489787
25/02/2025,04:00:00,0.313071,0.185061,0,0.498132
25/02/2025,05:00:00,0.322437,0.185043,0,0.50748
25/02/2025,06:00:00,0.353385,0.185191,0,0.538576
25/02/2025,07:00:00,0.343704,0.185037,0,0.528741
25/02/2025,08:00:00,0.334288,0.184883,0,0.519171
25/02/2025,09:00:00,0.32513,0.184729,0,0.509859
25/02/2025,10:00:00,0.316223,0.184575,0,0.500798
25/02/2025,11:00:00,0.30756,0.184421,0.028491,0.491981
25/02/2025,12:00:00,0.299134,0.184267,0.00155,0.483401
25/02/2025,13:00:00,0.290939,0.184114,0,0.475053
25/02/2025,14:00:00,0.282969,0.183961,0,0.46693
25/02/2025,15:00:00,0.275217,0.183807,0,0.459024
25/02/2025,16:00:00,0.267677,0.183654,0,0.451331
25/02/2025,17:00:00,0.260344,0.183501,0,0.443845
25/02/2025,18:00:00,0.253212,0.183348,0,0.43656
25/02/2025,19:00:00,0.246275,0.183196,0.561357,0.429471
25/02/2025,20:00:00,0.239528,0.183043,2.968907,0.422571
25/02/2025,21:00:00,0.232966,0.182891,3.889322,0.415857
25/02/2025,22:00:00,0.226584,0.182738,0.190377,0.409322
25/02/2025,23:00:00,0.220376,0.182586,0.313997,0.402962
26/02/2025,00:00:00,0.214339,0.182434,0.14925,0.396773
26/02/2025,01:00:00,0.208467,0.182282,0.006795,0.390749
26/02/2025,02:00:00,0.202756,0.18213,0,0.384886
26/02/2025,03:00:00,0.197201,0.181978,0,0.379179
26/02/2025,04:00:00,0.191799,0.181827,0,0.373626
26/02/2025,05:00:00,0.186545,0.181675,0,0.36822
26/02/2025,06:00:00,0.181434,0.181524,0,0.362958
26/02/2025,07:00:00,0.176464,0.181373,0,0.357837
26/02/2025,08:00:00,0.171629,0.181222,0,0.352851
26/02/2025,09:00:00,0.166927,0.181071,0,0.347998
26/02/2025,10:00:00,0.162354,0.18092,0,0.343274
26/02/2025,11:00:00,0.306442,0.181898,0,0.48834
26/02/2025,12:00:00,1.138739,0.188137,0,1.326876
26/02/2025,13:00:00,2.220052,0.196437,0,2.416489
26/02/2025,14:00:00,2.201463,0.196594,0,2.398057
26/02/2025,15:00:00,2.219132,0.197023,0,2.416155
26/02/2025,16:00:00,2.188455,0.197088,0,2.385543
26/02/2025,17:00:00,2.128501,0.196924,0.095129,2.325425
26/02/2025,18:00:00,2.070189,0.19676,1.222849,2.266949
26/02/2025,19:00:00,2.013475,0.196596,0.689983,2.210071
26/02/2025,20:00:00,1.958315,0.196432,2.249122,2.154747
26/02/2025,21:00:00,1.904666,0.196269,0.265121,2.100935
26/02/2025,22:00:00,1.852487,0.196105,0.521541,2.048592
26/02/2025,23:00:00,1.801737,0.195942,0.026226,1.997679
27/02/2025,00:00:00,1.752378,0.195779,0.076056,1.948157
27/02/2025,01:00:00,1.70437,0.195616,0.003934,1.899986
27/02/2025,02:00:00,1.657678,0.195453,0,1.853131
27/02/2025,03:00:00,1.612265,0.19529,0,1.807555
27/02/2025,04:00:00,1.568096,0.195127,0,1.763223
27/02/2025,05:00:00,1.525138,0.194965,0,1.720103
27/02/2025,06:00:00,1.483356,0.194802,0,1.678158
27/02/2025,07:00:00,1.442718,0.19464,0,1.637358
27/02/2025,08:00:00,1.403194,0.194478,0,1.597672
27/02/2025,09:00:00,1.383215,0.194456,0,1.577671
27/02/2025,10:00:00,1.691532,0.196926,0,1.888458
27/02/2025,11:00:00,1.837266,0.198222,0.047565,2.035488
27/02/2025,12:00:00,2.434721,0.202981,0.173688,2.637702
27/02/2025,13:00:00,2.437315,0.203339,0.132442,2.640654
27/02/2025,14:00:00,2.515211,0.204269,0.006318,2.71948
27/02/2025,15:00:00,2.446305,0.204099,0,2.650404
27/02/2025,16:00:00,2.393832,0.204039,0.228405,2.597871
27/02/2025,17:00:00,2.328251,0.203869,0.534892,2.53212
27/02/2025,18:00:00,2.264468,0.203699,0.997305,2.468167
27/02/2025,19:00:00,2.202432,0.20353,0.230193,2.405962
27/02/2025,20:00:00,2.142095,0.20336,0.009179,2.345455
27/02/2025,21:00:00,2.083411,0.203191,0,2.286602
27/02/2025,22:00:00,2.026335,0.203022,0,2.229357
27/02/2025,23:00:00,1.970822,0.202853,0,2.173675
28/02/2025,00:00:00,1.916831,0.202684,0,2.119515
28/02/2025,01:00:00,1.864318,0.202515,0.02861,2.066833
28/02/2025,02:00:00,1.813244,0.202346,0.581861,2.01559
28/02/2025,03:00:00,1.767688,0.202209,0.029564,1.969897
28/02/2025,04:00:00,1.760096,0.202351,0,1.962447
28/02/2025,05:00:00,1.740452,0.202399,0,1.942851
28/02/2025,06:00:00,1.692771,0.202231,0,1.895002
28/02/2025,07:00:00,1.646397,0.202062,0,1.848459
28/02/2025,08:00:00,1.657389,0.20232,0,1.859709
28/02/2025,09:00:00,1.757723,0.20326,0,1.960983
28/02/2025,10:00:00,1.990904,0.205229,0,2.196133
28/02/2025,11:00:00,1.992614,0.205486,0,2.1981
28/02/2025,12:00:00,1.938025,0.205314,0,2.143339
28/02/2025,13:00:00,1.884932,0.205143,0,2.090075
28/02/2025,14:00:00,1.833293,0.204973,0,2.038266
28/02/2025,15:00:00,1.783069,0.204802,0,1.987871
28/02/2025,16:00:00,1.734221,0.204631,0,1.938852
28/02/2025,17:00:00,1.686711,0.204461,0,1.891172
28/02/2025,18:00:00,1.799867,0.205502,0,2.005369
28/02/2025,19:00:00,1.750558,0.205331,0,1.955889
28/02/2025,20:00:00,1.702601,0.20516,0,1.907761
28/02/2025,21:00:00,1.655957,0.204989,0,1.860946
28/02/2025,22:00:00,1.610591,0.204818,0,1.815409
28/02/2025,23:00:00,1.566468,0.204647,0,1.771115
01/03/2025,00:00:00,1.523554,0.204477,0,1.728031
01/03/2025,01:00:00,1.481816,0.204307,0,1.686123
01/03/2025,02:00:00,1.441221,0.204136,0,1.645357
01/03/2025,03:00:00,1.401738,0.203966,0,1.605704
01/03/2025,04:00:00,1.363336,0.203796,0,1.567132
01/03/2025,05:00:00,1.325987,0.203627,0,1.529614
01/03/2025,06:00:00,1.289661,0.203457,0,1.493118
01/03/2025,07:00:00,1.25433,0.203288,0,1.457618
01/03/2025,08:00:00,1.219967,0.203118,0,1.423085
01/03/2025,09:00:00,1.186545,0.202949,0,1.389494
01/03/2025,10:00:00,1.154039,0.20278,0,1.356819
01/03/2025,11:00:00,1.122424,0.202611,0,1.325035
01/03/2025,12:00:00,1.091674,0.202442,0,1.294116
01/03/2025,13:00:00,1.061767,0.202274,0,1.264041
01/03/2025,14:00:00,1.03268,0.202105,0,1.234785
01/03/2025,15:00:00,1.004389,0.201937,0,1.206326
01/03/2025,16:00:00,0.976873,0.201769,0,1.178642
01/03/2025,17:00:00,0.950111,0.201601,0,1.151712
01/03/2025,18:00:00,0.924082,0.201433,0,1.125515
01/03/2025,19:00:00,0.898767,0.201265,0,1.100032
01/03/2025,20:00:00,0.874144,0.201097,0,1.075241
01/03/2025,21:00:00,0.850197,0.20093,0,1.051127
01/03/2025,22:00:00,0.826905,0.200762,0,1.027667
01/03/2025,23:00:00,0.804252,0.200595,0,1.004847
02/03/2025,00:00:00,0.782219,0.200428,0,0.982647
02/03/2025,01:00:00,0.76079,0.200261,0,0.961051
02/03/2025,02:00:00,0.739947,0.200094,0,0.940041
02/03/2025,03:00:00,0.719676,0.199928,0,0.919604
02/03/2025,04:00:00,0.69996,0.199761,0,0.899721
02/03/2025,05:00:00,0.680784,0.199595,0,0.880379
02/03/2025,06:00:00,0.662134,0.199428,0,0.861562
02/03/2025,07:00:00,0.643994,0.199262,0,0.843256
02/03/2025,08:00:00,0.626352,0.199096,0,0.825448
02/03/2025,09:00:00,0.609193,0.19893,0.028491,0.808123
02/03/2025,10:00:00,0.592503,0.198765,0.001431,0.791268
02/03/2025,11:00:00,0.576272,0.198599,0,0.774871
02/03/2025,12:00:00,0.560484,0.198434,0,0.758918
02/03/2025,13:00:00,0.54513,0.198268,0,0.743398
02/03/2025,14:00:00,0.530195,0.198103,0,0.728298
02/03/2025,15:00:00,0.51567,0.197938,0,0.713608
02/03/2025,16:00:00,0.501543,0.197773,0,0.699316
02/03/2025,17:00:00,0.487803,0.197609,0,0.685412
02/03/2025,18:00:00,0.47444,0.197444,0,0.671884
02/03/2025,19:00:00,0.461442,0.19728,0,0.658722
02/03/2025,20:00:00,0.448801,0.197115,0,0.645916
02/03/2025,21:00:00,0.436506,0.196951,0,0.633457
02/03/2025,22:00:00,0.424547,0.196787,0,0.621334
02/03/2025,23:00:00,0.412917,0.196623,0,0.60954
03/03/2025,00:00:00,0.401605,0.196459,0,0.598064
03/03/2025,01:00:00,0.390602,0.196296,0,0.586898
03/03/2025,02:00:00,0.379902,0.196132,0,0.576034
03/03/2025,03:00:00,0.369494,0.195969,0,0.565463
03/03/2025,04:00:00,0.359372,0.195805,0,0.555177
03/03/2025,05:00:00,0.349526,0.195642,0,0.545168
03/03/2025,06:00:00,0.339951,0.195479,0,0.53543
03/03/2025,07:00:00,0.330638,0.195317,0,0.525955
03/03/2025,08:00:00,0.32158,0.195154,0,0.516734
03/03/2025,09:00:00,0.31277,0.194991,0,0.507761
03/03/2025,10:00:00,0.304201,0.194829,0,0.49903
03/03/2025,11:00:00,0.295868,0.194667,0,0.490535
03/03/2025,12:00:00,0.287762,0.194504,0,0.482266
03/03/2025,13:00:00,0.279879,0.194342,0,0.474221
03/03/2025,14:00:00,0.272211,0.194181,0,0.466392
03/03/2025,15:00:00,0.264754,0.194019,0,0.458773
03/03/2025,16:00:00,0.257501,0.193857,0,0.451358
03/03/2025,17:00:00,0.250447,0.193696,0,0.444143
03/03/2025,18:00:00,0.243585,0.193534,0,0.437119
03/03/2025,19:00:00,0.236912,0.193373,0,0.430285
03/03/2025,20:00:00,0.230422,0.193212,0,0.423634
03/03/2025,21:00:00,0.224109,0.193051,0,0.41716
03/03/2025,22:00:00,0.21797,0.19289,0,0.41086
03/03/2025,23:00:00,0.211998,0.19273,0,0.404728
04/03/2025,00:00:00,0.206191,0.192569,0,0.39876
04/03/2025,01:00:00,0.200542,0.192409,0,0.392951
04/03/2025,02:00:00,0.195048,0.192248,0,0.387296
04/03/2025,03:00:00,0.189705,0.192088,0,0.381793
04/03/2025,04:00:00,0.184507,0.191928,0,0.376435
04/03/2025,05:00:00,0.179453,0.191768,0,0.371221
04/03/2025,06:00:00,0.174537,0.191609,0,0.366146
04/03/2025,07:00:00,0.169755,0.191449,0,0.361204
04/03/2025,08:00:00,0.165105,0.19129,0,0.356395
04/03/2025,09:00:00,0.160581,0.19113,0,0.351711
04/03/2025,10:00:00,0.156182,0.190971,0,0.347153
04/03/2025,11:00:00,0.151904,0.190812,0,0.342716
04/03/2025,12:00:00,0.147742,0.190653,0,0.338395
04/03/2025,13:00:00,0.143695,0.190494,0,0.334189
04/03/2025,14:00:00,0.139758,0.190336,0,0.330094
04/03/2025,15:00:00,0.135929,0.190177,0,0.326106
04/03/2025,16:00:00,0.132205,0.190019,0,0.322224
04/03/2025,17:00:00,0.128584,0.18986,0,0.318444
04/03/2025,18:00:00,0.125061,0.189702,0,0.314763
04/03/2025,19:00:00,0.121635,0.189544,0,0.311179
04/03/2025,20:00:00,0.118303,0.189386,0,0.307689
04/03/2025,21:00:00,0.115062,0.189228,0,0.30429
04/03/2025,22:00:00,0.111909,0.189071,0,0.30098
04/03/2025,23:00:00,0.108844,0.188913,0,0.297757
05/03/2025,00:00:00,0.105862,0.188756,0,0.294618
05/03/2025,01:00:00,0.102962,0.188599,0,0.291561
05/03/2025,02:00:00,0.100141,0.188442,0,0.288583
05/03/2025,03:00:00,0.097398,0.188285,0,0.285683
05/03/2025,04:00:00,0.094729,0.188128,0,0.282857
05/03/2025,05:00:00,0.092134,0.187971,0,0.280105
05/03/2025,06:00:00,0.08961,0.187815,0,0.277425
05/03/2025,07:00:00,0.087155,0.187658,0,0.274813
05/03/2025,08:00:00,0.084768,0.187502,0,0.27227
05/03/2025,09:00:00,0.082445,0.187346,0,0.269791
05/03/2025,10:00:00,0.080187,0.18719,0,0.267377
05/03/2025,11:00:00,0.07799,0.187034,0,0.265024
05/03/2025,12:00:00,0.075853,0.186878,0,0.262731
05/03/2025,13:00:00,0.073775,0.186722,0,0.260497
05/03/2025,14:00:00,0.071754,0.186567,0,0.258321
05/03/2025,15:00:00,0.069788,0.186411,0,0.256199
05/03/2025,16:00:00,0.067877,0.186256,0,0.254133
05/03/2025,17:00:00,0.066017,0.186101,0,0.252118
05/03/2025,18:00:00,0.064208,0.185946,0,0.250154
05/03/2025,19:00:00,0.062449,0.185791,0,0.24824
05/03/2025,20:00:00,0.060739,0.185636,0,0.246375
05/03/2025,21:00:00,0.059075,0.185481,0,0.244556
05/03/2025,22:00:00,0.057456,0.185327,0,0.242783
05/03/2025,23:00:00,0.055882,0.185173,0,0.241055
06/03/2025,00:00:00,0.054351,0.185018,0,0.239369
06/03/2025,01:00:00,0.052862,0.184864,0,0.237726
06/03/2025,02:00:00,0.051414,0.18471,0,0.236124
06/03/2025,03:00:00,0.050006,0.184556,0,0.234562
06/03/2025,04:00:00,0.048636,0.184403,0,0.233039
06/03/2025,05:00:00,0.047303,0.184249,0,0.231552
06/03/2025,06:00:00,0.046007,0.184096,0,0.230103
06/03/2025,07:00:00,0.044747,0.183942,0,0.228689
06/03/2025,08:00:00,0.043521,0.183789,0,0.22731
06/03/2025,09:00:00,0.042329,0.183636,0,0.225965
06/03/2025,10:00:00,0.041169,0.183483,0,0.224652
06/03/2025,11:00:00,0.040041,0.18333,0,0.223371
06/03/2025,12:00:00,0.038944,0.183177,0,0.222121
06/03/2025,13:00:00,0.037877,0.183025,0,0.220902
06/03/2025,14:00:00,0.03684,0.182872,0,0.219712
06/03/2025,15:00:00,0.035831,0.18272,0,0.218551
06/03/2025,16:00:00,0.034849,0.182568,0,0.217417
06/03/2025,17:00:00,0.033894,0.182416,0,0.21631
06/03/2025,18:00:00,0.032966,0.182264,0,0.21523
06/03/2025,19:00:00,0.032063,0.182112,0,0.214175
06/03/2025,20:00:00,0.031184,0.18196,0,0.213144
06/03/2025,21:00:00,0.03033,0.181809,0,0.212139
06/03/2025,22:00:00,0.029499,0.181657,0,0.211156
06/03/2025,23:00:00,0.028691,0.181506,0,0.210197
07/03/2025,00:00:00,0.027905,0.181355,0,0.20926
07/03/2025,01:00:00,0.02714,0.181204,0,0.208344
07/03/2025,02:00:00,0.026397,0.181053,0,0.20745
07/03/2025,03:00:00,0.025674,0.180902,0,0.206576
07/03/2025,04:00:00,0.02497,0.180751,0,0.205721
07/03/2025,05:00:00,0.024286,0.180601,0,0.204887
07/03/2025,06:00:00,0.023621,0.18045,0,0.204071
07/03/2025,07:00:00,0.022974,0.1803,0,0.203274
07/03/2025,08:00:00,0.022344,0.18015,0,0.202494
07/03/2025,09:00:00,0.021732,0.18,0,0.201732
07/03/2025,10:00:00,0.021137,0.17985,0,0.200987
07/03/2025,11:00:00,0.020558,0.1797,0,0.200258
07/03/2025,12:00:00,0.019995,0.17955,0,0.199545
07/03/2025,13:00:00,0.019447,0.179401,0,0.198848
07/03/2025,14:00:00,0.018914,0.179251,0,0.198165
07/03/2025,15:00:00,0.018396,0.179102,0,0.197498
07/03/2025,16:00:00,0.017892,0.178953,0,0.196845
07/03/2025,17:00:00,0.017402,0.178804,0,0.196206
07/03/2025,18:00:00,0.016925,0.178655,0,0.19558
07/03/2025,19:00:00,0.016461,0.178506,0,0.194967
07/03/2025,20:00:00,0.016011,0.178357,0,0.194368
07/03/2025,21:00:00,0.015572,0.178209,0,0.193781
07/03/2025,22:00:00,0.015145,0.17806,0,0.193205
07/03/2025,23:00:00,0.01473,0.177912,0,0.192642
08/03/2025,00:00:00,0.014327,0.177764,0,0.192091
08/03/2025,01:00:00,0.013934,0.177616,0,0.19155
08/03/2025,02:00:00,0.013553,0.177468,0,0.191021
08/03/2025,03:00:00,0.013181,0.17732,0,0.190501
08/03/2025,04:00:00,0.01282,0.177172,0,0.189992
08/03/2025,05:00:00,0.012469,0.177025,0,0.189494
08/03/2025,06:00:00,0.012127,0.176877,0,0.189004
08/03/2025,07:00:00,0.011795,0.17673,0,0.188525
08/03/2025,08:00:00,0.011472,0.176583,0,0.188055
08/03/2025,09:00:00,0.011158,0.176435,0,0.187593
08/03/2025,10:00:00,0.010852,0.176288,0,0.18714
08/03/2025,11:00:00,0.010555,0.176142,0,0.186697
08/03/2025,12:00:00,0.010266,0.175995,0,0.186261
08/03/2025,13:00:00,0.009984,0.175848,0,0.185832
08/03/2025,14:00:00,0.009711,0.175702,0,0.185413
08/03/2025,15:00:00,0.009445,0.175555,0,0.185
08/03/2025,16:00:00,0.009186,0.175409,0,0.184595
08/03/2025,17:00:00,0.008934,0.175263,0,0.184197
08/03/2025,18:00:00,0.00869,0.175117,0,0.183807
08/03/2025,19:00:00,0.008452,0.174971,0,0.183423
08/03/2025,20:00:00,0.00822,0.174826,0,0.183046
08/03/2025,21:00:00,0.007995,0.17468,0,0.182675
08/03/2025,22:00:00,0.007776,0.174534,0,0.18231
08/03/2025,23:00:00,0.007563,0.174389,0,0.181952
09/03/2025,00:00:00,0.007356,0.174244,0,0.1816
09/03/2025,01:00:00,0.007154,0.174099,0,0.181253
09/03/2025,02:00:00,0.006958,0.173954,0,0.180912
09/03/2025,03:00:00,0.006768,0.173809,0,0.180577
09/03/2025,04:00:00,0.006582,0.173664,0,0.180246
09/03/2025,05:00:00,0.006402,0.173519,0,0.179921
09/03/2025,06:00:00,0.006226,0.173375,0,0.179601
09/03/2025,07:00:00,0.006056,0.17323,0,0.179286
09/03/2025,08:00:00,0.00589,0.173086,0,0.178976
09/03/2025,09:00:00,0.005729,0.172942,0,0.178671
09/03/2025,10:00:00,0.005572,0.172798,0,0.17837
09/03/2025,11:00:00,0.005419,0.172654,0,0.178073
09/03/2025,12:00:00,0.005271,0.17251,0,0.177781
09/03/2025,13:00:00,0.005126,0.172366,0,0.177492
09/03/2025,14:00:00,0.004986,0.172223,0,0.177209
09/03/2025,15:00:00,0.004849,0.172079,0,0.176928
09/03/2025,16:00:00,0.004716,0.171936,0,0.176652
09/03/2025,17:00:00,0.004587,0.171793,0,0.17638
09/03/2025,18:00:00,0.004461,0.17165,0,0.176111
09/03/2025,19:00:00,0.004339,0.171507,0,0.175846
09/03/2025,20:00:00,0.00422,0.171364,0,0.175584
09/03/2025,21:00:00,0.004105,0.171221,0,0.175326
09/03/2025,22:00:00,0.003992,0.171078,0,0.17507
09/03/2025,23:00:00,0.003883,0.170936,0,0.174819
10/03/2025,00:00:00,0.003777,0.170793,0,0.17457
10/03/2025,01:00:00,0.003673,0.170651,0,0.174324
10/03/2025,02:00:00,0.003572,0.170509,0,0.174081
10/03/2025,03:00:00,0.003475,0.170367,0,0.173842
10/03/2025,04:00:00,0.003379,0.170225,0,0.173604
10/03/2025,05:00:00,0.003287,0.170083,0,0.17337
10/03/2025,06:00:00,0.003197,0.169942,0,0.173139
10/03/2025,07:00:00,0.003109,0.1698,0,0.172909
10/03/2025,08:00:00,0.003024,0.169659,0,0.172683
10/03/2025,09:00:00,0.002941,0.169517,0,0.172458
10/03/2025,10:00:00,0.002861,0.169376,0,0.172237
10/03/2025,11:00:00,0.002782,0.169235,0,0.172017
10/03/2025,12:00:00,0.002706,0.169094,0,0.1718
10/03/2025,13:00:00,0.002632,0.168953,0,0.171585
10/03/2025,14:00:00,0.00256,0.168812,0,0.171372
10/03/2025,15:00:00,0.00249,0.168672,0,0.171162
10/03/2025,16:00:00,0.002421,0.168531,0,0.170952
10/03/2025,17:00:00,0.002355,0.168391,0,0.170746
10/03/2025,18:00:00,0.002291,0.168251,0,0.170542
10/03/2025,19:00:00,0.002228,0.168111,0,0.170339
10/03/2025,20:00:00,0.002167,0.167971,0,0.170138
10/03/2025,21:00:00,0.002107,0.167831,0,0.169938
10/03/2025,22:00:00,0.00205,0.167691,0,0.169741
10/03/2025,23:00:00,0.001994,0.167551,0,0.169545
11/03/2025,00:00:00,0.001939,0.167412,0,0.169351
11/03/2025,01:00:00,0.001886,0.167272,0,0.169158
11/03/2025,02:00:00,0.001834,0.167133,0,0.168967
11/03/2025,03:00:00,0.001784,0.166994,0,0.168778
11/03/2025,04:00:00,0.001735,0.166854,0,0.168589
11/03/2025,05:00:00,0.001687,0.166715,0,0.168402
11/03/2025,06:00:00,0.001641,0.166577,0,0.168218
11/03/2025,07:00:00,0.001596,0.166438,0,0.168034
11/03/2025,08:00:00,0.001553,0.166299,0,0.167852
11/03/2025,09:00:00,0.00151,0.166161,0,0.167671
11/03/2025,10:00:00,0.001469,0.166022,0,0.167491
11/03/2025,11:00:00,0.001428,0.165884,0,0.167312
11/03/2025,12:00:00,0.001389,0.165746,0,0.167135
11/03/2025,13:00:00,0.001351,0.165608,0,0.166959
11/03/2025,14:00:00,0.001314,0.16547,0,0.166784
11/03/2025,15:00:00,0.001278,0.165332,0,0.16661
11/03/2025,16:00:00,0.001243,0.165194,0,0.166437
11/03/2025,17:00:00,0.001209,0.165057,0,0.166266
11/03/2025,18:00:00,0.001176,0.164919,0,0.166095
11/03/2025,19:00:00,0.001144,0.164782,0,0.165926
11/03/2025,20:00:00,0.001112,0.164644,0,0.165756
11/03/2025,21:00:00,0.001082,0.164507,0,0.165589
11/03/2025,22:00:00,0.001052,0.16437,0,0.165422
11/03/2025,23:00:00,0.001024,0.164233,0,0.165257
12/03/2025,00:00:00,0.000995,0.164097,0,0.165092
12/03/2025,01:00:00,0.000968,0.16396,0,0.164928
12/03/2025,02:00:00,0.000942,0.163823,0,0.164765
12/03/2025,03:00:00,0.000916,0.163687,0,0.164603
12/03/2025,04:00:00,0.000891,0.16355,0,0.164441
12/03/2025,05:00:00,0.000866,0.163414,0,0.16428
12/03/2025,06:00:00,0.000843,0.163278,0,0.164121
12/03/2025,07:00:00,0.00082,0.163142,0,0.163962
12/03/2025,08:00:00,0.000797,0.163006,0,0.163803
12/03/2025,09:00:00,0.000775,0.16287,0,0.163645
12/03/2025,10:00:00,0.000754,0.162735,0.494838,0.163489
12/03/2025,11:00:00,0.000733,0.162599,0.025272,0.163332
12/03/2025,12:00:00,0.000713,0.162464,0.161767,0.163177
12/03/2025,13:00:00,0.000694,0.162328,0.008225,0.163022
12/03/2025,14:00:00,0.000675,0.162193,0,0.162868
12/03/2025,15:00:00,0.000656,0.162058,0,0.162714
12/03/2025,16:00:00,0.000638,0.161923,0,0.162561
12/03/2025,17:00:00,0.000621,0.161788,0,0.162409
12/03/2025,18:00:00,0.000604,0.161653,0,0.162257
12/03/2025,19:00:00,0.000587,0.161519,0,0.162106
12/03/2025,20:00:00,0.000571,0.161384,0,0.161955
12/03/2025,21:00:00,0.000556,0.16125,0,0.161806
12/03/2025,22:00:00,0.00054,0.161116,0,0.161656
12/03/2025,23:00:00,0.000525,0.160981,0,0.161506
13/03/2025,00:00:00,0.000511,0.160847,0,0.161358
13/03/2025,01:00:00,0.000497,0.160713,0,0.16121
13/03/2025,02:00:00,0.128887,0.161555,0.038028,0.290442
13/03/2025,03:00:00,0.125411,0.161421,0.001907,0.286832
13/03/2025,04:00:00,0.159198,0.16157,0,0.320768
13/03/2025,05:00:00,0.154837,0.161435,0,0.316272
13/03/2025,06:00:00,0.150595,0.161301,0,0.311896
13/03/2025,07:00:00,0.146469,0.161166,0,0.307635
13/03/2025,08:00:00,0.142457,0.161032,0,0.303489
13/03/2025,09:00:00,0.138554,0.160898,0,0.299452
13/03/2025,10:00:00,0.134758,0.160764,0,0.295522
13/03/2025,11:00:00,0.131067,0.16063,0,0.291697
13/03/2025,12:00:00,0.127476,0.160496,0,0.287972
13/03/2025,13:00:00,0.123984,0.160363,0,0.284347
13/03/2025,14:00:00,0.120587,0.160229,0,0.280816
13/03/2025,15:00:00,0.117284,0.160095,0.066638,0.277379
13/03/2025,16:00:00,0.114071,0.159962,0.003338,0.274033
13/03/2025,17:00:00,0.110946,0.159829,0,0.270775
13/03/2025,18:00:00,0.1095,0.159708,0,0.269208
13/03/2025,19:00:00,0.106501,0.159575,0,0.266076
13/03/2025,20:00:00,0.103583,0.159442,0.076175,0.263025
13/03/2025,21:00:00,0.100745,0.159309,0.003815,0.260054
13/03/2025,22:00:00,0.097985,0.159176,0,0.257161
13/03/2025,23:00:00,0.095301,0.159044,0,0.254345
14/03/2025,00:00:00,0.09269,0.158911,0,0.251601
14/03/2025,01:00:00,0.090151,0.158779,0,0.24893
14/03/2025,02:00:00,0.087681,0.158647,0,0.246328
14/03/2025,03:00:00,0.085279,0.158515,0,0.243794
14/03/2025,04:00:00,0.082943,0.158383,0,0.241326
14/03/2025,05:00:00,0.080671,0.158251,0,0.238922
14/03/2025,06:00:00,0.078461,0.158119,0,0.23658
14/03/2025,07:00:00,0.084581,0.15805,0,0.242631
14/03/2025,08:00:00,0.082264,0.157918,0,0.240182
14/03/2025,09:00:00,0.08001,0.157787,0,0.237797
14/03/2025,10:00:00,0.077818,0.157655,0,0.235473
14/03/2025,11:00:00,0.075686,0.157524,0,0.23321
14/03/2025,12:00:00,0.084047,0.157472,0,0.241519
14/03/2025,13:00:00,0.081745,0.157341,0,0.239086
14/03/2025,14:00:00,0.079505,0.15721,0,0.236715
14/03/2025,15:00:00,0.077327,0.157079,0,0.234406
14/03/2025,16:00:00,0.075209,0.156948,0,0.232157
14/03/2025,17:00:00,0.073148,0.156817,0,0.229965
14/03/2025,18:00:00,0.071144,0.156687,0,0.227831
14/03/2025,19:00:00,0.069195,0.156556,0,0.225751
14/03/2025,20:00:00,0.0673,0.156426,0,0.223726
14/03/2025,21:00:00,0.065456,0.156295,0,0.221751
14/03/2025,22:00:00,0.063663,0.156165,0,0.219828
14/03/2025,23:00:00,0.061919,0.156035,0,0.217954
15/03/2025,00:00:00,0.060222,0.155905,0,0.216127
15/03/2025,01:00:00,0.058573,0.155775,0,0.214348
15/03/2025,02:00:00,0.056968,0.155646,0,0.212614
15/03/2025,03:00:00,0.055407,0.155516,0,0.210923
15/03/2025,04:00:00,0.053889,0.155386,0,0.209275
15/03/2025,05:00:00,0.052413,0.155257,0,0.20767
15/03/2025,06:00:00,0.050977,0.155128,0,0.206105
15/03/2025,07:00:00,0.049581,0.154998,0,0.204579
15/03/2025,08:00:00,0.048222,0.154869,0,0.203091
15/03/2025,09:00:00,0.046901,0.15474,0,0.201641
15/03/2025,10:00:00,0.045616,0.154611,0,0.200227
15/03/2025,11:00:00,0.044367,0.154483,0,0.19885
15/03/2025,12:00:00,0.043151,0.154354,0,0.197505
15/03/2025,13:00:00,0.041969,0.154225,0,0.196194
15/03/2025,14:00:00,0.040819,0.154097,0,0.194916
15/03/2025,15:00:00,0.039701,0.153968,0,0.193669
15/03/2025,16:00:00,0.038613,0.15384,0,0.192453
15/03/2025,17:00:00,0.037556,0.153712,0,0.191268
15/03/2025,18:00:00,0.036527,0.153584,0,0.190111
15/03/2025,19:00:00,0.035526,0.153456,0,0.188982
15/03/2025,20:00:00,0.034553,0.153328,0,0.187881
15/03/2025,21:00:00,0.033606,0.153201,0,0.186807
15/03/2025,22:00:00,0.032686,0.153073,0,0.185759
15/03/2025,23:00:00,0.03179,0.152945,0,0.184735
16/03/2025,00:00:00,0.030919,0.152818,0,0.183737
16/03/2025,01:00:00,0.030072,0.152691,0,0.182763
16/03/2025,02:00:00,0.029248,0.152564,0,0.181812
16/03/2025,03:00:00,0.028447,0.152436,0,0.180883
16/03/2025,04:00:00,0.027668,0.15231,0,0.179978
16/03/2025,05:00:00,0.02691,0.152183,0,0.179093
16/03/2025,06:00:00,0.026173,0.152056,0,0.178229
16/03/2025,07:00:00,0.025456,0.151929,0,0.177385
16/03/2025,08:00:00,0.024758,0.151803,0,0.176561
16/03/2025,09:00:00,0.02408,0.151676,0,0.175756
16/03/2025,10:00:00,0.02342,0.15155,0,0.17497
16/03/2025,11:00:00,0.022779,0.151424,0,0.174203
16/03/2025,12:00:00,0.022155,0.151297,0,0.173452
16/03/2025,13:00:00,0.021548,0.151171,0,0.172719
16/03/2025,14:00:00,0.020957,0.151046,0,0.172003
16/03/2025,15:00:00,0.020383,0.15092,0,0.171303
16/03/2025,16:00:00,0.019825,0.150794,0,0.170619
16/03/2025,17:00:00,0.019282,0.150668,0,0.16995
16/03/2025,18:00:00,0.018753,0.150543,0,0.169296
16/03/2025,19:00:00,0.01824,0.150417,0,0.168657
16/03/2025,20:00:00,0.01774,0.150292,0,0.168032
16/03/2025,21:00:00,0.017254,0.150167,0,0.167421
16/03/2025,22:00:00,0.016781,0.150042,0,0.166823
16/03/2025,23:00:00,0.016322,0.149917,0,0.166239
17/03/2025,00:00:00,0.015874,0.149792,0.076175,0.165666
17/03/2025,01:00:00,0.01544,0.149667,0.003934,0.165107
17/03/2025,02:00:00,0.015017,0.149543,0,0.16456
17/03/2025,03:00:00,0.014605,0.149418,0,0.164023
17/03/2025,04:00:00,0.014205,0.149294,0,0.163499
17/03/2025,05:00:00,0.013816,0.149169,0,0.162985
17/03/2025,06:00:00,0.013437,0.149045,0,0.162482
17/03/2025,07:00:00,0.013069,0.148921,0,0.16199
17/03/2025,08:00:00,0.012711,0.148797,0,0.161508
17/03/2025,09:00:00,0.012363,0.148673,0,0.161036
17/03/2025,10:00:00,0.012024,0.148549,0,0.160573
17/03/2025,11:00:00,0.011695,0.148425,0,0.16012
17/03/2025,12:00:00,0.011375,0.148302,0,0.159677
17/03/2025,13:00:00,0.011063,0.148178,0,0.159241
17/03/2025,14:00:00,0.01076,0.148055,0,0.158815
17/03/2025,15:00:00,0.010465,0.147931,0,0.158396
17/03/2025,16:00:00,0.017165,0.147861,0,0.165026
17/03/2025,17:00:00,0.016695,0.147738,0,0.164433
17/03/2025,18:00:00,0.016238,0.147615,0,0.163853
17/03/2025,19:00:00,0.015793,0.147492,0,0.163285
17/03/2025,20:00:00,0.01536,0.147369,0,0.162729
17/03/2025,21:00:00,0.014939,0.147246,0,0.162185
17/03/2025,22:00:00,0.01453,0.147124,0,0.161654
17/03/2025,23:00:00,0.014132,0.147001,0,0.161133
18/03/2025,00:00:00,0.013745,0.146879,0,0.160624
18/03/2025,01:00:00,0.013368,0.146756,0,0.160124
18/03/2025,02:00:00,0.013002,0.146634,0,0.159636
18/03/2025,03:00:00,0.012646,0.146512,0,0.159158
18/03/2025,04:00:00,0.012299,0.14639,0,0.158689
18/03/2025,05:00:00,0.011962,0.146268,0,0.15823
18/03/2025,06:00:00,0.011635,0.146146,0,0.157781
18/03/2025,07:00:00,0.011316,0.146024,0,0.15734
18/03/2025,08:00:00,0.011006,0.145903,0,0.156909
18/03/2025,09:00:00,0.010704,0.145781,0,0.156485
18/03/2025,10:00:00,0.010411,0.14566,0,0.156071
18/03/2025,11:00:00,0.010126,0.145538,0,0.155664
18/03/2025,12:00:00,0.009849,0.145417,0,0.155266
18/03/2025,13:00:00,0.009579,0.145296,0,0.154875
18/03/2025,14:00:00,0.009316,0.145175,0,0.154491
18/03/2025,15:00:00,0.009061,0.145054,0,0.154115
18/03/2025,16:00:00,0.008813,0.144933,0,0.153746
18/03/2025,17:00:00,0.008571,0.144813,0,0.153384
18/03/2025,18:00:00,0.008337,0.144692,0,0.153029
18/03/2025,19:00:00,0.008108,0.144571,0,0.152679
18/03/2025,20:00:00,0.007886,0.144451,0,0.152337
18/03/2025,21:00:00,0.00767,0.144331,0,0.152001
18/03/2025,22:00:00,0.00746,0.14421,0,0.15167
18/03/2025,23:00:00,0.007256,0.14409,0,0.151346
19/03/2025,00:00:00,0.007057,0.14397,0,0.151027
19/03/2025,01:00:00,0.006863,0.14385,0,0.150713
19/03/2025,02:00:00,0.006675,0.143731,0,0.150406
19/03/2025,03:00:00,0.006493,0.143611,0,0.150104
19/03/2025,04:00:00,0.006315,0.143491,0,0.149806
19/03/2025,05:00:00,0.006142,0.143372,0,0.149514
19/03/2025,06:00:00,0.005973,0.143252,0,0.149225
19/03/2025,07:00:00,0.00581,0.143133,0,0.148943
19/03/2025,08:00:00,0.005651,0.143014,0,0.148665
19/03/2025,09:00:00,0.005496,0.142895,0,0.148391
19/03/2025,10:00:00,0.005345,0.142776,0,0.148121
19/03/2025,11:00:00,0.005199,0.142657,0,0.147856
19/03/2025,12:00:00,0.005056,0.142538,0,0.147594
19/03/2025,13:00:00,0.004918,0.142419,0,0.147337
19/03/2025,14:00:00,0.004783,0.1423,0,0.147083
19/03/2025,15:00:00,0.004652,0.142182,0,0.146834
19/03/2025,16:00:00,0.004525,0.142063,0,0.146588
19/03/2025,17:00:00,0.004401,0.141945,0,0.146346
19/03/2025,18:00:00,0.00428,0.141827,0,0.146107
19/03/2025,19:00:00,0.004163,0.141709,0,0.145872
19/03/2025,20:00:00,0.004049,0.141591,0,0.14564
19/03/2025,21:00:00,0.003938,0.141473,0,0.145411
19/03/2025,22:00:00,0.00383,0.141355,0,0.145185
19/03/2025,23:00:00,0.003725,0.141237,0,0.144962
20/03/2025,00:00:00,0.003623,0.14112,0,0.144743
20/03/2025,01:00:00,0.003524,0.141002,0,0.144526
20/03/2025,02:00:00,0.003427,0.140885,0,0.144312
20/03/2025,03:00:00,0.003333,0.140767,0,0.1441
20/03/2025,04:00:00,0.003242,0.14065,0,0.143892
20/03/2025,05:00:00,0.003153,0.140533,0,0.143686
20/03/2025,06:00:00,0.003067,0.140416,0,0.143483
20/03/2025,07:00:00,0.002983,0.140299,0,0.143282
20/03/2025,08:00:00,0.002901,0.140182,0,0.143083
20/03/2025,09:00:00,0.002822,0.140065,0,0.142887
20/03/2025,10:00:00,0.002744,0.139948,0,0.142692
20/03/2025,11:00:00,0.002669,0.139832,0,0.142501
20/03/2025,12:00:00,0.002596,0.139715,0,0.142311
20/03/2025,13:00:00,0.002525,0.139599,0,0.142124
20/03/2025,14:00:00,0.002456,0.139483,0,0.141939
20/03/2025,15:00:00,0.002388,0.139367,0,0.141755
20/03/2025,16:00:00,0.002323,0.13925,0,0.141573
20/03/2025,17:00:00,0.002259,0.139134,0,0.141393
20/03/2025,18:00:00,0.002198,0.139019,0,0.141217
20/03/2025,19:00:00,0.002137,0.138903,0,0.14104
20/03/2025,20:00:00,0.002079,0.138787,0,0.140866
20/03/2025,21:00:00,0.002022,0.138671,0,0.140693
20/03/2025,22:00:00,0.001966,0.138556,0,0.140522
20/03/2025,23:00:00,0.001913,0.138441,0,0.140354
21/03/2025,00:00:00,0.00186,0.138325,0,0.140185
21/03/2025,01:00:00,0.001809,0.13821,0,0.140019
21/03/2025,02:00:00,0.00176,0.138095,0,0.139855
21/03/2025,03:00:00,0.001711,0.13798,0,0.139691
21/03/2025,04:00:00,0.001665,0.137865,0,0.13953
21/03/2025,05:00:00,0.001619,0.13775,0,0.139369
21/03/2025,06:00:00,0.001575,0.137635,0,0.13921
21/03/2025,07:00:00,0.001531,0.137521,0,0.139052
21/03/2025,08:00:00,0.001489,0.137406,0,0.138895
21/03/2025,09:00:00,0.001449,0.137292,0,0.138741
21/03/2025,10:00:00,0.001409,0.137177,0,0.138586
21/03/2025,11:00:00,0.00137,0.137063,0,0.138433
21/03/2025,12:00:00,0.001333,0.136949,0,0.138282
21/03/2025,13:00:00,0.001296,0.136835,0,0.138131
21/03/2025,14:00:00,0.001261,0.136721,0,0.137982
21/03/2025,15:00:00,0.001226,0.136607,0,0.137833
21/03/2025,16:00:00,0.001193,0.136493,0,0.137686
21/03/2025,17:00:00,0.00116,0.136379,0,0.137539
21/03/2025,18:00:00,0.001128,0.136266,0,0.137394
21/03/2025,19:00:00,0.001097,0.136152,0,0.137249
21/03/2025,20:00:00,0.001067,0.136039,0,0.137106
21/03/2025,21:00:00,0.001038,0.135926,0,0.136964
21/03/2025,22:00:00,0.00101,0.135812,0,0.136822
21/03/2025,23:00:00,0.000982,0.135699,0,0.136681
22/03/2025,00:00:00,0.000955,0.135586,0,0.136541
22/03/2025,01:00:00,0.000929,0.135473,0.028491,0.136402
22/03/2025,02:00:00,0.000903,0.13536,0.001431,0.136263
22/03/2025,03:00:00,0.000879,0.135248,0,0.136127
22/03/2025,04:00:00,0.000855,0.135135,0,0.13599
22/03/2025,05:00:00,0.000831,0.135022,0,0.135853
22/03/2025,06:00:00,0.000808,0.13491,0,0.135718
22/03/2025,07:00:00,0.000786,0.134798,0,0.135584
22/03/2025,08:00:00,0.000765,0.134685,0,0.13545
22/03/2025,09:00:00,0.000744,0.134573,0,0.135317
22/03/2025,10:00:00,0.000723,0.134461,0,0.135184
22/03/2025,11:00:00,0.000704,0.134349,0,0.135053
22/03/2025,12:00:00,0.000684,0.134237,0,0.134921
22/03/2025,13:00:00,0.000666,0.134125,0,0.134791
22/03/2025,14:00:00,0.000647,0.134014,0,0.134661
22/03/2025,15:00:00,0.00063,0.133902,0,0.134532
22/03/2025,16:00:00,0.000612,0.13379,0,0.134402
22/03/2025,17:00:00,0.000596,0.133679,0,0.134275
22/03/2025,18:00:00,0.000579,0.133568,0,0.134147
22/03/2025,19:00:00,0.000563,0.133456,0,0.134019
22/03/2025,20:00:00,0.000548,0.133345,0,0.133893
22/03/2025,21:00:00,0.000533,0.133234,0,0.133767
22/03/2025,22:00:00,0.000518,0.133123,0,0.133641
22/03/2025,23:00:00,0.000504,0.133012,0,0.133516
23/03/2025,00:00:00,0.00049,0.132901,0,0.133391
23/03/2025,01:00:00,0.000477,0.132791,0,0.133268
23/03/2025,02:00:00,0.000464,0.13268,0,0.133144
23/03/2025,03:00:00,0.000451,0.13257,0,0.133021
23/03/2025,04:00:00,0.000439,0.132459,0,0.132898
23/03/2025,05:00:00,0.000427,0.132349,0,0.132776
23/03/2025,06:00:00,0.000415,0.132239,0,0.132654
23/03/2025,07:00:00,0.000404,0.132128,0,0.132532
23/03/2025,08:00:00,0.000393,0.132018,0,0.132411
23/03/2025,09:00:00,0.000382,0.131908,0,0.13229
23/03/2025,10:00:00,0.000371,0.131798,0,0.132169
23/03/2025,11:00:00,0.000361,0.131689,0,0.13205
23/03/2025,12:00:00,0.000351,0.131579,0,0.13193
23/03/2025,13:00:00,0.000342,0.131469,0,0.131811
23/03/2025,14:00:00,0.000332,0.13136,0,0.131692
23/03/2025,15:00:00,0.000323,0.13125,0,0.131573
23/03/2025,16:00:00,0.000314,0.131141,0,0.131455
23/03/2025,17:00:00,0.000306,0.131032,0,0.131338
23/03/2025,18:00:00,0.000297,0.130923,0,0.13122
23/03/2025,19:00:00,0.000289,0.130814,0,0.131103
23/03/2025,20:00:00,0.000281,0.130705,0,0.130986
23/03/2025,21:00:00,0.000274,0.130596,0,0.13087
23/03/2025,22:00:00,0.000266,0.130487,0,0.130753
23/03/2025,23:00:00,0.000259,0.130378,0,0.130637
24/03/2025,00:00:00,0.000252,0.13027,0,0.130522
24/03/2025,01:00:00,0.000245,0.130161,0,0.130406
24/03/2025,02:00:00,0.000238,0.130053,0,0.130291
24/03/2025,03:00:00,0.000232,0.129944,0,0.130176
24/03/2025,04:00:00,0.000225,0.129836,0,0.130061
24/03/2025,05:00:00,0.000219,0.129728,0,0.129947
24/03/2025,06:00:00,0.000213,0.12962,0,0.129833
24/03/2025,07:00:00,0.000207,0.129512,0,0.129719
24/03/2025,08:00:00,0.000202,0.129404,0,0.129606
24/03/2025,09:00:00,0.000196,0.129296,0,0.129492
24/03/2025,10:00:00,0.000191,0.129189,0,0.12938
24/03/2025,11:00:00,0.000185,0.129081,0,0.129266
24/03/2025,12:00:00,0.00018,0.128974,0,0.129154
24/03/2025,13:00:00,0.000175,0.128866,0,0.129041
24/03/2025,14:00:00,0.000171,0.128759,0,0.12893
24/03/2025,15:00:00,0.000166,0.128652,0,0.128818
24/03/2025,16:00:00,0.000161,0.128544,0,0.128705
24/03/2025,17:00:00,0.000157,0.128437,0,0.128594
24/03/2025,18:00:00,0.000153,0.12833,0,0.128483
24/03/2025,19:00:00,0.000149,0.128223,0,0.128372
24/03/2025,20:00:00,0.000144,0.128117,0,0.128261
24/03/2025,21:00:00,0.00014,0.12801,0,0.12815
24/03/2025,22:00:00,0.000137,0.127903,0,0.12804
24/03/2025,23:00:00,0.000133,0.127797,0,0.12793
25/03/2025,00:00:00,0.000129,0.12769,0,0.127819
25/03/2025,01:00:00,0.000126,0.127584,0,0.12771
25/03/2025,02:00:00,0.000122,0.127478,0,0.1276
25/03/2025,03:00:00,0.000119,0.127371,0,0.12749
25/03/2025,04:00:00,0.000116,0.127265,0,0.127381
25/03/2025,05:00:00,0.000112,0.127159,0,0.127271
25/03/2025,06:00:00,0.000109,0.127053,0,0.127162
25/03/2025,07:00:00,0.000106,0.126948,0,0.127054
25/03/2025,08:00:00,0.000103,0.126842,0,0.126945
25/03/2025,09:00:00,0.000101,0.126736,0,0.126837
25/03/2025,10:00:00,0.000098,0.126631,0,0.126729
25/03/2025,11:00:00,0.000095,0.126525,0,0.12662
25/03/2025,12:00:00,0.000093,0.12642,0,0.126513
25/03/2025,13:00:00,0.00009,0.126314,0,0.126404
25/03/2025,14:00:00,0.000088,0.126209,0,0.126297
25/03/2025,15:00:00,0.000085,0.126104,0,0.126189
25/03/2025,16:00:00,0.000083,0.125999,0,0.126082
25/03/2025,17:00:00,0.000081,0.125894,0,0.125975
25/03/2025,18:00:00,0.000078,0.125789,0.228405,0.125867
25/03/2025,19:00:00,0.000076,0.125684,0.896573,0.12576
25/03/2025,20:00:00,0.000074,0.12558,0.045061,0.125654
25/03/2025,21:00:00,0.000072,0.125475,0,0.125547
25/03/2025,22:00:00,0.00007,0.125371,0,0.125441
25/03/2025,23:00:00,0.000068,0.125266,0,0.125334
26/03/2025,00:00:00,0.000066,0.125162,0,0.125228
26/03/2025,01:00:00,0.000065,0.125058,0,0.125123
26/03/2025,02:00:00,0.000063,0.124953,0,0.125016
26/03/2025,03:00:00,0.000061,0.124849,0,0.12491
26/03/2025,04:00:00,0.000059,0.124745,0,0.124804
26/03/2025,05:00:00,0.000058,0.124641,0,0.124699
26/03/2025,06:00:00,0.000056,0.124538,0,0.124594
26/03/2025,07:00:00,0.000055,0.124434,0,0.124489
26/03/2025,08:00:00,0.000053,0.12433,0,0.124383
26/03/2025,09:00:00,0.000052,0.124227,0,0.124279
26/03/2025,10:00:00,0.047296,0.124482,0,0.171778
26/03/2025,11:00:00,0.262326,0.126023,0,0.388349
26/03/2025,12:00:00,0.257272,0.125934,0,0.383206
26/03/2025,13:00:00,0.250224,0.125829,0,0.376053
26/03/2025,14:00:00,0.243369,0.125724,0,0.369093
26/03/2025,15:00:00,0.236701,0.12562,0,0.362321
26/03/2025,16:00:00,0.230217,0.125515,0,0.355732
26/03/2025,17:00:00,0.22391,0.125411,0,0.349321
26/03/2025,18:00:00,0.217776,0.125306,0,0.343082
26/03/2025,19:00:00,0.21181,0.125202,0,0.337012
26/03/2025,20:00:00,0.206007,0.125097,0,0.331104
26/03/2025,21:00:00,0.200363,0.124993,0,0.325356
26/03/2025,22:00:00,0.194874,0.124889,0,0.319763
26/03/2025,23:00:00,0.189536,0.124785,0,0.314321
27/03/2025,00:00:00,0.184343,0.124681,0,0.309024
27/03/2025,01:00:00,0.179293,0.124577,0,0.30387
27/03/2025,02:00:00,0.174381,0.124473,0,0.298854
27/03/2025,03:00:00,0.169604,0.12437,0,0.293974
27/03/2025,04:00:00,0.164958,0.124266,0,0.289224
27/03/2025,05:00:00,0.160438,0.124163,0,0.284601
27/03/2025,06:00:00,0.156043,0.124059,0,0.280102
27/03/2025,07:00:00,0.151768,0.123956,0,0.275724
27/03/2025,08:00:00,0.14761,0.123853,0,0.271463
27/03/2025,09:00:00,0.143567,0.123749,0,0.267316
27/03/2025,10:00:00,0.139634,0.123646,0,0.26328
27/03/2025,11:00:00,0.135808,0.123543,0,0.259351
27/03/2025,12:00:00,0.132088,0.12344,0,0.255528
27/03/2025,13:00:00,0.128469,0.123338,0,0.251807
27/03/2025,14:00:00,0.12495,0.123235,0,0.248185
27/03/2025,15:00:00,0.121527,0.123132,0,0.244659
27/03/2025,16:00:00,0.118197,0.12303,0,0.241227
27/03/2025,17:00:00,0.114959,0.122927,0,0.237886
27/03/2025,18:00:00,0.11181,0.122825,0,0.234635
27/03/2025,19:00:00,0.108747,0.122723,0,0.23147
27/03/2025,20:00:00,0.105768,0.12262,0,0.228388
27/03/2025,21:00:00,0.10287,0.122518,0,0.225388
27/03/2025,22:00:00,0.100052,0.122416,0,0.222468
27/03/2025,23:00:00,0.097311,0.122314,0,0.219625
28/03/2025,00:00:00,0.094645,0.122212,0,0.216857
28/03/2025,01:00:00,0.092052,0.12211,0,0.214162
28/03/2025,02:00:00,0.08953,0.122009,0,0.211539
28/03/2025,03:00:00,0.087078,0.121907,0,0.208985
28/03/2025,04:00:00,0.084692,0.121806,0,0.206498
28/03/2025,05:00:00,0.082372,0.121704,0,0.204076
28/03/2025,06:00:00,0.080115,0.121603,0,0.201718
28/03/2025,07:00:00,0.07792,0.121501,0,0.199421
28/03/2025,08:00:00,0.075786,0.1214,0,0.197186
28/03/2025,09:00:00,0.07371,0.121299,0,0.195009
28/03/2025,10:00:00,0.07169,0.121198,0,0.192888
28/03/2025,11:00:00,0.069726,0.121097,0,0.190823
28/03/2025,12:00:00,0.067816,0.120996,0,0.188812
28/03/2025,13:00:00,0.065958,0.120895,0,0.186853
28/03/2025,14:00:00,0.064151,0.120795,0,0.184946
28/03/2025,15:00:00,0.062394,0.120694,0,0.183088
28/03/2025,16:00:00,0.060684,0.120594,0,0.181278
28/03/2025,17:00:00,0.059022,0.120493,0.713706,0.179515
28/03/2025,18:00:00,0.057405,0.120393,1.796722,0.177798
28/03/2025,19:00:00,0.055832,0.120292,0.184655,0.176124
28/03/2025,20:00:00,0.054303,0.120192,0.004888,0.174495
28/03/2025,21:00:00,0.052815,0.120092,0.038028,0.172907
28/03/2025,22:00:00,0.051368,0.119992,0.002027,0.17136
28/03/2025,23:00:00,0.049961,0.119892,0,0.169853
29/03/2025,00:00:00,0.048592,0.119792,0,0.168384
29/03/2025,01:00:00,0.047261,0.119692,0,0.166953
29/03/2025,02:00:00,0.045966,0.119593,0,0.165559
29/03/2025,03:00:00,0.044707,0.119493,0,0.1642
29/03/2025,04:00:00,0.043482,0.119394,0,0.162876
29/03/2025,05:00:00,0.042291,0.119294,0,0.161585
29/03/2025,06:00:00,0.041133,0.119195,0,0.160328
29/03/2025,07:00:00,0.040006,0.119096,0,0.159102
29/03/2025,08:00:00,0.03891,0.118996,0,0.157906
29/03/2025,09:00:00,0.19691,0.120106,0,0.317016
29/03/2025,10:00:00,0.62019,0.123265,0,0.743455
29/03/2025,11:00:00,0.630091,0.123367,0,0.753458
29/03/2025,12:00:00,0.61283,0.123264,0,0.736094
29/03/2025,13:00:00,0.596041,0.123161,0,0.719202
29/03/2025,14:00:00,0.579712,0.123059,0,0.702771
29/03/2025,15:00:00,0.56383,0.122956,0,0.686786
29/03/2025,16:00:00,0.548384,0.122854,0,0.671238
29/03/2025,17:00:00,0.533361,0.122751,0,0.656112
29/03/2025,18:00:00,0.518749,0.122649,0,0.641398
29/03/2025,19:00:00,0.504538,0.122547,0,0.627085
29/03/2025,20:00:00,0.490716,0.122445,0,0.613161
29/03/2025,21:00:00,0.477272,0.122343,0,0.599615
29/03/2025,22:00:00,0.464197,0.122241,0,0.586438
29/03/2025,23:00:00,0.45148,0.122139,0,0.573619
30/03/2025,00:00:00,0.439112,0.122037,0,0.561149
30/03/2025,01:00:00,0.427082,0.121936,0,0.549018
30/03/2025,02:00:00,0.415382,0.121834,0,0.537216
30/03/2025,03:00:00,0.404002,0.121733,0.076056,0.525735
30/03/2025,04:00:00,0.392934,0.121631,0.032425,0.514565
30/03/2025,05:00:00,0.38217,0.12153,0.001431,0.5037
30/03/2025,06:00:00,0.3717,0.121429,0,0.493129
30/03/2025,07:00:00,0.361517,0.121328,0,0.482845
30/03/2025,08:00:00,0.351613,0.121226,0,0.472839
30/03/2025,09:00:00,0.34198,0.121125,0,0.463105
30/03/2025,10:00:00,0.332612,0.121025,0,0.453637
30/03/2025,11:00:00,0.3235,0.120924,0,0.444424
30/03/2025,12:00:00,0.314637,0.120823,0,0.43546
30/03/2025,13:00:00,0.306018,0.120722,0,0.42674
30/03/2025,14:00:00,0.297634,0.120622,0,0.418256
30/03/2025,15:00:00,0.28948,0.120521,0,0.410001
30/03/2025,16:00:00,0.28155,0.120421,0,0.401971
30/03/2025,17:00:00,0.273837,0.120321,0,0.394158
30/03/2025,18:00:00,0.266335,0.12022,0,0.386555
30/03/2025,19:00:00,0.261369,0.120138,0,0.381507
30/03/2025,20:00:00,0.254209,0.120038,0,0.374247
30/03/2025,21:00:00,0.247245,0.119938,0,0.367183
30/03/2025,22:00:00,0.240471,0.119838,0,0.360309
30/03/2025,23:00:00,0.233884,0.119738,0,0.353622
31/03/2025,00:00:00,0.227476,0.119638,0,0.347114
31/03/2025,01:00:00,0.221244,0.119539,0,0.340783
31/03/2025,02:00:00,0.215183,0.119439,0,0.334622
31/03/2025,03:00:00,0.209288,0.11934,0,0.328628
31/03/2025,04:00:00,0.203555,0.11924,0,0.322795
31/03/2025,05:00:00,0.197978,0.119141,0,0.317119
31/03/2025,06:00:00,0.192554,0.119042,0,0.311596
31/03/2025,07:00:00,0.187279,0.118943,0,0.306222
31/03/2025,08:00:00,0.182149,0.118844,0,0.300993
31/03/2025,09:00:00,0.177159,0.118745,0,0.295904
31/03/2025,10:00:00,0.172305,0.118646,0,0.290951
31/03/2025,11:00:00,0.167585,0.118547,0,0.286132
31/03/2025,12:00:00,0.162994,0.118448,0,0.281442
31/03/2025,13:00:00,0.158529,0.118349,0,0.276878
31/03/2025,14:00:00,0.154186,0.118251,0,0.272437
31/03/2025,15:00:00,0.149962,0.118152,0,0.268114
31/03/2025,16:00:00,0.145853,0.118054,0,0.263907
31/03/2025,17:00:00,0.141858,0.117956,0,0.259814
31/03/2025,18:00:00,0.137971,0.117857,0,0.255828
31/03/2025,19:00:00,0.134192,0.117759,0,0.251951
31/03/2025,20:00:00,0.130515,0.117661,0,0.248176
31/03/2025,21:00:00,0.12694,0.117563,0,0.244503
31/03/2025,22:00:00,0.123462,0.117465,0,0.240927
31/03/2025,23:00:00,0.12008,0.117367,0,0.237447
01/04/2025,00:00:00,0.11679,0.117269,0,0.234059
01/04/2025,01:00:00,0.113591,0.117172,0,0.230763
01/04/2025,02:00:00,0.110479,0.117074,0,0.227553
01/04/2025,03:00:00,0.107452,0.116977,0,0.224429
01/04/2025,04:00:00,0.104508,0.116879,0,0.221387
01/04/2025,05:00:00,0.101645,0.116782,0,0.218427
01/04/2025,06:00:00,0.098861,0.116685,0,0.215546
01/04/2025,07:00:00,0.096152,0.116587,0,0.212739
01/04/2025,08:00:00,0.093518,0.11649,0,0.210008
01/04/2025,09:00:00,0.090956,0.116393,0,0.207349
01/04/2025,10:00:00,0.088465,0.116296,0,0.204761
01/04/2025,11:00:00,0.086041,0.116199,0,0.20224
01/04/2025,12:00:00,0.083684,0.116103,0,0.199787
01/04/2025,13:00:00,0.081391,0.116006,0,0.197397
01/04/2025,14:00:00,0.079162,0.115909,0,0.195071
01/04/2025,15:00:00,0.076993,0.115813,0,0.192806
01/04/2025,16:00:00,0.074884,0.115716,0,0.1906
01/04/2025,17:00:00,0.072832,0.11562,0,0.188452
01/04/2025,18:00:00,0.070837,0.115524,0,0.186361
01/04/2025,19:00:00,0.068896,0.115427,0,0.184323
01/04/2025,20:00:00,0.067009,0.115331,0,0.18234
01/04/2025,21:00:00,0.065173,0.115235,0,0.180408
01/04/2025,22:00:00,0.063388,0.115139,0,0.178527
01/04/2025,23:00:00,0.061651,0.115043,0,0.176694
02/04/2025,00:00:00,0.059962,0.114947,0,0.174909
02/04/2025,01:00:00,0.058319,0.114852,0,0.173171
02/04/2025,02:00:00,0.056722,0.114756,0,0.171478
02/04/2025,03:00:00,0.055168,0.11466,0,0.169828
02/04/2025,04:00:00,0.053656,0.114565,0,0.168221
02/04/2025,05:00:00,0.052186,0.114469,0,0.166655
02/04/2025,06:00:00,0.050757,0.114374,0,0.165131
02/04/2025,07:00:00,0.049366,0.114279,0,0.163645
02/04/2025,08:00:00,0.048014,0.114184,0,0.162198
02/04/2025,09:00:00,0.046699,0.114089,0,0.160788
02/04/2025,10:00:00,0.045419,0.113993,0,0.159412
02/04/2025,11:00:00,0.044175,0.113899,0,0.158074
02/04/2025,12:00:00,0.042965,0.113804,0,0.156769
02/04/2025,13:00:00,0.041788,0.113709,0,0.155497
02/04/2025,14:00:00,0.040643,0.113614,0,0.154257
02/04/2025,15:00:00,0.039529,0.113519,0,0.153048
02/04/2025,16:00:00,0.038447,0.113425,0,0.151872
02/04/2025,17:00:00,0.037393,0.11333,0,0.150723
02/04/2025,18:00:00,0.036369,0.113236,0,0.149605
02/04/2025,19:00:00,0.035372,0.113142,0,0.148514
02/04/2025,20:00:00,0.034403,0.113047,0,0.14745
02/04/2025,21:00:00,0.033461,0.112953,0,0.146414
02/04/2025,22:00:00,0.032544,0.112859,0,0.145403
02/04/2025,23:00:00,0.031653,0.112765,0,0.144418
03/04/2025,00:00:00,0.030786,0.112671,0,0.143457
03/04/2025,01:00:00,0.029942,0.112577,0,0.142519
03/04/2025,02:00:00,0.029122,0.112484,0,0.141606
03/04/2025,03:00:00,0.028324,0.11239,0,0.140714
03/04/2025,04:00:00,0.027548,0.112296,0,0.139844
03/04/2025,05:00:00,0.026793,0.112203,0,0.138996
03/04/2025,06:00:00,0.026059,0.112109,0,0.138168
03/04/2025,07:00:00,0.025346,0.112016,0,0.137362
03/04/2025,08:00:00,0.024651,0.111923,0,0.136574
03/04/2025,09:00:00,0.023976,0.111829,0,0.135805
03/04/2025,10:00:00,0.023319,0.111736,0,0.135055
03/04/2025,11:00:00,0.02268,0.111643,0,0.134323
03/04/2025,12:00:00,0.022059,0.11155,0,0.133609
03/04/2025,13:00:00,0.021455,0.111457,0,0.132912
03/04/2025,14:00:00,0.020867,0.111364,0,0.132231
03/04/2025,15:00:00,0.020295,0.111272,0,0.131567
03/04/2025,16:00:00,0.019739,0.111179,0,0.130918
03/04/2025,17:00:00,0.019198,0.111086,0,0.130284
03/04/2025,18:00:00,0.018672,0.110994,0,0.129666
03/04/2025,19:00:00,0.018161,0.110901,0,0.129062
03/04/2025,20:00:00,0.017663,0.110809,0,0.128472
03/04/2025,21:00:00,0.017179,0.110717,0,0.127896
03/04/2025,22:00:00,0.016709,0.110624,0,0.127333
03/04/2025,23:00:00,0.016251,0.110532,0,0.126783
04/04/2025,00:00:00,0.015806,0.11044,0,0.126246
04/04/2025,01:00:00,0.015373,0.110348,0,0.125721
04/04/2025,02:00:00,0.014952,0.110256,0,0.125208
04/04/2025,03:00:00,0.014542,0.110164,0,0.124706
04/04/2025,04:00:00,0.014144,0.110073,0,0.124217
04/04/2025,05:00:00,0.013756,0.109981,0,0.123737
04/04/2025,06:00:00,0.013379,0.109889,0,0.123268
04/04/2025,07:00:00,0.013013,0.109798,0,0.122811
04/04/2025,08:00:00,0.012656,0.109706,0,0.122362
04/04/2025,09:00:00,0.01231,0.109615,0,0.121925
04/04/2025,10:00:00,0.011972,0.109524,0,0.121496
04/04/2025,11:00:00,0.011644,0.109432,0,0.121076
04/04/2025,12:00:00,0.011325,0.109341,0,0.120666
04/04/2025,13:00:00,0.011015,0.10925,0,0.120265
04/04/2025,14:00:00,0.010713,0.109159,0,0.119872
04/04/2025,15:00:00,0.01042,0.109068,0,0.119488
04/04/2025,16:00:00,0.010134,0.108977,0,0.119111
04/04/2025,17:00:00,0.009857,0.108887,0,0.118744
04/04/2025,18:00:00,0.009587,0.108796,0,0.118383
04/04/2025,19:00:00,0.009324,0.108705,0,0.118029
04/04/2025,20:00:00,0.009069,0.108615,0,0.117684
04/04/2025,21:00:00,0.00882,0.108524,0,0.117344
04/04/2025,22:00:00,0.008579,0.108434,0,0.117013
04/04/2025,23:00:00,0.008344,0.108344,0,0.116688
05/04/2025,00:00:00,0.008115,0.108253,0,0.116368
05/04/2025,01:00:00,0.007893,0.108163,0,0.116056
05/04/2025,02:00:00,0.007676,0.108073,0,0.115749
05/04/2025,03:00:00,0.007466,0.107983,0,0.115449
05/04/2025,04:00:00,0.007262,0.107893,0,0.115155
05/04/2025,05:00:00,0.007063,0.107803,0,0.114866
05/04/2025,06:00:00,0.006869,0.107713,0,0.114582
05/04/2025,07:00:00,0.006681,0.107624,0,0.114305
05/04/2025,08:00:00,0.006498,0.107534,0,0.114032
05/04/2025,09:00:00,0.00632,0.107445,0,0.113765
05/04/2025,10:00:00,0.006147,0.107355,0,0.113502
05/04/2025,11:00:00,0.005978,0.107266,0,0.113244
05/04/2025,12:00:00,0.005815,0.107176,0,0.112991
05/04/2025,13:00:00,0.005655,0.107087,0,0.112742
05/04/2025,14:00:00,0.0055,0.106998,0,0.112498
05/04/2025,15:00:00,0.00535,0.106909,0,0.112259
05/04/2025,16:00:00,0.005203,0.10682,0,0.112023
05/04/2025,17:00:00,0.005061,0.106731,0,0.111792
05/04/2025,18:00:00,0.004922,0.106642,0,0.111564
05/04/2025,19:00:00,0.004787,0.106553,0,0.11134
05/04/2025,20:00:00,0.004656,0.106464,0,0.11112
05/04/2025,21:00:00,0.004528,0.106375,0,0.110903
05/04/2025,22:00:00,0.004404,0.106287,0,0.110691
05/04/2025,23:00:00,0.004284,0.106198,0,0.110482
06/04/2025,00:00:00,0.004166,0.10611,0,0.110276
06/04/2025,01:00:00,0.004052,0.106021,0,0.110073
06/04/2025,02:00:00,0.003941,0.105933,0,0.109874
06/04/2025,03:00:00,0.003833,0.105845,0,0.109678
06/04/2025,04:00:00,0.003728,0.105757,0,0.109485
06/04/2025,05:00:00,0.003626,0.105669,0,0.109295
06/04/2025,06:00:00,0.003527,0.105581,0,0.109108
06/04/2025,07:00:00,0.00343,0.105493,0,0.108923
06/04/2025,08:00:00,0.003336,0.105405,0,0.108741
06/04/2025,09:00:00,0.003245,0.105317,0,0.108562
06/04/2025,10:00:00,0.003156,0.105229,0,0.108385
06/04/2025,11:00:00,0.003069,0.105142,0,0.108211
06/04/2025,12:00:00,0.002985,0.105054,0,0.108039
06/04/2025,13:00:00,0.002904,0.104966,0,0.10787
06/04/2025,14:00:00,0.002824,0.104879,0,0.107703
06/04/2025,15:00:00,0.002747,0.104792,0,0.107539
06/04/2025,16:00:00,0.002671,0.104704,0,0.107375
06/04/2025,17:00:00,0.002598,0.104617,0,0.107215
06/04/2025,18:00:00,0.002527,0.10453,0,0.107057
06/04/2025,19:00:00,0.002458,0.104443,0,0.106901
06/04/2025,20:00:00,0.00239,0.104356,0,0.106746
06/04/2025,21:00:00,0.002325,0.104269,0,0.106594
06/04/2025,22:00:00,0.002261,0.104182,0,0.106443
06/04/2025,23:00:00,0.002199,0.104095,0,0.106294
07/04/2025,00:00:00,0.002139,0.104009,0,0.106148
07/04/2025,01:00:00,0.00208,0.103922,0,0.106002
07/04/2025,02:00:00,0.002023,0.103835,0,0.105858
07/04/2025,03:00:00,0.001968,0.103749,0,0.105717
07/04/2025,04:00:00,0.001914,0.103663,0,0.105577
07/04/2025,05:00:00,0.001862,0.103576,0,0.105438
07/04/2025,06:00:00,0.001811,0.10349,0,0.105301
07/04/2025,07:00:00,0.001761,0.103404,0,0.105165
07/04/2025,08:00:00,0.001713,0.103318,0,0.105031
07/04/2025,09:00:00,0.001666,0.103232,0,0.104898
07/04/2025,10:00:00,0.00162,0.103146,0,0.104766
07/04/2025,11:00:00,0.001576,0.10306,0,0.104636
07/04/2025,12:00:00,0.001533,0.102974,0,0.104507
07/04/2025,13:00:00,0.001491,0.102888,0,0.104379
07/04/2025,14:00:00,0.00145,0.102802,0,0.104252
07/04/2025,15:00:00,0.00141,0.102717,0,0.104127
07/04/2025,16:00:00,0.001372,0.102631,0,0.104003
07/04/2025,17:00:00,0.001334,0.102546,0,0.10388
07/04/2025,18:00:00,0.001297,0.10246,0,0.103757
07/04/2025,19:00:00,0.001262,0.102375,0,0.103637
07/04/2025,20:00:00,0.001227,0.10229,0,0.103517
07/04/2025,21:00:00,0.001194,0.102204,0,0.103398
07/04/2025,22:00:00,0.001161,0.102119,0,0.10328
07/04/2025,23:00:00,0.001129,0.102034,0,0.103163
08/04/2025,00:00:00,0.001098,0.101949,0,0.103047
08/04/2025,01:00:00,0.001068,0.101864,0,0.102932
08/04/2025,02:00:00,0.001039,0.101779,0,0.102818
08/04/2025,03:00:00,0.00101,0.101695,0,0.102705
08/04/2025,04:00:00,0.000983,0.10161,0,0.102593
08/04/2025,05:00:00,0.000956,0.101525,0,0.102481
08/04/2025,06:00:00,0.00093,0.101441,0,0.102371
08/04/2025,07:00:00,0.000904,0.101356,0,0.10226
08/04/2025,08:00:00,0.000879,0.101272,0,0.102151
08/04/2025,09:00:00,0.000855,0.101187,0,0.102042
08/04/2025,10:00:00,0.000832,0.101103,0,0.101935
08/04/2025,11:00:00,0.000809,0.101019,0,0.101828
08/04/2025,12:00:00,0.000787,0.100935,0,0.101722
08/04/2025,13:00:00,0.000765,0.100851,0,0.101616
08/04/2025,14:00:00,0.000744,0.100767,0,0.101511
08/04/2025,15:00:00,0.000724,0.100683,0,0.101407
08/04/2025,16:00:00,0.000704,0.100599,0,0.101303
08/04/2025,17:00:00,0.000685,0.100515,0,0.1012
08/04/2025,18:00:00,0.000666,0.100431,0,0.101097
08/04/2025,19:00:00,0.000648,0.100348,0,0.100996
08/04/2025,20:00:00,0.00063,0.100264,0,0.100894
08/04/2025,21:00:00,0.000613,0.100181,0,0.100794
08/04/2025,22:00:00,0.000596,0.100097,0,0.100693
08/04/2025,23:00:00,0.00058,0.100014,0,0.100594
09/04/2025,00:00:00,0.000564,0.09993,0,0.100494
09/04/2025,01:00:00,0.000548,0.099847,0,0.100395
09/04/2025,02:00:00,0.000533,0.099764,0,0.100297
09/04/2025,03:00:00,0.000519,0.099681,0,0.1002
09/04/2025,04:00:00,0.000505,0.099598,0,0.100103
09/04/2025,05:00:00,0.000491,0.099515,0,0.100006
09/04/2025,06:00:00,0.000477,0.099432,0,0.099909
09/04/2025,07:00:00,0.000464,0.099349,0,0.099813
09/04/2025,08:00:00,0.000452,0.099266,0,0.099718
09/04/2025,09:00:00,0.000439,0.099184,0,0.099623
09/04/2025,10:00:00,0.000427,0.099101,0,0.099528
09/04/2025,11:00:00,0.000415,0.099019,0,0.099434
09/04/2025,12:00:00,0.000404,0.098936,0,0.09934
09/04/2025,13:00:00,0.000393,0.098854,0,0.099247
09/04/2025,14:00:00,0.000382,0.098771,0,0.099153
09/04/2025,15:00:00,0.000372,0.098689,0,0.099061
09/04/2025,16:00:00,0.000362,0.098607,0,0.098969
09/04/2025,17:00:00,0.000352,0.098525,0,0.098877
09/04/2025,18:00:00,0.000342,0.098443,0,0.098785
09/04/2025,19:00:00,0.000333,0.098361,0,0.098694
09/04/2025,20:00:00,0.000324,0.098279,0,0.098603
09/04/2025,21:00:00,0.000315,0.098197,0,0.098512
09/04/2025,22:00:00,0.000306,0.098115,0,0.098421
09/04/2025,23:00:00,0.000298,0.098033,0,0.098331
10/04/2025,00:00:00,0.000289,0.097952,0,0.098241
10/04/2025,01:00:00,0.000282,0.09787,0,0.098152
10/04/2025,02:00:00,0.000274,0.097789,0,0.098063
10/04/2025,03:00:00,0.000266,0.097707,0,0.097973
10/04/2025,04:00:00,0.000259,0.097626,0,0.097885
10/04/2025,05:00:00,0.000252,0.097544,0,0.097796
10/04/2025,06:00:00,0.000245,0.097463,0,0.097708
10/04/2025,07:00:00,0.000238,0.097382,0,0.09762
10/04/2025,08:00:00,0.000232,0.097301,0,0.097533
10/04/2025,09:00:00,0.000225,0.09722,0,0.097445
10/04/2025,10:00:00,0.000219,0.097139,0,0.097358
10/04/2025,11:00:00,0.000213,0.097058,0,0.097271
10/04/2025,12:00:00,0.000207,0.096977,0,0.097184
10/04/2025,13:00:00,0.000202,0.096896,0,0.097098
10/04/2025,14:00:00,0.000196,0.096816,0,0.097012
10/04/2025,15:00:00,0.000191,0.096735,0,0.096926
10/04/2025,16:00:00,0.000186,0.096654,0,0.09684
10/04/2025,17:00:00,0.000181,0.096574,0,0.096755
10/04/2025,18:00:00,0.000176,0.096493,0,0.096669
10/04/2025,19:00:00,0.000171,0.096413,0,0.096584
10/04/2025,20:00:00,0.000166,0.096333,0,0.096499
10/04/2025,21:00:00,0.000162,0.096252,0,0.096414
10/04/2025,22:00:00,0.000157,0.096172,0,0.096329
10/04/2025,23:00:00,0.000153,0.096092,0,0.096245
11/04/2025,00:00:00,0.000149,0.096012,0,0.096161
11/04/2025,01:00:00,0.000145,0.095932,0,0.096077
11/04/2025,02:00:00,0.000141,0.095852,0,0.095993
11/04/2025,03:00:00,0.000137,0.095772,0,0.095909
11/04/2025,04:00:00,0.000133,0.095693,0,0.095826
11/04/2025,05:00:00,0.000129,0.095613,0,0.095742
11/04/2025,06:00:00,0.000126,0.095533,0,0.095659
11/04/2025,07:00:00,0.000122,0.095454,0,0.095576
11/04/2025,08:00:00,0.000119,0.095374,0,0.095493
11/04/2025,09:00:00,0.000116,0.095295,0,0.095411
11/04/2025,10:00:00,0.000113,0.095215,0,0.095328
11/04/2025,11:00:00,0.000109,0.095136,0,0.095245
11/04/2025,12:00:00,0.000106,0.095057,0,0.095163
11/04/2025,13:00:00,0.000104,0.094978,0,0.095082
11/04/2025,14:00:00,0.000101,0.094898,0,0.094999
11/04/2025,15:00:00,0.000098,0.094819,0,0.094917
11/04/2025,16:00:00,0.000095,0.09474,0,0.094835
11/04/2025,17:00:00,0.000093,0.094662,0,0.094755
11/04/2025,18:00:00,0.00009,0.094583,0,0.094673
11/04/2025,19:00:00,0.000088,0.094504,0,0.094592
11/04/2025,20:00:00,0.000085,0.094425,0,0.09451
11/04/2025,21:00:00,0.000083,0.094347,0,0.09443
11/04/2025,22:00:00,0.000081,0.094268,0,0.094349
11/04/2025,23:00:00,0.000078,0.094189,0,0.094267
12/04/2025,00:00:00,0.000076,0.094111,0,0.094187
12/04/2025,01:00:00,0.000074,0.094033,0,0.094107
12/04/2025,02:00:00,0.000072,0.093954,0,0.094026
12/04/2025,03:00:00,0.00007,0.093876,0,0.093946
12/04/2025,04:00:00,0.000068,0.093798,0,0.093866
12/04/2025,05:00:00,0.000066,0.09372,0,0.093786
12/04/2025,06:00:00,0.000065,0.093642,0,0.093707
12/04/2025,07:00:00,0.000063,0.093564,0,0.093627
12/04/2025,08:00:00,0.000061,0.093486,0,0.093547
12/04/2025,09:00:00,0.000059,0.093408,0,0.093467
12/04/2025,10:00:00,0.000058,0.09333,0,0.093388
12/04/2025,11:00:00,0.000056,0.093252,0,0.093308
12/04/2025,12:00:00,0.000055,0.093175,0,0.09323
12/04/2025,13:00:00,0.000053,0.093097,0,0.09315
12/04/2025,14:00:00,0.000052,0.093019,0,0.093071
12/04/2025,15:00:00,0.00005,0.092942,0,0.092992
12/04/2025,16:00:00,0.000049,0.092864,0,0.092913
12/04/2025,17:00:00,0.000048,0.092787,0,0.092835
12/04/2025,18:00:00,0.000046,0.09271,0,0.092756
12/04/2025,19:00:00,0.000045,0.092633,0,0.092678
12/04/2025,20:00:00,0.000044,0.092555,0,0.092599
12/04/2025,21:00:00,0.000043,0.092478,0,0.092521
12/04/2025,22:00:00,0.000041,0.092401,0,0.092442
12/04/2025,23:00:00,0.00004,0.092324,0,0.092364
13/04/2025,00:00:00,0.000039,0.092247,0.27597,0.092286
13/04/2025,01:00:00,0.000038,0.092171,2.136111,0.092209
13/04/2025,02:00:00,0.000037,0.092094,0.498056,0.092131
13/04/2025,03:00:00,0.000036,0.092017,2.094269,0.092053
13/04/2025,04:00:00,0.000035,0.09194,0.200748,0.091975
13/04/2025,05:00:00,0.000034,0.091864,0.004888,0.091898
13/04/2025,06:00:00,0.000033,0.091787,0,0.09182
13/04/2025,07:00:00,0.000032,0.091711,0,0.091743
13/04/2025,08:00:00,0.000031,0.091634,0,0.091665
13/04/2025,09:00:00,0.000031,0.091558,0,0.091589
13/04/2025,10:00:00,0.00003,0.091482,0,0.091512
13/04/2025,11:00:00,0.000029,0.091406,0,0.091435
13/04/2025,12:00:00,0.000028,0.09133,0,0.091358
13/04/2025,13:00:00,0.000027,0.091253,0,0.09128
13/04/2025,14:00:00,0.000027,0.091177,0,0.091204
13/04/2025,15:00:00,0.000026,0.091102,0,0.091128
13/04/2025,16:00:00,0.047909,0.09139,0,0.139299
13/04/2025,17:00:00,0.49213,0.0947,0,0.58683
13/04/2025,18:00:00,0.572953,0.095338,0,0.668291
13/04/2025,19:00:00,0.994723,0.098584,0,1.093307
13/04/2025,20:00:00,0.996517,0.098723,0,1.09524
13/04/2025,21:00:00,0.969217,0.098641,0,1.067858
13/04/2025,22:00:00,0.942664,0.098558,0,1.041222
13/04/2025,23:00:00,0.91684,0.098476,0,1.015316
14/04/2025,00:00:00,0.891722,0.098394,0,0.990116
14/04/2025,01:00:00,0.867293,0.098312,0,0.965605
14/04/2025,02:00:00,0.843533,0.09823,0.199795,0.941763
14/04/2025,03:00:00,0.820424,0.098149,0.010252,0.918573
14/04/2025,04:00:00,0.797948,0.098067,0.038028,0.896015
14/04/2025,05:00:00,0.776088,0.097985,0.001907,0.874073
14/04/2025,06:00:00,0.754827,0.097904,0,0.852731
14/04/2025,07:00:00,0.734148,0.097822,0,0.83197
14/04/2025,08:00:00,0.714035,0.097741,0,0.811776
14/04/2025,09:00:00,0.694474,0.097659,0,0.792133
14/04/2025,10:00:00,0.675449,0.097578,0,0.773027
14/04/2025,11:00:00,0.656944,0.097496,0,0.75444
14/04/2025,12:00:00,0.638947,0.097415,0,0.736362
14/04/2025,13:00:00,0.621443,0.097334,0,0.718777
14/04/2025,14:00:00,0.604418,0.097253,0,0.701671
14/04/2025,15:00:00,0.58786,0.097172,0,0.685032
14/04/2025,16:00:00,0.571755,0.097091,0,0.668846
14/04/2025,17:00:00,0.556091,0.09701,0,0.653101
14/04/2025,18:00:00,0.555811,0.097043,0,0.652854
14/04/2025,19:00:00,0.540584,0.096962,0,0.637546
14/04/2025,20:00:00,0.525775,0.096881,0,0.622656
14/04/2025,21:00:00,0.511371,0.096801,0,0.608172
14/04/2025,22:00:00,0.497362,0.09672,0,0.594082
14/04/2025,23:00:00,0.483736,0.09664,0,0.580376
15/04/2025,00:00:00,0.470484,0.096559,0,0.567043
15/04/2025,01:00:00,0.457595,0.096479,0,0.554074
15/04/2025,02:00:00,0.445059,0.096398,0,0.541457
15/04/2025,03:00:00,0.432866,0.096318,0,0.529184
15/04/2025,04:00:00,0.421007,0.096238,0,0.517245
15/04/2025,05:00:00,0.409474,0.096158,0,0.505632
15/04/2025,06:00:00,0.398256,0.096077,0,0.494333
15/04/2025,07:00:00,0.387346,0.095997,0,0.483343
15/04/2025,08:00:00,0.376734,0.095917,0,0.472651
15/04/2025,09:00:00,0.366413,0.095838,0,0.462251
15/04/2025,10:00:00,0.356375,0.095758,0,0.452133
15/04/2025,11:00:00,0.346612,0.095678,0,0.44229
15/04/2025,12:00:00,0.337116,0.095598,0.066638,0.432714
15/04/2025,13:00:00,0.327881,0.095519,0.003338,0.4234
15/04/2025,14:00:00,0.318898,0.095439,0,0.414337
15/04/2025,15:00:00,0.310162,0.09536,0,0.405522
15/04/2025,16:00:00,0.301665,0.09528,0,0.396945
15/04/2025,17:00:00,0.293401,0.095201,0,0.388602
15/04/2025,18:00:00,0.285363,0.095121,0,0.380484
15/04/2025,19:00:00,0.277545,0.095042,0,0.372587
15/04/2025,20:00:00,0.269942,0.094963,0,0.364905
15/04/2025,21:00:00,0.262547,0.094884,0,0.357431
15/04/2025,22:00:00,0.255354,0.094805,0,0.350159
15/04/2025,23:00:00,0.248358,0.094726,0,0.343084
16/04/2025,00:00:00,0.241554,0.094647,0,0.336201
16/04/2025,01:00:00,0.234937,0.094568,0,0.329505
16/04/2025,02:00:00,0.228501,0.094489,0,0.32299
16/04/2025,03:00:00,0.222241,0.094411,0,0.316652
16/04/2025,04:00:00,0.218669,0.094351,0,0.31302
16/04/2025,05:00:00,0.212678,0.094273,0,0.306951
16/04/2025,06:00:00,0.206852,0.094194,0.114202,0.301046
16/04/2025,07:00:00,0.201185,0.094116,0.043869,0.295301
16/04/2025,08:00:00,0.195673,0.094037,0.040054,0.28971
16/04/2025,09:00:00,0.190313,0.093959,0.001907,0.284272
16/04/2025,10:00:00,0.185099,0.093881,0,0.27898
16/04/2025,11:00:00,0.180028,0.093802,0,0.27383
16/04/2025,12:00:00,0.175096,0.093724,0,0.26882
16/04/2025,13:00:00,0.170299,0.093646,0,0.263945
16/04/2025,14:00:00,0.165634,0.093568,0,0.259202
16/04/2025,15:00:00,0.161096,0.09349,0,0.254586
16/04/2025,16:00:00,0.156683,0.093412,0,0.250095
16/04/2025,17:00:00,0.152391,0.093335,0,0.245726
16/04/2025,18:00:00,0.148216,0.093257,0,0.241473
16/04/2025,19:00:00,0.144155,0.093179,0,0.237334
16/04/2025,20:00:00,0.140206,0.093102,0,0.233308
16/04/2025,21:00:00,0.136365,0.093024,0,0.229389
16/04/2025,22:00:00,0.151017,0.093086,0,0.244103
16/04/2025,23:00:00,0.150564,0.093037,0,0.243601
17/04/2025,00:00:00,0.149471,0.092982,0,0.242453
17/04/2025,01:00:00,0.145377,0.092905,0,0.238282
17/04/2025,02:00:00,0.141394,0.092827,0,0.234221
17/04/2025,03:00:00,0.13752,0.09275,0,0.23027
17/04/2025,04:00:00,0.133753,0.092673,0,0.226426
17/04/2025,05:00:00,0.130089,0.092596,0,0.222685
17/04/2025,06:00:00,0.126525,0.092519,0,0.219044
17/04/2025,07:00:00,0.123059,0.092441,0,0.2155
17/04/2025,08:00:00,0.119687,0.092364,0,0.212051
17/04/2025,09:00:00,0.116408,0.092288,0,0.208696
17/04/2025,10:00:00,0.113219,0.092211,0,0.20543
17/04/2025,11:00:00,0.110118,0.092134,0,0.202252
17/04/2025,12:00:00,0.107101,0.092057,0,0.199158
17/04/2025,13:00:00,0.104167,0.09198,0,0.196147
17/04/2025,14:00:00,0.101313,0.091904,0,0.193217
17/04/2025,15:00:00,0.098538,0.091827,0,0.190365
17/04/2025,16:00:00,0.095838,0.091751,0,0.187589
17/04/2025,17:00:00,0.093213,0.091674,0,0.184887
17/04/2025,18:00:00,0.090659,0.091598,0,0.182257
17/04/2025,19:00:00,0.088175,0.091522,0,0.179697
17/04/2025,20:00:00,0.08576,0.091445,0,0.177205
17/04/2025,21:00:00,0.08341,0.091369,0,0.174779
17/04/2025,22:00:00,0.081125,0.091293,0,0.172418
17/04/2025,23:00:00,0.078903,0.091217,0,0.17012
18/04/2025,00:00:00,0.076741,0.091141,0,0.167882
18/04/2025,01:00:00,0.074639,0.091065,0,0.165704
18/04/2025,02:00:00,0.072594,0.090989,0,0.163583
18/04/2025,03:00:00,0.070605,0.090914,0,0.161519
18/04/2025,04:00:00,0.068671,0.090838,0,0.159509
18/04/2025,05:00:00,0.06679,0.090762,0,0.157552
18/04/2025,06:00:00,0.06496,0.090687,0,0.155647
18/04/2025,07:00:00,0.06318,0.090611,0,0.153791
18/04/2025,08:00:00,0.06145,0.090536,0,0.151986
18/04/2025,09:00:00,0.059766,0.09046,0,0.150226
18/04/2025,10:00:00,0.058129,0.090385,0,0.148514
18/04/2025,11:00:00,0.056536,0.090309,0,0.146845
18/04/2025,12:00:00,0.054987,0.090234,0,0.145221
18/04/2025,13:00:00,0.053481,0.090159,0,0.14364
18/04/2025,14:00:00,0.052016,0.090084,0,0.1421
18/04/2025,15:00:00,0.050591,0.090009,0,0.1406
18/04/2025,16:00:00,0.049205,0.089934,0,0.139139
18/04/2025,17:00:00,0.047857,0.089859,0,0.137716
18/04/2025,18:00:00,0.046546,0.089784,0,0.13633
18/04/2025,19:00:00,0.045271,0.089709,0,0.13498
18/04/2025,20:00:00,0.044031,0.089635,0,0.133666
18/04/2025,21:00:00,0.042824,0.08956,0,0.132384
18/04/2025,22:00:00,0.041651,0.089485,0,0.131136
18/04/2025,23:00:00,0.04051,0.089411,0,0.129921
19/04/2025,00:00:00,0.0394,0.089336,0,0.128736
19/04/2025,01:00:00,0.038321,0.089262,0,0.127583
19/04/2025,02:00:00,0.037271,0.089188,0,0.126459
19/04/2025,03:00:00,0.03625,0.089113,0,0.125363
19/04/2025,04:00:00,0.035257,0.089039,0,0.124296
19/04/2025,05:00:00,0.034291,0.088965,0,0.123256
19/04/2025,06:00:00,0.033352,0.088891,0,0.122243
19/04/2025,07:00:00,0.032438,0.088817,0,0.121255
19/04/2025,08:00:00,0.031549,0.088743,0,0.120292
19/04/2025,09:00:00,0.030685,0.088669,0,0.119354
19/04/2025,10:00:00,0.029844,0.088595,0,0.118439
19/04/2025,11:00:00,0.029027,0.088521,0,0.117548
19/04/2025,12:00:00,0.028231,0.088447,0,0.116678
19/04/2025,13:00:00,0.027458,0.088374,0,0.115832
19/04/2025,14:00:00,0.026706,0.0883,0,0.115006
19/04/2025,15:00:00,0.025974,0.088227,0,0.114201
19/04/2025,16:00:00,0.025263,0.088153,0,0.113416
19/04/2025,17:00:00,0.024571,0.08808,0,0.112651
19/04/2025,18:00:00,0.023897,0.088006,0,0.111903
19/04/2025,19:00:00,0.023243,0.087933,0,0.111176
19/04/2025,20:00:00,0.022606,0.08786,0,0.110466
19/04/2025,21:00:00,0.021987,0.087787,0,0.109774
19/04/2025,22:00:00,0.021384,0.087713,0,0.109097
19/04/2025,23:00:00,0.020799,0.08764,0,0.108439
20/04/2025,00:00:00,0.020229,0.087567,0,0.107796
20/04/2025,01:00:00,0.019675,0.087494,0,0.107169
20/04/2025,02:00:00,0.019136,0.087422,0,0.106558
20/04/2025,03:00:00,0.018611,0.087349,0,0.10596
20/04/2025,04:00:00,0.018101,0.087276,0,0.105377
20/04/2025,05:00:00,0.017606,0.087203,0,0.104809
20/04/2025,06:00:00,0.017123,0.087131,0,0.104254
20/04/2025,07:00:00,0.016654,0.087058,0,0.103712
20/04/2025,08:00:00,0.016198,0.086986,0,0.103184
20/04/2025,09:00:00,0.015754,0.086913,0,0.102667
20/04/2025,10:00:00,0.015323,0.086841,0,0.102164
20/04/2025,11:00:00,0.014903,0.086768,0,0.101671
20/04/2025,12:00:00,0.014495,0.086696,0,0.101191
20/04/2025,13:00:00,0.014097,0.086624,0,0.100721
20/04/2025,14:00:00,0.013711,0.086552,0,0.100263
20/04/2025,15:00:00,0.013336,0.08648,0,0.099816
20/04/2025,16:00:00,0.01297,0.086408,0,0.099378
20/04/2025,17:00:00,0.012615,0.086336,0,0.098951
20/04/2025,18:00:00,0.012269,0.086264,0,0.098533
20/04/2025,19:00:00,0.011933,0.086192,1.065731,0.098125
20/04/2025,20:00:00,0.011606,0.08612,4.203081,0.097726
20/04/2025,21:00:00,0.011288,0.086048,1.619577,0.097336
20/04/2025,22:00:00,0.010979,0.085977,0.071645,0.096956
20/04/2025,23:00:00,0.010678,0.085905,0,0.096583
21/04/2025,00:00:00,0.010386,0.085833,0,0.096219
21/04/2025,01:00:00,0.010101,0.085762,0,0.095863
21/04/2025,02:00:00,0.009825,0.085691,0,0.095516
21/04/2025,03:00:00,0.009555,0.085619,0,0.095174
21/04/2025,04:00:00,0.009294,0.085548,0,0.094842
21/04/2025,05:00:00,0.009039,0.085477,0,0.094516
21/04/2025,06:00:00,0.008791,0.085405,0,0.094196
21/04/2025,07:00:00,0.008551,0.085334,0,0.093885
21/04/2025,08:00:00,0.008316,0.085263,0,0.093579
21/04/2025,09:00:00,0.008088,0.085192,0,0.09328
21/04/2025,10:00:00,0.007867,0.085121,0,0.092988
21/04/2025,11:00:00,0.210356,0.086591,0,0.296947
21/04/2025,12:00:00,1.056129,0.092992,0,1.149121
21/04/2025,13:00:00,1.347909,0.095352,0,1.443261
21/04/2025,14:00:00,1.310982,0.095273,0,1.406255
21/04/2025,15:00:00,1.275067,0.095193,0,1.37026
21/04/2025,16:00:00,1.240136,0.095114,0,1.33525
21/04/2025,17:00:00,1.206162,0.095035,0.066638,1.301197
21/04/2025,18:00:00,1.173118,0.094956,0.003338,1.268074
21/04/2025,19:00:00,1.14098,0.094877,0,1.235857
21/04/2025,20:00:00,1.109722,0.094798,0,1.20452
21/04/2025,21:00:00,1.079321,0.094719,0,1.17404
21/04/2025,22:00:00,1.049752,0.09464,0,1.144392
21/04/2025,23:00:00,1.020994,0.094561,0,1.115555
22/04/2025,00:00:00,0.993023,0.094482,0,1.087505
22/04/2025,01:00:00,0.965819,0.094403,0,1.060222
22/04/2025,02:00:00,0.93936,0.094325,0,1.033685
22/04/2025,03:00:00,0.913626,0.094246,0,1.007872
22/04/2025,04:00:00,0.888596,0.094168,0,0.982764
22/04/2025,05:00:00,0.864253,0.094089,0,0.958342
22/04/2025,06:00:00,0.840576,0.094011,0,0.934587
22/04/2025,07:00:00,0.817548,0.093933,0,0.911481
22/04/2025,08:00:00,0.795151,0.093854,0,0.889005
22/04/2025,09:00:00,0.773367,0.093776,0,0.867143
22/04/2025,10:00:00,0.752181,0.093698,0,0.845879
22/04/2025,11:00:00,0.731574,0.09362,0,0.825194
22/04/2025,12:00:00,0.711532,0.093542,0,0.805074
22/04/2025,13:00:00,0.69204,0.093464,0,0.785504
22/04/2025,14:00:00,0.673081,0.093386,0,0.766467
22/04/2025,15:00:00,0.654641,0.093308,0,0.747949
22/04/2025,16:00:00,0.636707,0.093231,0,0.729938
22/04/2025,17:00:00,0.619264,0.093153,0,0.712417
22/04/2025,18:00:00,0.602299,0.093075,0,0.695374
22/04/2025,19:00:00,0.585799,0.092998,0,0.678797
22/04/2025,20:00:00,0.569751,0.09292,0,0.662671
22/04/2025,21:00:00,0.554142,0.092843,0,0.646985
22/04/2025,22:00:00,0.538961,0.092766,0,0.631727
22/04/2025,23:00:00,0.524196,0.092688,0,0.616884
23/04/2025,00:00:00,0.509835,0.092611,0,0.602446
23/04/2025,01:00:00,0.495868,0.092534,0,0.588402
23/04/2025,02:00:00,0.482283,0.092457,0,0.57474
23/04/2025,03:00:00,0.469071,0.09238,0,0.561451
23/04/2025,04:00:00,0.456221,0.092303,0,0.548524
23/04/2025,05:00:00,0.443722,0.092226,0,0.535948
23/04/2025,06:00:00,0.431566,0.092149,0,0.523715
23/04/2025,07:00:00,0.419743,0.092073,0,0.511816
23/04/2025,08:00:00,0.408244,0.091996,0,0.50024
23/04/2025,09:00:00,0.39706,0.091919,0,0.488979
23/04/2025,10:00:00,0.386182,0.091843,0.780344,0.478025
23/04/2025,11:00:00,0.375603,0.091766,0.039697,0.467369
23/04/2025,12:00:00,0.365313,0.09169,1.294136,0.457003
23/04/2025,13:00:00,0.355305,0.091613,0.789046,0.446918
23/04/2025,14:00:00,0.345571,0.091537,0.036836,0.437108
23/04/2025,15:00:00,0.336104,0.091461,0,0.427565
23/04/2025,16:00:00,0.326896,0.091385,0,0.418281
23/04/2025,17:00:00,0.317941,0.091308,0,0.409249
23/04/2025,18:00:00,0.309231,0.091232,0,0.400463
23/04/2025,19:00:00,0.300759,0.091156,0,0.391915
23/04/2025,20:00:00,0.29252,0.091081,0,0.383601
23/04/2025,21:00:00,0.284506,0.091005,0,0.375511
23/04/2025,22:00:00,0.276712,0.090929,0,0.367641
23/04/2025,23:00:00,0.269131,0.090853,0,0.359984
24/04/2025,00:00:00,0.261758,0.090777,0.028491,0.352535
24/04/2025,01:00:00,0.254587,0.090702,0.239372,0.345289
24/04/2025,02:00:00,0.404542,0.091819,0.354648,0.496361
24/04/2025,03:00:00,0.398757,0.091783,0.017405,0.49054
24/04/2025,04:00:00,0.651021,0.093707,0,0.744728
24/04/2025,05:00:00,0.793132,0.094845,1.008749,0.887977
24/04/2025,06:00:00,0.776594,0.094805,0.222564,0.871399
24/04/2025,07:00:00,0.755319,0.094726,0.094414,0.850045
24/04/2025,08:00:00,0.734626,0.094647,0.404,0.829273
24/04/2025,09:00:00,0.714501,0.094569,0.505567,0.80907
24/04/2025,10:00:00,0.694927,0.09449,0.357747,0.789417
24/04/2025,11:00:00,0.675889,0.094411,0.530839,0.7703
24/04/2025,12:00:00,0.657373,0.094332,0.140309,0.751705
24/04/2025,13:00:00,0.639364,0.094254,0.005841,0.733618
24/04/2025,14:00:00,0.621848,0.094175,0.8564,0.716023
24/04/2025,15:00:00,0.604812,0.094097,1.099825,0.698909
24/04/2025,16:00:00,0.5929,0.094054,0.586629,0.686954
24/04/2025,17:00:00,0.62417,0.094337,0.293612,0.718507
24/04/2025,18:00:00,0.677803,0.094796,1.117349,0.772599
24/04/2025,19:00:00,0.659802,0.094721,0.398755,0.754523
24/04/2025,20:00:00,0.641726,0.094642,0.074506,0.736368
24/04/2025,21:00:00,0.828275,0.096115,0.1266,0.92439
24/04/2025,22:00:00,0.846787,0.096348,0.006318,0.943135
24/04/2025,23:00:00,0.837662,0.096375,0,0.934037
25/04/2025,00:00:00,0.892296,0.096885,0,0.989181
25/04/2025,01:00:00,0.965963,0.09755,0,1.063513
25/04/2025,02:00:00,1.00642,0.097977,0,1.104397
25/04/2025,03:00:00,1.08115,0.098673,0,1.179823
25/04/2025,04:00:00,1.072181,0.098748,0,1.170929
25/04/2025,05:00:00,1.042809,0.098666,0,1.141475
25/04/2025,06:00:00,1.182584,0.099863,0,1.282447
25/04/2025,07:00:00,1.368994,0.101443,0,1.470437
25/04/2025,08:00:00,1.442957,0.102206,0,1.545163
25/04/2025,09:00:00,1.45315,0.102499,0,1.555649
25/04/2025,10:00:00,1.634887,0.104098,0,1.738985
25/04/2025,11:00:00,1.660788,0.104548,0,1.765336
25/04/2025,12:00:00,1.617429,0.104477,0,1.721906
25/04/2025,13:00:00,1.585564,0.104485,0,1.690049
25/04/2025,14:00:00,1.542126,0.104398,0,1.646524
25/04/2025,15:00:00,1.499879,0.104311,0,1.60419
25/04/2025,16:00:00,1.458789,0.104224,0,1.563013
25/04/2025,17:00:00,1.418825,0.104137,0,1.522962
25/04/2025,18:00:00,1.379955,0.104051,0,1.484006
25/04/2025,19:00:00,1.342151,0.103964,0,1.446115
25/04/2025,20:00:00,1.305382,0.103877,0,1.409259
25/04/2025,21:00:00,1.26962,0.103791,0,1.373411
25/04/2025,22:00:00,1.234838,0.103704,0,1.338542
25/04/2025,23:00:00,1.201009,0.103618,0,1.304627
26/04/2025,00:00:00,1.168107,0.103532,0,1.271639
26/04/2025,01:00:00,1.136106,0.103445,0,1.239551
26/04/2025,02:00:00,1.104982,0.103359,0,1.208341
26/04/2025,03:00:00,1.07471,0.103273,0,1.177983
26/04/2025,04:00:00,1.045268,0.103187,0,1.148455
26/04/2025,05:00:00,1.016632,0.103101,0,1.119733
26/04/2025,06:00:00,0.988781,0.103015,0,1.091796
26/04/2025,07:00:00,0.961693,0.102929,0,1.064622
26/04/2025,08:00:00,0.935347,0.102844,0,1.038191
26/04/2025,09:00:00,0.909723,0.102758,0,1.012481
26/04/2025,10:00:00,0.8848,0.102672,0,0.987472
26/04/2025,11:00:00,0.860561,0.102587,0,0.963148
26/04/2025,12:00:00,0.836985,0.102501,0,0.939486
26/04/2025,13:00:00,0.814056,0.102416,0,0.916472
26/04/2025,14:00:00,0.791754,0.102331,0,0.894085
26/04/2025,15:00:00,0.770064,0.102245,0,0.872309
26/04/2025,16:00:00,0.748967,0.10216,0,0.851127
26/04/2025,17:00:00,0.728449,0.102075,0,0.830524
26/04/2025,18:00:00,0.708493,0.10199,0,0.810483
26/04/2025,19:00:00,0.689083,0.101905,0,0.790988
26/04/2025,20:00:00,0.670205,0.10182,0,0.772025
26/04/2025,21:00:00,0.651845,0.101736,0,0.753581
26/04/2025,22:00:00,0.633987,0.101651,0,0.735638
26/04/2025,23:00:00,0.616619,0.101566,0,0.718185
27/04/2025,00:00:00,0.599726,0.101482,0,0.701208
27/04/2025,01:00:00,0.583296,0.101397,0,0.684693
27/04/2025,02:00:00,0.567317,0.101313,0,0.66863
27/04/2025,03:00:00,0.551775,0.101228,0,0.653003
27/04/2025,04:00:00,0.536658,0.101144,0,0.637802
27/04/2025,05:00:00,0.521956,0.10106,0,0.623016
27/04/2025,06:00:00,0.507657,0.100975,0,0.608632
27/04/2025,07:00:00,0.49375,0.100891,0,0.594641
27/04/2025,08:00:00,0.480223,0.100807,0,0.58103
27/04/2025,09:00:00,0.467067,0.100723,0,0.56779
27/04/2025,10:00:00,0.454272,0.100639,0,0.554911
27/04/2025,11:00:00,0.441827,0.100556,0,0.542383
27/04/2025,12:00:00,0.429723,0.100472,0,0.530195
27/04/2025,13:00:00,0.41795,0.100388,0,0.518338
27/04/2025,14:00:00,0.4065,0.100304,0,0.506804
27/04/2025,15:00:00,0.395364,0.100221,0,0.495585
27/04/2025,16:00:00,0.384533,0.100137,0,0.48467
27/04/2025,17:00:00,0.373998,0.100054,0,0.474052
27/04/2025,18:00:00,0.363752,0.099971,0,0.463723
27/04/2025,19:00:00,0.353787,0.099887,0,0.453674
27/04/2025,20:00:00,0.344095,0.099804,0,0.443899
27/04/2025,21:00:00,0.334668,0.099721,0,0.434389
27/04/2025,22:00:00,0.3255,0.099638,0,0.425138
27/04/2025,23:00:00,0.316583,0.099555,0,0.416138
28/04/2025,00:00:00,0.30791,0.099472,0,0.407382
28/04/2025,01:00:00,0.299474,0.099389,0,0.398863
28/04/2025,02:00:00,0.29127,0.099306,0,0.390576
28/04/2025,03:00:00,0.283291,0.099224,0,0.382515
28/04/2025,04:00:00,0.27553,0.099141,0,0.374671
28/04/2025,05:00:00,0.267981,0.099058,0,0.367039
28/04/2025,06:00:00,0.26064,0.098976,0,0.359616
28/04/2025,07:00:00,0.2535,0.098893,0,0.352393
28/04/2025,08:00:00,0.246555,0.098811,0,0.345366
28/04/2025,09:00:00,0.2398,0.098729,0,0.338529
28/04/2025,10:00:00,0.233231,0.098647,0,0.331878
28/04/2025,11:00:00,0.226841,0.098564,0,0.325405
28/04/2025,12:00:00,0.220627,0.098482,0,0.319109
28/04/2025,13:00:00,0.214583,0.0984,0,0.312983
28/04/2025,14:00:00,0.208704,0.098318,0,0.307022
28/04/2025,15:00:00,0.202987,0.098236,0,0.301223
28/04/2025,16:00:00,0.197426,0.098155,0,0.295581
28/04/2025,17:00:00,0.192017,0.098073,0,0.29009
28/04/2025,18:00:00,0.186757,0.097991,0,0.284748
28/04/2025,19:00:00,0.18164,0.097909,0,0.279549
28/04/2025,20:00:00,0.176664,0.097828,0,0.274492
28/04/2025,21:00:00,0.171824,0.097746,0,0.26957
28/04/2025,22:00:00,0.167117,0.097665,0,0.264782
28/04/2025,23:00:00,0.162539,0.097584,0,0.260123
29/04/2025,00:00:00,0.158086,0.097502,0,0.255588
29/04/2025,01:00:00,0.153755,0.097421,0,0.251176
29/04/2025,02:00:00,0.149543,0.09734,0,0.246883
29/04/2025,03:00:00,0.145446,0.097259,0,0.242705
29/04/2025,04:00:00,0.141462,0.097178,0,0.23864
29/04/2025,05:00:00,0.137586,0.097097,0,0.234683
29/04/2025,06:00:00,0.133817,0.097016,0,0.230833
29/04/2025,07:00:00,0.130151,0.096935,0,0.227086
29/04/2025,08:00:00,0.126585,0.096855,0,0.22344
29/04/2025,09:00:00,0.123118,0.096774,0,0.219892
29/04/2025,10:00:00,0.119745,0.096693,0,0.216438
29/04/2025,11:00:00,0.116464,0.096613,0,0.213077
29/04/2025,12:00:00,0.113274,0.096532,0,0.209806
29/04/2025,13:00:00,0.11017,0.096452,0,0.206622
29/04/2025,14:00:00,0.107152,0.096371,0,0.203523
29/04/2025,15:00:00,0.104217,0.096291,0,0.200508
29/04/2025,16:00:00,0.101362,0.096211,0,0.197573
29/04/2025,17:00:00,0.098585,0.096131,0,0.194716
29/04/2025,18:00:00,0.095884,0.096051,0,0.191935
29/04/2025,19:00:00,0.093257,0.095971,0,0.189228
29/04/2025,20:00:00,0.090702,0.095891,0,0.186593
29/04/2025,21:00:00,0.088218,0.095811,0,0.184029
29/04/2025,22:00:00,0.085801,0.095731,0,0.181532
29/04/2025,23:00:00,0.08345,0.095651,0,0.179101
30/04/2025,00:00:00,0.081164,0.095572,0,0.176736
30/04/2025,01:00:00,0.078941,0.095492,0,0.174433
30/04/2025,02:00:00,0.076778,0.095413,0,0.172191
30/04/2025,03:00:00,0.074675,0.095333,0,0.170008
30/04/2025,04:00:00,0.072629,0.095254,0,0.167883
30/04/2025,05:00:00,0.070639,0.095174,0,0.165813
30/04/2025,06:00:00,0.068704,0.095095,0,0.163799
30/04/2025,07:00:00,0.066822,0.095016,0,0.161838
30/04/2025,08:00:00,0.064991,0.094937,0,0.159928
30/04/2025,09:00:00,0.063211,0.094858,0,0.158069
30/04/2025,10:00:00,0.061479,0.094779,0,0.156258
30/04/2025,11:00:00,0.059795,0.0947,0,0.154495
30/04/2025,12:00:00,0.058157,0.094621,0,0.152778
30/04/2025,13:00:00,0.056563,0.094542,0,0.151105
30/04/2025,14:00:00,0.055014,0.094463,0,0.149477
30/04/2025,15:00:00,0.053507,0.094384,0,0.147891
30/04/2025,16:00:00,0.052041,0.094306,0,0.146347
30/04/2025,17:00:00,0.050615,0.094227,0,0.144842
30/04/2025,18:00:00,0.049229,0.094149,0,0.143378
30/04/2025,19:00:00,0.04788,0.09407,0,0.14195
30/04/2025,20:00:00,0.046568,0.093992,0,0.14056
30/04/2025,21:00:00,0.045292,0.093914,0,0.139206
30/04/2025,22:00:00,0.044052,0.093835,0,0.137887
30/04/2025,23:00:00,0.042845,0.093757,0,0.136602
01/05/2025,00:00:00,0.041671,0.093679,0,0.13535
01/05/2025,01:00:00,0.040529,0.093601,0,0.13413
01/05/2025,02:00:00,0.039419,0.093523,0,0.132942
01/05/2025,03:00:00,0.038339,0.093445,0,0.131784
01/05/2025,04:00:00,0.037289,0.093367,0,0.130656
01/05/2025,05:00:00,0.036267,0.09329,0,0.129557
01/05/2025,06:00:00,0.035274,0.093212,0,0.128486
01/05/2025,07:00:00,0.034307,0.093134,0,0.127441
01/05/2025,08:00:00,0.033368,0.093057,0,0.126425
01/05/2025,09:00:00,0.032453,0.092979,0,0.125432
01/05/2025,10:00:00,0.031564,0.092902,0,0.124466
01/05/2025,11:00:00,0.0307,0.092824,0,0.123524
01/05/2025,12:00:00,0.029859,0.092747,0,0.122606
01/05/2025,13:00:00,0.029041,0.09267,0,0.121711
01/05/2025,14:00:00,0.028245,0.092593,0,0.120838
01/05/2025,15:00:00,0.027471,0.092516,0,0.119987
01/05/2025,16:00:00,0.026719,0.092438,0,0.119157
01/05/2025,17:00:00,0.025987,0.092361,0,0.118348
01/05/2025,18:00:00,0.025275,0.092285,0,0.11756
01/05/2025,19:00:00,0.024582,0.092208,0,0.11679
01/05/2025,20:00:00,0.023909,0.092131,0,0.11604
01/05/2025,21:00:00,0.023254,0.092054,0,0.115308
01/05/2025,22:00:00,0.022617,0.091977,0,0.114594
01/05/2025,23:00:00,0.021997,0.091901,0,0.113898
02/05/2025,00:00:00,0.021395,0.091824,0,0.113219
02/05/2025,01:00:00,0.020809,0.091748,0,0.112557
02/05/2025,02:00:00,0.020238,0.091671,0,0.111909
02/05/2025,03:00:00,0.019684,0.091595,0,0.111279
02/05/2025,04:00:00,0.019145,0.091519,0,0.110664
02/05/2025,05:00:00,0.01862,0.091442,0,0.110062
02/05/2025,06:00:00,0.01811,0.091366,0,0.109476
02/05/2025,07:00:00,0.017614,0.09129,0,0.108904
02/05/2025,08:00:00,0.017131,0.091214,0,0.108345
02/05/2025,09:00:00,0.016662,0.091138,0,0.1078
02/05/2025,10:00:00,0.016206,0.091062,0,0.107268
02/05/2025,11:00:00,0.015762,0.090986,0,0.106748
02/05/2025,12:00:00,0.01533,0.090911,0,0.106241
02/05/2025,13:00:00,0.01491,0.090835,0,0.105745
02/05/2025,14:00:00,0.014501,0.090759,0,0.10526
02/05/2025,15:00:00,0.014104,0.090684,0,0.104788
02/05/2025,16:00:00,0.013718,0.090608,0,0.104326
02/05/2025,17:00:00,0.013342,0.090533,0,0.103875
02/05/2025,18:00:00,0.012976,0.090457,0,0.103433
02/05/2025,19:00:00,0.012621,0.090382,0,0.103003
02/05/2025,20:00:00,0.012275,0.090307,0,0.102582
02/05/2025,21:00:00,0.011939,0.090231,0,0.10217
02/05/2025,22:00:00,0.011612,0.090156,0,0.101768
02/05/2025,23:00:00,0.011294,0.090081,0,0.101375
03/05/2025,00:00:00,0.010984,0.090006,0,0.10099
03/05/2025,01:00:00,0.010683,0.089931,0,0.100614
03/05/2025,02:00:00,0.010391,0.089856,0,0.100247
03/05/2025,03:00:00,0.010106,0.089781,0,0.099887
03/05/2025,04:00:00,0.009829,0.089706,0,0.099535
03/05/2025,05:00:00,0.00956,0.089632,0,0.099192
03/05/2025,06:00:00,0.009298,0.089557,0,0.098855
03/05/2025,07:00:00,0.009043,0.089483,0,0.098526
03/05/2025,08:00:00,0.008796,0.089408,0,0.098204
03/05/2025,09:00:00,0.008555,0.089334,0,0.097889
03/05/2025,10:00:00,0.00832,0.089259,0,0.097579
03/05/2025,11:00:00,0.008092,0.089185,0,0.097277
03/05/2025,12:00:00,0.007871,0.08911,0,0.096981
03/05/2025,13:00:00,0.007655,0.089036,0,0.096691
03/05/2025,14:00:00,0.007445,0.088962,0,0.096407
03/05/2025,15:00:00,0.007241,0.088888,0,0.096129
03/05/2025,16:00:00,0.007043,0.088814,0,0.095857
03/05/2025,17:00:00,0.00685,0.08874,0,0.09559
03/05/2025,18:00:00,0.006662,0.088666,0,0.095328
03/05/2025,19:00:00,0.00648,0.088592,0,0.095072
03/05/2025,20:00:00,0.006302,0.088518,0,0.09482
03/05/2025,21:00:00,0.00613,0.088445,0,0.094575
03/05/2025,22:00:00,0.005962,0.088371,0,0.094333
03/05/2025,23:00:00,0.005798,0.088297,0,0.094095
04/05/2025,00:00:00,0.00564,0.088224,0,0.093864
04/05/2025,01:00:00,0.005485,0.08815,0,0.093635
04/05/2025,02:00:00,0.005335,0.088077,0,0.093412
04/05/2025,03:00:00,0.005189,0.088004,0,0.093193
04/05/2025,04:00:00,0.005047,0.08793,0.02861,0.092977
04/05/2025,05:00:00,0.004908,0.087857,0.001431,0.092765
04/05/2025,06:00:00,0.004774,0.087784,0.285387,0.092558
04/05/2025,07:00:00,0.004643,0.087711,0.052691,0.092354
04/05/2025,08:00:00,0.004516,0.087638,0.230312,0.092154
04/05/2025,09:00:00,0.004392,0.087565,0.078201,0.091957
04/05/2025,10:00:00,0.004272,0.087492,0.003338,0.091764
04/05/2025,11:00:00,0.004155,0.087419,0,0.091574
04/05/2025,12:00:00,0.004041,0.087346,0,0.091387
04/05/2025,13:00:00,0.00393,0.087273,0,0.091203
04/05/2025,14:00:00,0.003823,0.0872,0,0.091023
04/05/2025,15:00:00,0.003718,0.087128,0,0.090846
04/05/2025,16:00:00,0.003616,0.087055,0,0.090671
04/05/2025,17:00:00,0.003517,0.086983,0,0.0905
04/05/2025,18:00:00,0.003421,0.08691,0,0.090331
04/05/2025,19:00:00,0.003327,0.086838,0,0.090165
04/05/2025,20:00:00,0.003236,0.086766,0,0.090002
04/05/2025,21:00:00,0.003147,0.086693,0,0.08984
04/05/2025,22:00:00,0.041713,0.086915,0,0.128628
04/05/2025,23:00:00,0.040571,0.086842,0,0.127413
05/05/2025,00:00:00,0.067954,0.086987,0,0.154941
05/05/2025,01:00:00,0.06656,0.086918,0,0.153478
05/05/2025,02:00:00,0.064737,0.086845,0,0.151582
05/05/2025,03:00:00,0.062963,0.086773,0,0.149736
05/05/2025,04:00:00,0.061238,0.086701,0,0.147939
05/05/2025,05:00:00,0.059561,0.086629,0,0.14619
05/05/2025,06:00:00,0.057929,0.086556,0,0.144485
05/05/2025,07:00:00,0.056342,0.086484,0,0.142826
05/05/2025,08:00:00,0.054798,0.086412,0,0.14121
05/05/2025,09:00:00,0.053297,0.08634,0,0.139637
05/05/2025,10:00:00,0.051837,0.086268,0,0.138105
05/05/2025,11:00:00,0.050417,0.086197,0,0.136614
05/05/2025,12:00:00,0.049036,0.086125,0,0.135161
05/05/2025,13:00:00,0.047692,0.086053,0,0.133745
05/05/2025,14:00:00,0.046386,0.085981,0,0.132367
05/05/2025,15:00:00,0.045115,0.08591,0,0.131025
05/05/2025,16:00:00,0.043879,0.085838,0,0.129717
05/05/2025,17:00:00,0.042677,0.085767,0,0.128444
05/05/2025,18:00:00,0.041508,0.085695,0,0.127203
05/05/2025,19:00:00,0.040371,0.085624,0,0.125995
05/05/2025,20:00:00,0.039265,0.085553,0,0.124818
05/05/2025,21:00:00,0.038189,0.085481,0,0.12367
05/05/2025,22:00:00,0.037143,0.08541,0,0.122553
05/05/2025,23:00:00,0.036125,0.085339,0,0.121464
06/05/2025,00:00:00,0.035136,0.085268,0,0.120404
06/05/2025,01:00:00,0.034173,0.085197,0,0.11937
06/05/2025,02:00:00,0.033237,0.085126,0,0.118363
06/05/2025,03:00:00,0.032326,0.085055,0,0.117381
06/05/2025,04:00:00,0.031441,0.084984,0,0.116425
06/05/2025,05:00:00,0.030579,0.084913,0,0.115492
06/05/2025,06:00:00,0.029742,0.084843,0,0.114585
06/05/2025,07:00:00,0.028927,0.084772,0,0.113699
06/05/2025,08:00:00,0.028134,0.084701,0,0.112835
06/05/2025,09:00:00,0.027364,0.084631,0,0.111995
06/05/2025,10:00:00,0.026614,0.08456,0,0.111174
06/05/2025,11:00:00,0.025885,0.08449,0,0.110375
06/05/2025,12:00:00,0.025176,0.084419,0,0.109595
06/05/2025,13:00:00,0.024486,0.084349,0,0.108835
06/05/2025,14:00:00,0.023815,0.084279,0,0.108094
06/05/2025,15:00:00,0.023163,0.084209,0,0.107372
06/05/2025,16:00:00,0.022528,0.084138,0,0.106666
06/05/2025,17:00:00,0.021911,0.084068,0,0.105979
06/05/2025,18:00:00,0.021311,0.083998,0,0.105309
06/05/2025,19:00:00,0.020727,0.083928,0,0.104655
06/05/2025,20:00:00,0.020159,0.083858,0,0.104017
06/05/2025,21:00:00,0.019607,0.083789,0,0.103396
06/05/2025,22:00:00,0.01907,0.083719,0,0.102789
06/05/2025,23:00:00,0.018547,0.083649,0,0.102196
07/05/2025,00:00:00,0.018039,0.083579,0,0.101618
07/05/2025,01:00:00,0.017545,0.08351,0,0.101055
07/05/2025,02:00:00,0.017064,0.08344,0,0.100504
07/05/2025,03:00:00,0.016597,0.083371,0,0.099968
07/05/2025,04:00:00,0.016142,0.083301,0,0.099443
07/05/2025,05:00:00,0.0157,0.083232,0,0.098932
07/05/2025,06:00:00,0.01527,0.083163,0,0.098433
07/05/2025,07:00:00,0.014852,0.083093,0,0.097945
07/05/2025,08:00:00,0.014445,0.083024,0,0.097469
07/05/2025,09:00:00,0.014049,0.082955,0,0.097004
07/05/2025,10:00:00,0.013664,0.082886,0,0.09655
07/05/2025,11:00:00,0.01329,0.082817,0,0.096107
07/05/2025,12:00:00,0.012926,0.082748,0,0.095674
07/05/2025,13:00:00,0.012572,0.082679,0,0.095251
07/05/2025,14:00:00,0.012227,0.08261,0,0.094837
07/05/2025,15:00:00,0.011892,0.082541,0,0.094433
07/05/2025,16:00:00,0.011566,0.082472,0,0.094038
07/05/2025,17:00:00,0.01125,0.082404,0,0.093654
07/05/2025,18:00:00,0.010941,0.082335,0,0.093276
07/05/2025,19:00:00,0.010642,0.082266,0,0.092908
07/05/2025,20:00:00,0.01035,0.082198,0,0.092548
07/05/2025,21:00:00,0.010067,0.082129,0,0.092196
07/05/2025,22:00:00,0.009791,0.082061,0,0.091852
07/05/2025,23:00:00,0.009523,0.081993,0,0.091516
08/05/2025,00:00:00,0.009262,0.081924,0,0.091186
08/05/2025,01:00:00,0.009008,0.081856,0,0.090864
08/05/2025,02:00:00,0.008761,0.081788,0,0.090549
08/05/2025,03:00:00,0.008521,0.08172,0,0.090241
08/05/2025,04:00:00,0.008288,0.081652,0,0.08994
08/05/2025,05:00:00,0.008061,0.081584,0,0.089645
08/05/2025,06:00:00,0.00784,0.081516,0,0.089356
08/05/2025,07:00:00,0.007625,0.081448,0,0.089073
08/05/2025,08:00:00,0.007416,0.08138,0,0.088796
08/05/2025,09:00:00,0.007213,0.081312,0,0.088525
08/05/2025,10:00:00,0.007015,0.081245,0,0.08826
08/05/2025,11:00:00,0.006823,0.081177,0,0.088
08/05/2025,12:00:00,0.006636,0.081109,0,0.087745
08/05/2025,13:00:00,0.006454,0.081042,0,0.087496
08/05/2025,14:00:00,0.006278,0.080974,0,0.087252
08/05/2025,15:00:00,0.006106,0.080907,0,0.087013
08/05/2025,16:00:00,0.005938,0.080839,0,0.086777
08/05/2025,17:00:00,0.005776,0.080772,0,0.086548
08/05/2025,18:00:00,0.005617,0.080705,0,0.086322
08/05/2025,19:00:00,0.005464,0.080637,0,0.086101
08/05/2025,20:00:00,0.005314,0.08057,0,0.085884
08/05/2025,21:00:00,0.005168,0.080503,0,0.085671
08/05/2025,22:00:00,0.005027,0.080436,0,0.085463
08/05/2025,23:00:00,0.004889,0.080369,0,0.085258
09/05/2025,00:00:00,0.004755,0.080302,0,0.085057
09/05/2025,01:00:00,0.004625,0.080235,0,0.08486
09/05/2025,02:00:00,0.004498,0.080168,0,0.084666
09/05/2025,03:00:00,0.004375,0.080102,0,0.084477
09/05/2025,04:00:00,0.004255,0.080035,0,0.08429
09/05/2025,05:00:00,0.004138,0.079968,0,0.084106
09/05/2025,06:00:00,0.004025,0.079902,0,0.083927
09/05/2025,07:00:00,0.003915,0.079835,0,0.08375
09/05/2025,08:00:00,0.003808,0.079769,0,0.083577
09/05/2025,09:00:00,0.003703,0.079702,0,0.083405
09/05/2025,10:00:00,0.003602,0.079636,0,0.083238
09/05/2025,11:00:00,0.003503,0.079569,0,0.083072
09/05/2025,12:00:00,0.003407,0.079503,0,0.08291
09/05/2025,13:00:00,0.003314,0.079437,0,0.082751
09/05/2025,14:00:00,0.003223,0.079371,0,0.082594
09/05/2025,15:00:00,0.003135,0.079305,0,0.08244
09/05/2025,16:00:00,0.003049,0.079239,0,0.082288
09/05/2025,17:00:00,0.002965,0.079173,0,0.082138
09/05/2025,18:00:00,0.002884,0.079107,0,0.081991
09/05/2025,19:00:00,0.002805,0.079041,0,0.081846
09/05/2025,20:00:00,0.002728,0.078975,0,0.081703
09/05/2025,21:00:00,0.002654,0.078909,0,0.081563
09/05/2025,22:00:00,0.002581,0.078843,0,0.081424
09/05/2025,23:00:00,0.00251,0.078778,0,0.081288
10/05/2025,00:00:00,0.002441,0.078712,0,0.081153
10/05/2025,01:00:00,0.002374,0.078647,0,0.081021
10/05/2025,02:00:00,0.002309,0.078581,0,0.08089
10/05/2025,03:00:00,0.002246,0.078516,0,0.080762
10/05/2025,04:00:00,0.002185,0.07845,0,0.080635
10/05/2025,05:00:00,0.002125,0.078385,0,0.08051
10/05/2025,06:00:00,0.002067,0.07832,0,0.080387
10/05/2025,07:00:00,0.00201,0.078254,0,0.080264
10/05/2025,08:00:00,0.001955,0.078189,0,0.080144
10/05/2025,09:00:00,0.001901,0.078124,0,0.080025
10/05/2025,10:00:00,0.001849,0.078059,0,0.079908
10/05/2025,11:00:00,0.001799,0.077994,0,0.079793
10/05/2025,12:00:00,0.001749,0.077929,0,0.079678
10/05/2025,13:00:00,0.001701,0.077864,0,0.079565
10/05/2025,14:00:00,0.001655,0.077799,0,0.079454
10/05/2025,15:00:00,0.001609,0.077734,0,0.079343
10/05/2025,16:00:00,0.001565,0.07767,0,0.079235
10/05/2025,17:00:00,0.001522,0.077605,0,0.079127
10/05/2025,18:00:00,0.001481,0.07754,0,0.079021
10/05/2025,19:00:00,0.00144,0.077476,0,0.078916
10/05/2025,20:00:00,0.001401,0.077411,0,0.078812
10/05/2025,21:00:00,0.001362,0.077347,0,0.078709
10/05/2025,22:00:00,0.001325,0.077282,0,0.078607
10/05/2025,23:00:00,0.001289,0.077218,0,0.078507
11/05/2025,00:00:00,0.001253,0.077153,0,0.078406
11/05/2025,01:00:00,0.001219,0.077089,0,0.078308
11/05/2025,02:00:00,0.001186,0.077025,0,0.078211
11/05/2025,03:00:00,0.001153,0.076961,0,0.078114
11/05/2025,04:00:00,0.001122,0.076897,0,0.078019
11/05/2025,05:00:00,0.001091,0.076833,0,0.077924
11/05/2025,06:00:00,0.001061,0.076769,0,0.07783
11/05/2025,07:00:00,0.001032,0.076705,0,0.077737
11/05/2025,08:00:00,0.001004,0.076641,0,0.077645
11/05/2025,09:00:00,0.000976,0.076577,0,0.077553
11/05/2025,10:00:00,0.000949,0.076513,0.038147,0.077462
11/05/2025,11:00:00,0.000923,0.076449,0.001907,0.077372
11/05/2025,12:00:00,0.000898,0.076386,0,0.077284
11/05/2025,13:00:00,0.000874,0.076322,0,0.077196
11/05/2025,14:00:00,0.00085,0.076259,0,0.077109
11/05/2025,15:00:00,0.000826,0.076195,0,0.077021
11/05/2025,16:00:00,0.000804,0.076132,0,0.076936
11/05/2025,17:00:00,0.000782,0.076068,0,0.07685
11/05/2025,18:00:00,0.00076,0.076005,0,0.076765
11/05/2025,19:00:00,0.000739,0.075942,0,0.076681
11/05/2025,20:00:00,0.000719,0.075878,0,0.076597
11/05/2025,21:00:00,0.000699,0.075815,0,0.076514
11/05/2025,22:00:00,0.00068,0.075752,0,0.076432
11/05/2025,23:00:00,0.000662,0.075689,0,0.076351
12/05/2025,00:00:00,0.000644,0.075626,0,0.07627
12/05/2025,01:00:00,0.000626,0.075563,0,0.076189
12/05/2025,02:00:00,0.000609,0.0755,0,0.076109
12/05/2025,03:00:00,0.000592,0.075437,0,0.076029
12/05/2025,04:00:00,0.000576,0.075374,0,0.07595
12/05/2025,05:00:00,0.00056,0.075311,0,0.075871
12/05/2025,06:00:00,0.000545,0.075249,0,0.075794
12/05/2025,07:00:00,0.00053,0.075186,0,0.075716
12/05/2025,08:00:00,0.000515,0.075123,0,0.075638
12/05/2025,09:00:00,0.000501,0.075061,0,0.075562
12/05/2025,10:00:00,0.000487,0.074998,0,0.075485
12/05/2025,11:00:00,0.000474,0.074936,0,0.07541
12/05/2025,12:00:00,0.000461,0.074873,0,0.075334
12/05/2025,13:00:00,0.000448,0.074811,0,0.075259
12/05/2025,14:00:00,0.000436,0.074749,0,0.075185
12/05/2025,15:00:00,0.000424,0.074686,0,0.07511
12/05/2025,16:00:00,0.000413,0.074624,0,0.075037
12/05/2025,17:00:00,0.000401,0.074562,0,0.074963
12/05/2025,18:00:00,0.00039,0.0745,0,0.07489
12/05/2025,19:00:00,0.00038,0.074438,0,0.074818
12/05/2025,20:00:00,0.000369,0.074376,0,0.074745
12/05/2025,21:00:00,0.000359,0.074314,0,0.074673
12/05/2025,22:00:00,0.000349,0.074252,0,0.074601
12/05/2025,23:00:00,0.00034,0.07419,0,0.07453
13/05/2025,00:00:00,0.00033,0.074128,0,0.074458
13/05/2025,01:00:00,0.000321,0.074067,0,0.074388
13/05/2025,02:00:00,0.000313,0.074005,0,0.074318
13/05/2025,03:00:00,0.000304,0.073943,0,0.074247
13/05/2025,04:00:00,0.000296,0.073882,0,0.074178
13/05/2025,05:00:00,0.000288,0.07382,0,0.074108
13/05/2025,06:00:00,0.00028,0.073759,0,0.074039
13/05/2025,07:00:00,0.000272,0.073697,0,0.073969
13/05/2025,08:00:00,0.000265,0.073636,0,0.073901
13/05/2025,09:00:00,0.000257,0.073574,0,0.073831
13/05/2025,10:00:00,0.00025,0.073513,0,0.073763
13/05/2025,11:00:00,0.000243,0.073452,0,0.073695
13/05/2025,12:00:00,0.000237,0.073391,0,0.073628
13/05/2025,13:00:00,0.00023,0.07333,0,0.07356
13/05/2025,14:00:00,0.000224,0.073268,0,0.073492
13/05/2025,15:00:00,0.000218,0.073207,0,0.073425
13/05/2025,16:00:00,0.000212,0.073146,0,0.073358
13/05/2025,17:00:00,0.000206,0.073086,0,0.073292
13/05/2025,18:00:00,0.0002,0.073025,0,0.073225
13/05/2025,19:00:00,0.000195,0.072964,0,0.073159
13/05/2025,20:00:00,0.00019,0.072903,0,0.073093
13/05/2025,21:00:00,0.000184,0.072842,0,0.073026
13/05/2025,22:00:00,0.000179,0.072782,0,0.072961
13/05/2025,23:00:00,0.000174,0.072721,0,0.072895
14/05/2025,00:00:00,0.00017,0.07266,0,0.07283
14/05/2025,01:00:00,0.000165,0.0726,0,0.072765
14/05/2025,02:00:00,0.00016,0.072539,0,0.072699
14/05/2025,03:00:00,0.000156,0.072479,0,0.072635
14/05/2025,04:00:00,0.000152,0.072419,0,0.072571
14/05/2025,05:00:00,0.000148,0.072358,0,0.072506
14/05/2025,06:00:00,0.000144,0.072298,0,0.072442
14/05/2025,07:00:00,0.00014,0.072238,0,0.072378
14/05/2025,08:00:00,0.000136,0.072178,0,0.072314
14/05/2025,09:00:00,0.000132,0.072118,0,0.07225
14/05/2025,10:00:00,0.000128,0.072057,0,0.072185
14/05/2025,11:00:00,0.000125,0.071997,0,0.072122
14/05/2025,12:00:00,0.000122,0.071937,0,0.072059
14/05/2025,13:00:00,0.000118,0.071878,0,0.071996
14/05/2025,14:00:00,0.000115,0.071818,0,0.071933
14/05/2025,15:00:00,0.000112,0.071758,0,0.07187
14/05/2025,16:00:00,0.000109,0.071698,0,0.071807
14/05/2025,17:00:00,0.000106,0.071638,0,0.071744
14/05/2025,18:00:00,0.000103,0.071579,0,0.071682
14/05/2025,19:00:00,0.0001,0.071519,0,0.071619
14/05/2025,20:00:00,0.000097,0.071459,0,0.071556
14/05/2025,21:00:00,0.000095,0.0714,0,0.071495
14/05/2025,22:00:00,0.000092,0.07134,0,0.071432
14/05/2025,23:00:00,0.00009,0.071281,0,0.071371
15/05/2025,00:00:00,0.000087,0.071222,0,0.071309
15/05/2025,01:00:00,0.000085,0.071162,0,0.071247
15/05/2025,02:00:00,0.000082,0.071103,0,0.071185
15/05/2025,03:00:00,0.00008,0.071044,0,0.071124
15/05/2025,04:00:00,0.000078,0.070985,0,0.071063
15/05/2025,05:00:00,0.000076,0.070926,0,0.071002
15/05/2025,06:00:00,0.000074,0.070866,0,0.07094
15/05/2025,07:00:00,0.000072,0.070807,0,0.070879
15/05/2025,08:00:00,0.00007,0.070748,0,0.070818
15/05/2025,09:00:00,0.000068,0.070689,0,0.070757
15/05/2025,10:00:00,0.000066,0.070631,0,0.070697
15/05/2025,11:00:00,0.000064,0.070572,0,0.070636
15/05/2025,12:00:00,0.000062,0.070513,0,0.070575
15/05/2025,13:00:00,0.000061,0.070454,0,0.070515
15/05/2025,14:00:00,0.000059,0.070396,0,0.070455
15/05/2025,15:00:00,0.000057,0.070337,0,0.070394
15/05/2025,16:00:00,0.000056,0.070278,0,0.070334
15/05/2025,17:00:00,0.000054,0.07022,0,0.070274
15/05/2025,18:00:00,0.000053,0.070161,0,0.070214
15/05/2025,19:00:00,0.000051,0.070103,0,0.070154
15/05/2025,20:00:00,0.00005,0.070044,0,0.070094
15/05/2025,21:00:00,0.000049,0.069986,0,0.070035
15/05/2025,22:00:00,0.000047,0.069928,0,0.069975
15/05/2025,23:00:00,0.000046,0.06987,0,0.069916
16/05/2025,00:00:00,0.000045,0.069811,0,0.069856
16/05/2025,01:00:00,0.000043,0.069753,0,0.069796
16/05/2025,02:00:00,0.000042,0.069695,0,0.069737
16/05/2025,03:00:00,0.000041,0.069637,0,0.069678
16/05/2025,04:00:00,0.00004,0.069579,0,0.069619
16/05/2025,05:00:00,0.000039,0.069521,0,0.06956
16/05/2025,06:00:00,0.000038,0.069463,0,0.069501
16/05/2025,07:00:00,0.000037,0.069405,0,0.069442
16/05/2025,08:00:00,0.000036,0.069348,0,0.069384
16/05/2025,09:00:00,0.000035,0.06929,0,0.069325
16/05/2025,10:00:00,0.000034,0.069232,0,0.069266
16/05/2025,11:00:00,0.000033,0.069174,0,0.069207
16/05/2025,12:00:00,0.000032,0.069117,0,0.069149
16/05/2025,13:00:00,0.000031,0.069059,0,0.06909
16/05/2025,14:00:00,0.00003,0.069002,0,0.069032
16/05/2025,15:00:00,0.000029,0.068944,0,0.068973
16/05/2025,16:00:00,0.000029,0.068887,0,0.068916
16/05/2025,17:00:00,0.000028,0.068829,0,0.068857
16/05/2025,18:00:00,0.000027,0.068772,0,0.068799
16/05/2025,19:00:00,0.000026,0.068715,0,0.068741
16/05/2025,20:00:00,0.000026,0.068657,0,0.068683
16/05/2025,21:00:00,0.000025,0.0686,0,0.068625
16/05/2025,22:00:00,0.000024,0.068543,0,0.068567
16/05/2025,23:00:00,0.000024,0.068486,0,0.06851
17/05/2025,00:00:00,0.000023,0.068429,0,0.068452
17/05/2025,01:00:00,0.000022,0.068372,0,0.068394
17/05/2025,02:00:00,0.000022,0.068315,0,0.068337
17/05/2025,03:00:00,0.000021,0.068258,0,0.068279
17/05/2025,04:00:00,0.000021,0.068201,0,0.068222
17/05/2025,05:00:00,0.00002,0.068144,0,0.068164
17/05/2025,06:00:00,0.000019,0.068088,0,0.068107
17/05/2025,07:00:00,0.000019,0.068031,0,0.06805
17/05/2025,08:00:00,0.000018,0.067974,0,0.067992
17/05/2025,09:00:00,0.000018,0.067918,0,0.067936
17/05/2025,10:00:00,0.000017,0.067861,0,0.067878
17/05/2025,11:00:00,0.000017,0.067805,0,0.067822
17/05/2025,12:00:00,0.000016,0.067748,0,0.067764
17/05/2025,13:00:00,0.000016,0.067692,0,0.067708
17/05/2025,14:00:00,0.000016,0.067635,0,0.067651
17/05/2025,15:00:00,0.000015,0.067579,0,0.067594
17/05/2025,16:00:00,0.000015,0.067523,0,0.067538
17/05/2025,17:00:00,0.000014,0.067466,0,0.06748
17/05/2025,18:00:00,0.000014,0.06741,0,0.067424
17/05/2025,19:00:00,0.000014,0.067354,0,0.067368
17/05/2025,20:00:00,0.000013,0.067298,0,0.067311
17/05/2025,21:00:00,0.000013,0.067242,0,0.067255
17/05/2025,22:00:00,0.000012,0.067186,0,0.067198
17/05/2025,23:00:00,0.000012,0.06713,0,0.067142
18/05/2025,00:00:00,0.000012,0.067074,0,0.067086
18/05/2025,01:00:00,0.000011,0.067018,0,0.067029
18/05/2025,02:00:00,0.000011,0.066962,0,0.066973
18/05/2025,03:00:00,0.000011,0.066907,0,0.066918
18/05/2025,04:00:00,0.000011,0.066851,0,0.066862
18/05/2025,05:00:00,0.00001,0.066795,0,0.066805
18/05/2025,06:00:00,0.00001,0.066739,0,0.066749
18/05/2025,07:00:00,0.00001,0.066684,0,0.066694
18/05/2025,08:00:00,0.000009,0.066628,0,0.066637
18/05/2025,09:00:00,0.000009,0.066573,0,0.066582
18/05/2025,10:00:00,0.000009,0.066517,0,0.066526
18/05/2025,11:00:00,0.000009,0.066462,0,0.066471
18/05/2025,12:00:00,0.000008,0.066407,0,0.066415
18/05/2025,13:00:00,0.000008,0.066351,0,0.066359
18/05/2025,14:00:00,0.000008,0.066296,0,0.066304
18/05/2025,15:00:00,0.000008,0.066241,0,0.066249
18/05/2025,16:00:00,0.000008,0.066186,0,0.066194
18/05/2025,17:00:00,0.000007,0.066131,0,0.066138
18/05/2025,18:00:00,0.000007,0.066075,0,0.066082
18/05/2025,19:00:00,0.000007,0.06602,0,0.066027
18/05/2025,20:00:00,0.000007,0.065965,0,0.065972
18/05/2025,21:00:00,0.000007,0.06591,0,0.065917
18/05/2025,22:00:00,0.000006,0.065856,0,0.065862
18/05/2025,23:00:00,0.000006,0.065801,0,0.065807
19/05/2025,00:00:00,0.000006,0.065746,0,0.065752
19/05/2025,01:00:00,0.000006,0.065691,0,0.065697
19/05/2025,02:00:00,0.000006,0.065636,0,0.065642
19/05/2025,03:00:00,0.000006,0.065582,0,0.065588
19/05/2025,04:00:00,0.000005,0.065527,0,0.065532
19/05/2025,05:00:00,0.000005,0.065472,0,0.065477
19/05/2025,06:00:00,0.000005,0.065418,0,0.065423
19/05/2025,07:00:00,0.000005,0.065363,0,0.065368
19/05/2025,08:00:00,0.000005,0.065309,0,0.065314
19/05/2025,09:00:00,0.000005,0.065255,0,0.06526
19/05/2025,10:00:00,0.000005,0.0652,0,0.065205
19/05/2025,11:00:00,0.000004,0.065146,0,0.06515
19/05/2025,12:00:00,0.000004,0.065092,0,0.065096
19/05/2025,13:00:00,0.000004,0.065037,0,0.065041
19/05/2025,14:00:00,0.000004,0.064983,0,0.064987
19/05/2025,15:00:00,0.000004,0.064929,0,0.064933
19/05/2025,16:00:00,0.000004,0.064875,0,0.064879
19/05/2025,17:00:00,0.000004,0.064821,0,0.064825
19/05/2025,18:00:00,0.000004,0.064767,0,0.064771
19/05/2025,19:00:00,0.000004,0.064713,0,0.064717
19/05/2025,20:00:00,0.000003,0.064659,0,0.064662
19/05/2025,21:00:00,0.000003,0.064605,0,0.064608
19/05/2025,22:00:00,0.000003,0.064552,0,0.064555
19/05/2025,23:00:00,0.000003,0.064498,0,0.064501
20/05/2025,00:00:00,0.000003,0.064444,0,0.064447
20/05/2025,01:00:00,0.000003,0.06439,0,0.064393
20/05/2025,02:00:00,0.000003,0.064337,0,0.06434
20/05/2025,03:00:00,0.000003,0.064283,0,0.064286
20/05/2025,04:00:00,0.000003,0.06423,0,0.064233
20/05/2025,05:00:00,0.000003,0.064176,0,0.064179
20/05/2025,06:00:00,0.000003,0.064123,0,0.064126
20/05/2025,07:00:00,0.000003,0.064069,0,0.064072
20/05/2025,08:00:00,0.000002,0.064016,0,0.064018
20/05/2025,09:00:00,0.000002,0.063962,0,0.063964
20/05/2025,10:00:00,0.000002,0.063909,0,0.063911
20/05/2025,11:00:00,0.000002,0.063856,0,0.063858
20/05/2025,12:00:00,0.000002,0.063803,0,0.063805
20/05/2025,13:00:00,0.000002,0.06375,0,0.063752
20/05/2025,14:00:00,0.000002,0.063697,0,0.063699
20/05/2025,15:00:00,0.000002,0.063643,0,0.063645
20/05/2025,16:00:00,0.000002,0.06359,0,0.063592
20/05/2025,17:00:00,0.000002,0.063538,0,0.06354
20/05/2025,18:00:00,0.000002,0.063485,0,0.063487
20/05/2025,19:00:00,0.000002,0.063432,0,0.063434
20/05/2025,20:00:00,0.000002,0.063379,0,0.063381
20/05/2025,21:00:00,0.000002,0.063326,0,0.063328
20/05/2025,22:00:00,0.000002,0.063273,0,0.063275
20/05/2025,23:00:00,0.000002,0.063221,0,0.063223
21/05/2025,00:00:00,0.000002,0.063168,0,0.06317
21/05/2025,01:00:00,0.000002,0.063115,0,0.063117
21/05/2025,02:00:00,0.000002,0.063063,0,0.063065
21/05/2025,03:00:00,0.000001,0.06301,0,0.063011
21/05/2025,04:00:00,0.000001,0.062958,0,0.062959
21/05/2025,05:00:00,0.000001,0.062905,0,0.062906
21/05/2025,06:00:00,0.000001,0.062853,0,0.062854
21/05/2025,07:00:00,0.000001,0.062801,0,0.062802
21/05/2025,08:00:00,0.000001,0.062748,0,0.062749
21/05/2025,09:00:00,0.000001,0.062696,0,0.062697
21/05/2025,10:00:00,0.000001,0.062644,0,0.062645
21/05/2025,11:00:00,0.000001,0.062592,0,0.062593
21/05/2025,12:00:00,0.000001,0.062539,0,0.06254
21/05/2025,13:00:00,0.000001,0.062487,0,0.062488
21/05/2025,14:00:00,0.000001,0.062435,0,0.062436
21/05/2025,15:00:00,0.000001,0.062383,0,0.062384
21/05/2025,16:00:00,0.000001,0.062331,0,0.062332
21/05/2025,17:00:00,0.000001,0.062279,0,0.06228
21/05/2025,18:00:00,0.000001,0.062227,0,0.062228
21/05/2025,19:00:00,0.000001,0.062176,0,0.062177
21/05/2025,20:00:00,0.000001,0.062124,0,0.062125
21/05/2025,21:00:00,0.000001,0.062072,0,0.062073
21/05/2025,22:00:00,0.000001,0.06202,0,0.062021
21/05/2025,23:00:00,0.000001,0.061969,0,0.06197
22/05/2025,00:00:00,0.000001,0.061917,0,0.061918
22/05/2025,01:00:00,0.000001,0.061866,0,0.061867
22/05/2025,02:00:00,0.000001,0.061814,0,0.061815
22/05/2025,03:00:00,0.000001,0.061763,0,0.061764
22/05/2025,04:00:00,0.000001,0.061711,0,0.061712
22/05/2025,05:00:00,0.000001,0.06166,0,0.061661
22/05/2025,06:00:00,0.000001,0.061608,0,0.061609
22/05/2025,07:00:00,0.000001,0.061557,0,0.061558
22/05/2025,08:00:00,0.000001,0.061506,0,0.061507
22/05/2025,09:00:00,0.000001,0.061454,0,0.061455
22/05/2025,10:00:00,0.000001,0.061403,0,0.061404
22/05/2025,11:00:00,0.000001,0.061352,0,0.061353
22/05/2025,12:00:00,0.000001,0.061301,0,0.061302
22/05/2025,13:00:00,0.000001,0.06125,0,0.061251
22/05/2025,14:00:00,0.000001,0.061199,0,0.0612
22/05/2025,15:00:00,0.000001,0.061148,0,0.061149
22/05/2025,16:00:00,0.000001,0.061097,0,0.061098
22/05/2025,17:00:00,0.000001,0.061046,0,0.061047
22/05/2025,18:00:00,0,0.060995,0,0.060995
22/05/2025,19:00:00,0,0.060944,0,0.060944
22/05/2025,20:00:00,0,0.060894,0,0.060894
22/05/2025,21:00:00,0,0.060843,0,0.060843
22/05/2025,22:00:00,0,0.060792,0,0.060792
22/05/2025,23:00:00,0,0.060742,0,0.060742
23/05/2025,00:00:00,0,0.060691,0,0.060691
23/05/2025,01:00:00,0,0.060641,0,0.060641
23/05/2025,02:00:00,0,0.06059,0,0.06059
23/05/2025,03:00:00,0,0.06054,0,0.06054
23/05/2025,04:00:00,0,0.060489,0.028491,0.060489
23/05/2025,05:00:00,0,0.060439,0.001431,0.060439
23/05/2025,06:00:00,0,0.060388,0.038147,0.060388
23/05/2025,07:00:00,0,0.060338,0.001907,0.060338
23/05/2025,08:00:00,0,0.060288,0,0.060288
23/05/2025,09:00:00,0,0.060238,0,0.060238
23/05/2025,10:00:00,0,0.060187,0,0.060187
23/05/2025,11:00:00,0,0.060137,0,0.060137
23/05/2025,12:00:00,0,0.060087,0,0.060087
23/05/2025,13:00:00,0,0.060037,0,0.060037
23/05/2025,14:00:00,0,0.059987,0,0.059987
23/05/2025,15:00:00,0,0.059937,0,0.059937
23/05/2025,16:00:00,0,0.059887,0,0.059887
23/05/2025,17:00:00,0,0.059837,0,0.059837
23/05/2025,18:00:00,0,0.059788,0,0.059788
23/05/2025,19:00:00,0,0.059738,0,0.059738
23/05/2025,20:00:00,0,0.059688,0,0.059688
23/05/2025,21:00:00,0,0.059638,0,0.059638
23/05/2025,22:00:00,0,0.059589,0,0.059589
23/05/2025,23:00:00,0,0.059539,0,0.059539
24/05/2025,00:00:00,0,0.059489,0,0.059489
24/05/2025,01:00:00,0,0.05944,0,0.05944
24/05/2025,02:00:00,0,0.05939,0,0.05939
24/05/2025,03:00:00,0,0.059341,0,0.059341
24/05/2025,04:00:00,0,0.059291,0,0.059291
24/05/2025,05:00:00,0,0.059242,0,0.059242
24/05/2025,06:00:00,0,0.059193,0,0.059193
24/05/2025,07:00:00,0,0.059143,0,0.059143
24/05/2025,08:00:00,0,0.059094,0,0.059094
24/05/2025,09:00:00,0,0.059045,0.199795,0.059045
24/05/2025,10:00:00,0,0.058996,0.885606,0.058996
24/05/2025,11:00:00,0,0.058946,2.908826,0.058946
24/05/2025,12:00:00,0,0.058897,1.049757,0.058897
24/05/2025,13:00:00,0,0.058848,0.693083,0.058848
24/05/2025,14:00:00,0,0.058799,0.651479,0.058799
24/05/2025,15:00:00,0,0.05875,0.059962,0.05875
24/05/2025,16:00:00,0,0.058701,0.087142,0.058701
24/05/2025,17:00:00,0,0.058653,0.032902,0.058653
24/05/2025,18:00:00,0,0.058604,0.001431,0.058604
24/05/2025,19:00:00,0,0.058555,0,0.058555
24/05/2025,20:00:00,0,0.058506,0,0.058506
24/05/2025,21:00:00,0,0.058457,0,0.058457
24/05/2025,22:00:00,0,0.058409,0,0.058409
24/05/2025,23:00:00,0,0.05836,0,0.05836
25/05/2025,00:00:00,0,0.058311,0,0.058311
25/05/2025,01:00:00,0.021921,0.058429,0,0.08035
25/05/2025,02:00:00,0.143259,0.059308,0,0.202567
25/05/2025,03:00:00,0.559117,0.062449,0,0.621566
25/05/2025,04:00:00,0.69058,0.063513,0.523329,0.754093
25/05/2025,05:00:00,0.765548,0.064174,0.102878,0.829722
25/05/2025,06:00:00,0.832081,0.064785,0.546217,0.896866
25/05/2025,07:00:00,0.809285,0.064731,0.027657,0.874016
25/05/2025,08:00:00,0.790116,0.0647,0.247359,0.854816
25/05/2025,09:00:00,0.768471,0.064646,0.012636,0.833117
25/05/2025,10:00:00,0.747418,0.064593,0,0.812011
25/05/2025,11:00:00,0.726942,0.064539,0,0.791481
25/05/2025,12:00:00,0.707027,0.064485,0,0.771512
25/05/2025,13:00:00,0.687658,0.064431,0,0.752089
25/05/2025,14:00:00,0.668819,0.064378,0.190258,0.733197
25/05/2025,15:00:00,0.650496,0.064324,0.266671,0.71482
25/05/2025,16:00:00,0.632676,0.06427,0.089169,0.696946
25/05/2025,17:00:00,0.615343,0.064217,0.003815,0.67956
25/05/2025,18:00:00,0.598486,0.064163,0,0.662649
25/05/2025,19:00:00,0.58209,0.06411,0,0.6462
25/05/2025,20:00:00,0.630511,0.064546,0,0.695057
25/05/2025,21:00:00,0.615133,0.064507,0,0.67964
25/05/2025,22:00:00,0.665854,0.064966,0,0.73082
25/05/2025,23:00:00,0.647613,0.064912,0,0.712525
26/05/2025,00:00:00,0.652833,0.065033,0,0.717866
26/05/2025,01:00:00,0.634948,0.064979,0,0.699927
26/05/2025,02:00:00,0.617553,0.064924,0,0.682477
26/05/2025,03:00:00,0.600635,0.06487,0,0.665505
26/05/2025,04:00:00,0.58418,0.064816,0,0.648996
26/05/2025,05:00:00,0.568176,0.064762,0,0.632938
26/05/2025,06:00:00,0.56626,0.064812,0,0.631072
26/05/2025,07:00:00,0.57558,0.064947,0,0.640527
26/05/2025,08:00:00,0.559812,0.064893,0,0.624705
26/05/2025,09:00:00,0.544476,0.064839,0,0.609315
26/05/2025,10:00:00,0.52956,0.064785,0,0.594345
26/05/2025,11:00:00,0.515052,0.064731,0,0.579783
26/05/2025,12:00:00,0.500942,0.064677,0,0.565619
26/05/2025,13:00:00,0.487218,0.064623,0,0.551841
26/05/2025,14:00:00,0.473871,0.064569,0,0.53844
26/05/2025,15:00:00,0.460889,0.064515,0,0.525404
26/05/2025,16:00:00,0.448263,0.064462,0,0.512725
26/05/2025,17:00:00,0.435982,0.064408,0,0.50039
26/05/2025,18:00:00,0.424038,0.064354,0,0.488392
26/05/2025,19:00:00,0.412421,0.064301,0,0.476722
26/05/2025,20:00:00,0.401123,0.064247,0,0.46537
26/05/2025,21:00:00,0.390134,0.064194,0,0.454328
26/05/2025,22:00:00,0.379446,0.06414,0,0.443586
26/05/2025,23:00:00,0.369051,0.064087,0,0.433138
27/05/2025,00:00:00,0.358941,0.064033,0.352144,0.422974
27/05/2025,01:00:00,0.349107,0.06398,0.312924,0.413087
27/05/2025,02:00:00,0.339543,0.063927,0.01502,0.40347
27/05/2025,03:00:00,0.330241,0.063873,0,0.394114
27/05/2025,04:00:00,0.321194,0.06382,0,0.385014
27/05/2025,05:00:00,0.312395,0.063767,0.133157,0.376162
27/05/2025,06:00:00,0.303837,0.063714,0.006795,0.367551
27/05/2025,07:00:00,0.295513,0.063661,0,0.359174
27/05/2025,08:00:00,0.287417,0.063608,0,0.351025
27/05/2025,09:00:00,0.279543,0.063555,0,0.343098
27/05/2025,10:00:00,0.271885,0.063502,0,0.335387
27/05/2025,11:00:00,0.264437,0.063449,0,0.327886
27/05/2025,12:00:00,0.257192,0.063396,0,0.320588
27/05/2025,13:00:00,0.250146,0.063343,0,0.313489
27/05/2025,14:00:00,0.243293,0.063291,1.988769,0.306584
27/05/2025,15:00:00,0.236628,0.063238,2.423048,0.299866
27/05/2025,16:00:00,0.27668,0.063539,1.688242,0.340219
27/05/2025,17:00:00,0.309593,0.063794,3.515124,0.373387
27/05/2025,18:00:00,0.301112,0.063741,4.704237,0.364853
27/05/2025,19:00:00,0.292863,0.063688,0.268579,0.356551
27/05/2025,20:00:00,0.28484,0.063635,0.002027,0.348475
27/05/2025,21:00:00,0.289832,0.063679,0,0.353511
27/05/2025,22:00:00,0.281892,0.063626,0.104666,0.345518
27/05/2025,23:00:00,0.27417,0.063573,0.281215,0.337743
28/05/2025,00:00:00,0.266659,0.06352,0.175834,0.330179
28/05/2025,01:00:00,0.259353,0.063467,0.008225,0.32282
28/05/2025,02:00:00,0.252248,0.063414,0.15223,0.315662
28/05/2025,03:00:00,0.245338,0.063361,0.007749,0.308699
28/05/2025,04:00:00,0.238617,0.063308,0,0.301925
28/05/2025,05:00:00,0.23208,0.063256,0,0.295336
28/05/2025,06:00:00,0.509186,0.065358,0,0.574544
28/05/2025,07:00:00,0.844465,0.067958,0,0.912423
28/05/2025,08:00:00,1.06262,0.069736,0,1.132356
28/05/2025,09:00:00,1.550453,0.073607,2.131581,1.62406
28/05/2025,10:00:00,2.210926,0.078889,0.869751,2.289815
28/05/2025,11:00:00,2.17969,0.079046,0.038743,2.258736
28/05/2025,12:00:00,2.119976,0.07898,0,2.198956
28/05/2025,13:00:00,2.061898,0.078915,0,2.140813
28/05/2025,14:00:00,2.00871,0.078874,0,2.087584
28/05/2025,15:00:00,1.983644,0.079036,0,2.06268
28/05/2025,16:00:00,1.943057,0.079075,0,2.022132
28/05/2025,17:00:00,1.889826,0.079009,0,1.968835
28/05/2025,18:00:00,1.848466,0.079022,0,1.927488
28/05/2025,19:00:00,1.797826,0.078956,0,1.876782
28/05/2025,20:00:00,1.748574,0.078891,0,1.827465
28/05/2025,21:00:00,1.700671,0.078825,0,1.779496
28/05/2025,22:00:00,1.65408,0.078759,0,1.732839
28/05/2025,23:00:00,1.608766,0.078694,0,1.68746
29/05/2025,00:00:00,1.564692,0.078628,0,1.64332
29/05/2025,01:00:00,1.836085,0.080951,0,1.917036
29/05/2025,02:00:00,1.907517,0.081809,0,1.989326
29/05/2025,03:00:00,1.85526,0.081741,0,1.937001
29/05/2025,04:00:00,1.804434,0.081673,0,1.886107
29/05/2025,05:00:00,1.755001,0.081605,0,1.836606
29/05/2025,06:00:00,1.706921,0.081537,0.15223,1.788458
29/05/2025,07:00:00,1.660159,0.081469,0.074387,1.741628
29/05/2025,08:00:00,1.614678,0.081401,0.003338,1.696079
29/05/2025,09:00:00,1.570444,0.081333,0,1.651777
29/05/2025,10:00:00,1.52742,0.081266,0,1.608686
29/05/2025,11:00:00,1.485576,0.081198,0,1.566774
29/05/2025,12:00:00,1.444878,0.08113,0,1.526008
29/05/2025,13:00:00,1.405295,0.081063,0,1.486358
29/05/2025,14:00:00,1.366796,0.080995,0,1.447791
29/05/2025,15:00:00,1.329352,0.080928,0,1.41028
29/05/2025,16:00:00,1.292933,0.08086,0,1.373793
29/05/2025,17:00:00,1.257513,0.080793,0,1.338306
29/05/2025,18:00:00,1.223063,0.080726,0,1.303789
29/05/2025,19:00:00,1.189556,0.080658,0,1.270214
29/05/2025,20:00:00,1.156968,0.080591,0,1.237559
29/05/2025,21:00:00,1.125272,0.080524,0,1.205796
29/05/2025,22:00:00,1.10349,0.080526,0,1.184016
29/05/2025,23:00:00,1.07326,0.080459,0,1.153719
30/05/2025,00:00:00,1.043857,0.080392,0,1.124249
30/05/2025,01:00:00,1.01526,0.080325,0,1.095585
30/05/2025,02:00:00,0.987447,0.080258,0,1.067705
30/05/2025,03:00:00,0.960395,0.080191,0,1.040586
30/05/2025,04:00:00,0.934085,0.080124,0,1.014209
30/05/2025,05:00:00,0.908495,0.080057,0,0.988552
30/05/2025,06:00:00,0.883606,0.079991,0,0.963597
30/05/2025,07:00:00,0.859399,0.079924,0,0.939323
30/05/2025,08:00:00,0.835856,0.079858,0,0.915714
30/05/2025,09:00:00,0.812957,0.079791,0,0.892748
30/05/2025,10:00:00,0.790686,0.079725,0,0.870411
30/05/2025,11:00:00,0.769024,0.079658,0,0.848682
30/05/2025,12:00:00,0.747956,0.079592,0,0.827548
30/05/2025,13:00:00,0.727466,0.079525,0,0.806991
30/05/2025,14:00:00,0.707536,0.079459,0,0.786995
30/05/2025,15:00:00,0.688153,0.079393,0,0.767546
30/05/2025,16:00:00,0.669301,0.079327,0,0.748628
30/05/2025,17:00:00,0.650965,0.079261,0,0.730226
30/05/2025,18:00:00,0.633132,0.079195,0,0.712327
30/05/2025,19:00:00,0.615786,0.079129,0,0.694915
30/05/2025,20:00:00,0.598917,0.079063,0,0.67798
30/05/2025,21:00:00,0.582509,0.078997,0,0.661506
30/05/2025,22:00:00,0.566551,0.078931,0,0.645482
30/05/2025,23:00:00,0.55103,0.078866,0,0.629896
31/05/2025,00:00:00,0.535934,0.0788,0,0.614734
31/05/2025,01:00:00,0.521252,0.078734,0,0.599986
31/05/2025,02:00:00,0.506972,0.078669,0,0.585641
31/05/2025,03:00:00,0.493083,0.078603,0,0.571686
31/05/2025,04:00:00,0.479575,0.078538,0,0.558113
31/05/2025,05:00:00,0.466437,0.078472,0,0.544909
31/05/2025,06:00:00,0.453658,0.078407,0,0.532065
31/05/2025,07:00:00,0.44123,0.078341,0,0.519571
31/05/2025,08:00:00,0.429143,0.078276,0,0.507419
31/05/2025,09:00:00,0.417386,0.078211,0,0.495597
31/05/2025,10:00:00,0.405951,0.078146,0,0.484097
31/05/2025,11:00:00,0.39483,0.078081,0,0.472911
31/05/2025,12:00:00,0.384014,0.078016,0,0.46203
31/05/2025,13:00:00,0.373493,0.077951,0,0.451444
31/05/2025,14:00:00,0.363261,0.077886,0,0.441147
31/05/2025,15:00:00,0.35331,0.077821,0,0.431131
31/05/2025,16:00:00,0.34363,0.077756,0,0.421386
31/05/2025,17:00:00,0.334217,0.077691,0,0.411908
31/05/2025,18:00:00,0.325061,0.077627,0,0.402688
31/05/2025,19:00:00,0.316155,0.077562,0,0.393717
31/05/2025,20:00:00,0.307494,0.077497,0,0.384991
31/05/2025,21:00:00,0.29907,0.077433,0,0.376503
31/05/2025,22:00:00,0.290877,0.077368,0,0.368245
31/05/2025,23:00:00,0.282908,0.077304,0,0.360212
01/06/2025,00:00:00,0.275158,0.077239,0,0.352397
